Workbook
Name Barge: 'Aux - Lists'!$D$5
Name Barge_tanker: 'Aux - Lists'!$E$5
Name Crusher_types_RAP: 'Aux - Lists'!$A$48:$A$49
Name Crusher_types_RCA: 'Aux - Lists'!$A$58:$A$59
Name Electric_component: 'Aux - Lists'!$A$169:$A$170
Name Excavator_Hitachi_ZX1357_160kW: 'Aux - Lists'!$C$146:$C$153
Name Excavator_types: 'Aux - Lists'!$A$145:$A$146
Name Milling_large_scale_project_Wirtgen_W250Fi_753kW: 'Aux - Lists'!$E$135:$E$142
Name Milling_medium_scale_project_Wirtgen_W210XPi_571kW: 'Aux - Lists'!$D$135:$D$142
Name Milling_small_scale_project_Wirtgen_W35Ri_45kW: 'Aux - Lists'!$C$135:$C$142
Name Milling_types: 'Aux - Lists'!$A$134:$A$137
Name Mobile_jaw_crusher_400tph_RAP: 'Aux - Lists'!$C$48:$C$55
Name Mobile_jaw_crusher_400tph_RCA: 'Aux - Lists'!$C$58:$C$65
Name Mobile_screener_500tph_RAP: 'Aux - Lists'!$C$91:$C$98
Name Mobile_screener_500tph_RCA: 'Aux - Lists'!$C$101:$C$108
Name No: 'Aux - Lists'!$B$5
Name No_crusher_RAP: 'Aux - Lists'!$B$48
Name No_crusher_RCA: 'Aux - Lists'!$B$58
Name No_excavator: 'Aux - Lists'!$B$145
Name No_milling_machine: 'Aux - Lists'!$B$134
Name No_paver: 'Aux - Lists'!$B$112
Name No_roller: 'Aux - Lists'!$B$123
Name No_screener_RAP: 'Aux - Lists'!$B$91
Name No_screener_RCA: 'Aux - Lists'!$B$101
Name No_stacker_RAP: 'Aux - Lists'!$B$68
Name No_stacker_RCA: 'Aux - Lists'!$B$80
Name No_sweeper_truck: 'Aux - Lists'!$B$156
Name No_wheel_loader: 'Aux - Lists'!$B$17
Name Paver_large_scale_project_354kW: 'Aux - Lists'!$E$112:$E$119
Name Paver_medium_scale_project_129kW: 'Aux - Lists'!$D$112:$D$119
Name Paver_small_scale_project_25kW: 'Aux - Lists'!$C$112:$C$119
Name Paver_types: 'Aux - Lists'!$A$112:$A$115
Name Roller_large_scale_project_100kW: 'Aux - Lists'!$E$124:$E$131
Name Roller_medium_scale_project_55kW: 'Aux - Lists'!$D$124:$D$131
Name Roller_small_scale_project_30kW: 'Aux - Lists'!$C$124:$C$131
Name Roller_types: 'Aux - Lists'!$A$123:$A$126
Name Screener_types_RAP: 'Aux - Lists'!$A$91:$A$92
Name Screener_types_RCA: 'Aux - Lists'!$A$101:$A$102
Name Ship: 'Aux - Lists'!$F$5
Name Stacker_types_RAP: 'Aux - Lists'!$A$68:$A$69
Name Stacker_types_RCA: 'Aux - Lists'!$A$80:$A$81
Name Sweeper_truck_volvo_186kW: 'Aux - Lists'!$C$157:$C$164
Name Tracked_stacker_500tph_RAP: 'Aux - Lists'!$C$68:$C$75
Name Tracked_stacker_500tph_RCA: 'Aux - Lists'!$C$80:$C$87
Name Train: 'Aux - Lists'!$G$5:$G$6
Name Transport_mode: 'Aux - Lists'!$A$5:$A$10
Name Truck: 'Aux - Lists'!$C$5:$C$13
Name Types_sweeper_truck: 'Aux - Lists'!$A$156:$A$157
Name Wheel_loader_338tph_Komatsu_WA500: 'Aux - Lists'!$C$17:$C$24
Name Wheel_loader_338tph_Komatsu_WA500_RAP: 'Aux - Lists'!$C$28:$C$35
Name Wheel_loader_338tph_Komatsu_WA500_RCA: 'Aux - Lists'!$C$38:$C$45
Name Wheel_loader_types: 'Aux - Lists'!$A$17:$A$18
Name Wheel_loader_types_RAP: 'Aux - Lists'!$A$28:$A$29
Name Wheel_loader_types_RCA: 'Aux - Lists'!$A$38:$A$39
Name Yes: 'Aux - Lists'!$B$169:$B$170

Sheet ReadMe
A2: This LCA-based tool has been developed by the University of Antwerp as part of the PIONEERS (Portable Innovation Open Network for Efficiency and Emissions Reduction Solutions) project using funding from the European Union’s Horizon 2020 research and innovation programme under Grant Agreement 101037564.
A4: https://pioneers-ports.eu/
A5: https://cordis.europa.eu/project/id/101037564
A12: Use of this spreadsheet is restricted to consortium partners during the duration of the project only (from Oct 1, 2021 to Sep 30, 2026). This spreadsheet contains confidential information that falls under the regulations of the collaboration agreement of the PIONEERS project.
A15: Version 2.1 (released date: March 31, 2025)
A17: For more information and access, contact the Sustainable Pavements and Asphalt Research (SuPAR) group at the University of Antwerp.

Sheet Input
A1: Data collection form for LCA-based tool
A4: 1. General Information | C4: Example
A5: Date | B5: 45747 | C5: 45747
A6: Mixture ID | B6: 2221 | C6: 2221
A7: Mixture type (SB250) | C7: APO-A
A8: Mixture type (EN 13108) | C8: AC 20 base 70/100
A9: Total binder cotent (by weight of mix) | B9: 0.043 | C9: 0.043
A10: Asphalt binder replacement | B10: =(B9-B39)/B9 -> 0.53488372
A13: 2. Mixture Production
A14: Asphalt plant location (city/town) | B14: Locatie A
A15: Plant type | B15: Batch with parallel drum
A16: Average hour plant production (t/h) | B16: 180
A17: Asphalt plant: primary energy source type for heating and drying | B17: Natural_gas | C17: 0.8 | D17: =IF(AND(C17 + C18 = 100%, OR(B18 <> "No", C18 = 0%)), "Correct", IF(B18 = "No", "Error", "Error: Check %")) -> Correct
A18: Asphalt plant: secondary energy source type for heating and drying | B18: Electricity | C18: 0.2
A19: Asphalt plant: electric components | B19: Yes | C19: Electricity | D19: =IF(OR(AND(B19="Yes", C19<>"No"), AND(B19="No",C19="No")), "Correct", "Error") -> Correct
A20: Secondary energy source for asphalt plant operation & percentage | B20: No
A21: Mixture production temperature range (°C) | B21: 155⁰C - 185⁰C
A22: Mixture bulk density (SVM) (kg/m3) | B22: 2400
A23: Annual average daily temperature of production location (°C) | B23: 11.2
B25: Type | C25: Energy source
A26: Asphalt mix loading operation | B26: Wheel_loader_338tph_Komatsu_WA500 | C26: Diesel | D26: =IF(OR(AND(B26="No_wheel_loader", C26<>"No"), AND(C26="No", B26<>"No_wheel_loader")), "Error", "") | U26: =IF(OR(AND(B26="No_wheel_loader", C26<>"No"), AND(C26="No", B26<>"No_wheel_loader")), 1, 0) -> 0
A29: 3. Layer Specifications
A30: Layer | B30: Thickness (mm) | C30: Mass per FU (ton/m2)
A31: Wearing Course 1 | B31: 80 | C31: =($B$22/1000)*($B$31/1000) -> 0.192
A34: 4. Mixture Components and Transporation Distances
A35: - For virgin binder, enter the location and transportation mode and distance from the refinery - For aggregate and filler, enter the location and transportation mode and distance from the quarry - For waste, enter the location and transportation mode and distance from the processing plant - For additives, enter the location and transportation mode and distance from the factory
A36: Mixture Components | B36: % (by weight of mixture) | C36: Type | D36: Biogenic origin - type | E36: % Biogenic content (by weight of product) | F36: Biogenic status | G36: Stockpile covered? | H36: Transportation distance (km) from point of extraction to asphalt plant and fuel type
H37: Location (city/town) | I37: Transport status | J37: Route 1 | M37: Route 2 | P37: Route 3
J38: Mode of transport | K38: Energy source | L38: Distance (km) | M38: Mode of transport | N38: Energy source | O38: Distance (km) | P38: Mode of transport | Q38: Energy source | R38: Distance (km) | T38: List | U38: Check
A39: Virgin binder | B39: 0.02 | C39: Conventional_Bitumen | D39: Binder_bio | E39: 0.1 | F39: =IF(AND(D39="No",E39>0), "Check biogenic content","Correct") -> Correct | H39: Antwerp | I39: =IF($B39=0%,"Do not fill Transport", "Fill Transport") -> Fill Transport | J39: Truck | K39: Diesel_Euro6 | L39: 20 | M39: No | N39: No | O39: 0 | P39: No | Q39: No | R39: 0 | U39: =+IF(B39>0,IF(K39="No",1,IF(SUM(L39,O39,R39)>0,0,2)),0) -> 0
A40: Virgin crushed coarse aggregate 1 (>2 mm) | B40: 0 | G40: No | H40: Bremanger | I40: =IF($B40=0%,"Do not fill Transport", "Fill Transport") -> Do not fill Transport | J40: No | K40: No | L40: 0 | M40: No | N40: No | O40: 0 | P40: No | Q40: No | R40: 0 | U40: =+IF(B40>0,IF(K40="No",1,IF(SUM(L40,O40,R40)>0,0,2)),0) -> 0
A41: Virgin crushed coarse aggregate 2 (>2 mm) | B41: 0.2 | G41: No | I41: =IF($B41=0%,"Do not fill Transport", "Fill Transport") -> Fill Transport | J41: Ship | K41: Heavy_fuel_oil | L41: 40 | M41: Ship | N41: Heavy_fuel_oil | O41: 40 | P41: No | Q41: No | R41: 0 | U41: =+IF(B41>0,IF(K41="No",1,IF(SUM(L41,O41,R41)>0,0,2)),0) -> 0
A42: Virgin crushed coarse aggregate 3 (>2 mm) | B42: 0.1 | G42: Yes | I42: =IF($B42=0%,"Do not fill Transport", "Fill Transport") -> Fill Transport | J42: Ship | K42: Heavy_fuel_oil | L42: 40 | M42: Ship | N42: Heavy_fuel_oil | O42: 40 | P42: Ship | Q42: Heavy_fuel_oil | R42: 40 | U42: =+IF(B42>0,IF(K42="No",1,IF(SUM(L42,O42,R42)>0,0,2)),0) -> 0
A43: Virgin crushed fine aggregate 1 (≤2 mm) | B43: 0.06 | G43: No | H43: Gaurain-Ramecroix | I43: =IF($B43=0%,"Do not fill Transport", "Fill Transport") -> Fill Transport | J43: Truck | K43: Diesel_Euro5 | L43: 22 | M43: No | N43: No | O43: 0 | P43: No | Q43: No | R43: 0 | U43: =+IF(B43>0,IF(K43="No",1,IF(SUM(L43,O43,R43)>0,0,2)),0) -> 0
A44: Virgin crushed fine aggregate 2 (≤2 mm) | B44: 0 | G44: No | I44: =IF($B44=0%,"Do not fill Transport", "Fill Transport") -> Do not fill Transport | J44: No | K44: No | L44: 0 | M44: No | N44: No | O44: 0 | P44: No | Q44: No | R44: 0 | U44: =+IF(B44>0,IF(K44="No",1,IF(SUM(L44,O44,R44)>0,0,2)),0) -> 0
A45: Virgin crushed fine aggregate 3 (≤2 mm) | B45: 0.03 | G45: Yes | I45: =IF($B45=0%,"Do not fill Transport", "Fill Transport") -> Fill Transport | J45: Truck | K45: Diesel_Euro5 | L45: 40 | M45: Truck | N45: Diesel_Euro5 | O45: 40 | P45: Truck | Q45: Diesel_Euro5 | R45: 40 | U45: =+IF(B45>0,IF(K45="No",1,IF(SUM(L45,O45,R45)>0,0,2)),0) -> 0
A46: Virgin natural fine aggregate 1 (≤2 mm) | B46: 0.02 | G46: No | H46: Schelde | I46: =IF($B46=0%,"Do not fill Transport", "Fill Transport") -> Fill Transport | J46: Train | K46: Electric | L46: 22 | M46: Train | N46: Diesel | O46: 30 | P46: Train | Q46: Diesel | R46: 30 | U46: =+IF(B46>0,IF(K46="No",1,IF(SUM(L46,O46,R46)>0,0,2)),0) -> 0
A47: Virgin natural fine aggregate 2 (≤2 mm) | B47: 0.02 | G47: No | I47: =IF($B47=0%,"Do not fill Transport", "Fill Transport") -> Fill Transport | J47: Train | K47: Diesel | L47: 30 | M47: Train | N47: Diesel | O47: 30 | P47: Train | Q47: Diesel | R47: 30 | U47: =+IF(B47>0,IF(K47="No",1,IF(SUM(L47,O47,R47)>0,0,2)),0) -> 0
A48: Virgin natural fine aggregate 3 (≤2 mm) | B48: 0.02 | G48: Yes | I48: =IF($B48=0%,"Do not fill Transport", "Fill Transport") -> Fill Transport | J48: Train | K48: Diesel | L48: 30 | M48: Train | N48: Diesel | O48: 30 | P48: Train | Q48: Diesel | R48: 30 | U48: =+IF(B48>0,IF(K48="No",1,IF(SUM(L48,O48,R48)>0,0,2)),0) -> 0
A49: Filler 1 | B49: 0.01 | C49: Cement | G49: Yes | H49: Wanssum | I49: =IF($B49=0%,"Do not fill Transport", "Fill Transport") -> Fill Transport | J49: Truck | K49: Biodiesel_4.5% | L49: 20 | M49: No | N49: No | O49: 0 | P49: No | Q49: No | R49: 0 | T49: =+IF(B49>0,IF(C49="No_filler",1,0),0) -> 0 | U49: =+IF(B49>0,IF(K49="No",1,IF(SUM(L49,O49,R49)>0,0,2)),0) -> 0
A50: Filler 2 | B50: 0.01 | C50: Limestone_residue | G50: No | I50: =IF($B50=0%,"Do not fill Transport", "Fill Transport") -> Fill Transport | J50: Truck | K50: Diesel_Euro5 | L50: 23 | M50: Truck | N50: Diesel_Euro6 | O50: 24 | P50: No | Q50: No | R50: 0 | T50: =+IF(B50>0,IF(C50="No_filler",1,0),0) -> 0 | U50: =+IF(B50>0,IF(K50="No",1,IF(SUM(L50,O50,R50)>0,0,2)),0) -> 0
A51: RAP 1 | B51: 0.18 | G51: No | I51: =IF($B51=0%,"Do not fill Transport", "Fill Transport") -> Fill Transport | J51: Truck | K51: Electric | L51: 20 | M51: Truck | N51: Electric | O51: 25 | P51: Truck | Q51: Electric | R51: 30 | U51: =+IF(B51>0,IF(K51="No",1,IF(SUM(L51,O51,R51)>0,0,2)),0) -> 0
A52: RAP 2 | B52: 0.23 | G52: Yes | I52: =IF($B52=0%,"Do not fill Transport", "Fill Transport") -> Fill Transport | J52: Truck | K52: Electric | L52: 20 | M52: Truck | N52: Electric | O52: 25 | P52: Truck | Q52: Electric | R52: 30 | U52: =+IF(B52>0,IF(K52="No",1,IF(SUM(L52,O52,R52)>0,0,2)),0) -> 0
A53: Other_waste 1 | B53: 0.02 | C53: Recycled_plastic | G53: Yes | H53: Schoten | I53: =IF($B53=0%,"Do not fill Transport", "Fill Transport") -> Fill Transport | J53: Truck | K53: Biodiesel_20% | L53: 50 | M53: Truck | N53: Biodiesel_20% | O53: 50 | P53: Truck | Q53: Biodiesel_20% | R53: 50 | T53: =+IF(B53>0,IF(C53="No_other_waste",1,0),0) -> 0 | U53: =+IF(B53>0,IF(K53="No",1,IF(SUM(L53,O53,R53)>0,0,2)),0) -> 0
A54: Other_waste 2 | B54: 0.02 | C54: Steel_slag_aggregate | G54: Yes | I54: =IF($B54=0%,"Do not fill Transport", "Fill Transport") -> Fill Transport | J54: Truck | K54: Diesel_Euro5 | L54: 20 | M54: No | N54: No | O54: 0 | P54: No | Q54: No | R54: 0 | T54: =+IF(B54>0,IF(C54="No_other_waste",1,0),0) -> 0 | U54: =+IF(B54>0,IF(K54="No",1,IF(SUM(L54,O54,R54)>0,0,2)),0) -> 0
A55: Additive 1 | B55: 0.02 | C55: Cellulose_fibres | G55: Yes | H55: Arendonk | I55: =IF($B55=0%,"Do not fill Transport", "Fill Transport") -> Fill Transport | J55: Barge | K55: Diesel | L55: 23 | M55: No | N55: No | O55: 0 | P55: No | Q55: No | R55: 0 | T55: =+IF(B55>0,IF(C55="No_additives",1,0),0) -> 0 | U55: =+IF(B55>0,IF(K55="No",1,IF(SUM(L55,O55,R55)>0,0,2)),0) -> 0
A56: Additive 2 | B56: 0.02 | C56: Rejuvenator_waxy | G56: Yes | I56: =IF($B56=0%,"Do not fill Transport", "Fill Transport") -> Fill Transport | J56: Truck | K56: Diesel_Euro6 | L56: 21 | M56: No | N56: No | O56: 0 | P56: No | Q56: No | R56: 0 | T56: =+IF(B56>0,IF(C56="No_additives",1,0),0) -> 0 | U56: =+IF(B56>0,IF(K56="No",1,IF(SUM(L56,O56,R56)>0,0,2)),0) -> 0
A57: Additive 3 | B57: 0.02 | C57: Cellulose_fibres | G57: Yes | I57: =IF($B57=0%,"Do not fill Transport", "Fill Transport") -> Fill Transport | J57: Truck | K57: Diesel_Euro6 | L57: 24 | M57: No | N57: No | O57: 0 | P57: No | Q57: No | R57: 0 | T57: =+IF(B57>0,IF(C57="No_additives",1,0),0) -> 0 | U57: =+IF(B57>0,IF(K57="No",1,IF(SUM(L57,O57,R57)>0,0,2)),0) -> 0
A58: Total | B58: =SUM(B39:B57) -> 1 | D58: Energy consumption to evaporate water | G58: =+'A3 - Production '!C188 -> 0.32965858 | L58: =IF(U58=0, "Correct", "Error: Fill in all transport information") -> Correct | U58: =+SUM(T39:U57) -> 0
B59: =IF(AND(B58>=99.9%, B58<=100.1%), "Correct", "Error: Percentage weight of Mixture") -> Correct | C59: =+IF(SUM(T39:T57)=0,"Correct","Error: Select material type") -> Correct
A61: 5. Transportation of Asphalt Mix to Site
A62: Mixture Components | B62: Mode of transport | C62: Energy source | D62: Distance (km)
A63: Asphalt mix | B63: Truck | C63: Diesel_Euro5 | D63: 43 | E63: =IF(AND(B63<>"No",D63<=0),"Error","") | U63: =IF(AND(B63<>"No",D63<=0),1,0) -> 0
A65: 6. Construction
A66: Paving width (m) | B66: 3.5
A67: Laydown operation | B67: Type | C67: Energy source
A68: Paving machine 1 | B68: Paver_medium_scale_project_129kW | C68: Diesel | D68: =IF(AND(B68<>"No_paver", C68=""), "Error", "") | U68: =+IF(B68<>"No_paver",IF(C68="No",1,0),0) -> 0
A69: Paving machine 2 | B69: Paver_medium_scale_project_129kW | C69: Diesel | D69: =IF(AND(B69<>"No_paver", C69=""), "Error", "") | U69: =+IF(B69<>"No_paver",IF(C69="No",1,0),0) -> 0
A70: Excavator | B70: No_excavator | C70: No | D70: =IF(AND(B70<>"No_excavator", C70="No"), "Error", "") | U70: =+IF(B70<>"No_excavator",IF(C70="No",1,0),0) -> 0
A72: Compaction operation | B72: Type | C72: Energy source | D72: =IF(AND(B72="No_excavator", C72<>"No"), "Error", "")
A73: Roller 1 | B73: Roller_medium_scale_project_55kW | C73: Diesel | D73: =IF(AND(B73<>"No_roller", C73="No"), "Error", "") | U73: =+IF(B73<>"No_roller",IF(C73="No",1,0),0) -> 0
A74: Roller 2 | B74: Roller_medium_scale_project_55kW | C74: Diesel | D74: =IF(AND(B74<>"No_roller", C74="No"), "Error", "") | U74: =+IF(B74<>"No_roller",IF(C74="No",1,0),0) -> 0
A76: 7. Deconstruction
A77: Milling depth (m) | B77: =+B31/1000 -> 0.08 | C77: =IF(B77>0.35,"Error, milling depth of machines less than 0.35m", "OK") -> OK
A79: Asphalt milling operation | B79: Type | C79: Energy source
A80: Cold milling machine 1 | B80: No_milling_machine | C80: No | D80: =IF(AND(B80<>"No_milling_machine", C80="No"), "Error", "") | U80: =+IF(B80<>"No_milling_machine",IF(C80="No",1,0),0) -> 0
A81: Cold milling machine 2 | B81: No_milling_machine | C81: No | D81: =IF(AND(B81<>"No_milling_machine", C81="No"), "Error", "") | U81: =+IF(B81<>"No_milling_machine",IF(C81="No",1,0),0) -> 0
A82: Sweeper truck | B82: Sweeper_truck_volvo_186kW | C82: Diesel | D82: =IF(AND(B82<>"No_sweeper_truck", C82="No"), "Error", "") | U82: =+IF(B82<>"No_sweeper_truck",IF(C82="No",1,0),0) -> 0
U83: =U26+SUM(U63:U82) -> 0

Sheet Result Dashboard
A1: LCA results for declared unit (cradle-to-gate analysis: A1-A3, D)
A3: General Information
A4: Date | B4: =Input!$B$5 -> 45747 | D4: Impact results (per declared unit)
A5: Mixture ID | B5: =Input!$B$6 -> 2221 | D5: Declared unit | E5: 1 ton of asphalt mixture
A6: Mixture type (SB250) | B6: =Input!$B$7 -> 0 | D6: Total PEF Score | E6: =IF(ABS('Aux - Check'!$B$11)>10^-10,"Error",Results!$M$47) -> 7.6924051 | F6: mpt/ton
A7: Mixture type (EN 13108) | B7: =+Input!B8 -> 0 | D7: Global Warming | E7: =IF(ABS('Aux - Check'!$B$11)>10^-10,"Error",Results!$L$53) -> 69.513812 | F7: kgCO2-eq/ton
A8: Asphalt plant location | B8: =Input!$B$14 -> Locatie A
A9: Mix temperature range | B9: =Input!$B$21 -> 155⁰C - 185⁰C
A10: Total binder (by weight of mix) | B10: =Input!$B$9 -> 0.043
A11: Asphalt binder replacement | B11: =+Input!B10 -> 0.53488372
A12: Bulk density [kg/m3] | B12: =Input!$B$22 -> 2400
A53: LCA results for functional unit (cradle-to-grave analysis: A1-C3, D)
A55: General Information
A56: Date | B56: =Input!$B$5 -> 45747 | D56: Impact results (per funtional unit)
A57: Mixture ID | B57: =Input!$B$6 -> 2221 | D57: Functional unit | E57: =+CONCATENATE("1 m2 (",Input!B31/10,"-cm thick)") -> 1 m2 (8-cm thick)
A58: Mixture type (SB250) | B58: =Input!$B$7 -> 0 | D58: Total PEF Score | E58: =IF(E6="Error","Error",Results!$N$111) -> 1.5740959 | F58: mpt/m2
A59: Mixture type (EN 13108) | B59: =Input!$B$8 -> 0 | D59: Global Warming | E59: =IF(E7="Error","Error",Results!$M$118) -> 14.877773 | F59: kgCO2-eq/m2
A60: Asphalt plant | B60: =Input!$B$14 -> Locatie A
A61: Mix temperature range | B61: =Input!$B$21 -> 155⁰C - 185⁰C
A62: Total binder | B62: =Input!$B$9 -> 0.043
A63: Asphalt binder replacement | B63: =+Input!B10 -> 0.53488372
A64: Bulk density [kg/m3] | B64: =Input!$B$22 -> 2400
A105: LCA results for a modified declared unit (cradle-to-grave analysis: A1-C3, D)
A107: General Information
A108: Date | B108: =Input!$B$5 -> 45747 | D108: Impact results (per ton excl. module D)
A109: Mixture ID | B109: =Input!$B$6 -> 2221 | D109: Declared unit | E109: =+CONCATENATE("1 ton (",Input!B31/10,"-cm thick)") -> 1 ton (8-cm thick)
A110: Mixture type (SB250) | B110: =Input!$B$7 -> 0 | D110: Total PEF Score | E110: =IF(E6="Error","Error",Results!$N$47) -> 8.1984162 | F110: mpt/ton
A111: Mixture type (EN 13108) | B111: =Input!$B$8 -> 0 | D111: Global Warming | E111: =IF(E7="Error","Error",Results!$M$53) -> 77.488402 | F111: kgCO2-eq/ ton
A112: Asphalt plant | B112: =Input!$B$14 -> Locatie A
A113: Mix temperature range | B113: =Input!$B$21 -> 155⁰C - 185⁰C
A114: Total binder | B114: =Input!$B$9 -> 0.043
A115: Asphalt binder replacement | B115: =+Input!$B$10 -> 0.53488372
A116: Bulk density [kg/m3] | B116: =Input!$B$22 -> 2400

Sheet Aux - Check
A2: Check machinery | B2: =+Input!U83 -> 0
A3: Check transportation | B3: =+Input!U58 -> 0
A4: Check sum of primary & secondary equals 100% | B4: =IF(Input!C17 + Input!C18 = 100%,0, 1) -> 0
A5: Check Asphalt plant: electric components | B5: =IF(OR(AND(Input!B19="Yes", Input!C19<>"No"), AND(Input!B19="No",Input!C19="No")), 0, 1) -> 0
A6: Check mix contents adds to 100% | B6: =IF(AND(Input!B58>=99.9%, Input!B58<=100.1%), 0, 1) -> 0
A7: Check asphalt mix components | B7: =IF( COUNTIFS( _xlfn.XLOOKUP(Input!$B$19,'Aux - Lists'!B168:C168,'Aux - Lists'!B169:C170,Input!$C$19), Input!$C$19)=0,1, 0) -> 0
A8: Checks asphalt mix loading operations | B8: =IF(COUNTIFS(_xlfn.XLOOKUP(Input!$B$26,'Aux - Lists'!B16:C16,'Aux - Lists'!B17:C24,Input!$C$26),Input!$C$26)=0,1,0) -> 0
A9: Check Results tab | B9: =+Results!B23+Results!B54+Results!B61+Results!B86+Results!B112+Results!B119+Results!B126+Results!B152+Results!B160 -> 0
A10: Check table results in all life cycle phases | B10: ='A1 - Raw Material Supply'!$B$139+'A1 - Raw Material Supply'!$C$139+'A1 - Raw Material Supply'!$D$139+'C3'' - Secondary Raw Material '!B345+'A2 - Transport'!$B$143+'C2''- Transport Secondary'!B82+'A3 - Production '!$B$230+'A3 - Production '!$C$230+'A4 - Transport'!$B$42+'A5 - Construction'!$B$163+'C1 - Deconstruction'!$B$111+'D- Benefits & Burdens'!$B$213+'D- Benefits & Burdens'!C213 -> -2.8421709e-14
B11: =+SUM(B2:B10) -> -2.8421709e-14

Sheet Results
A1: Environmental impacts per ton of asphalt mix per life cycle stage
A3: Impact Categories | B3: Unit | C3: A1 - Primary Raw Material | D3: C3' - Secondary Raw Material | E3: A2 - Transport Primary Raw Material | F3: C2' - Transport Secondary Raw Material | G3: A3- Production | H3: A4- Transport | I3: A5- Construction | J3: C1 - Deconstruction | K3: D- Burdens & Savings | L3: Total: A1-A3,C2',C3' (excl D) | M3: Total A1-A5,C1,C2',C3' (excl. D)
A4: Acidification | B4: accumulated exceedance (AE) mol H+ -eq | C4: ='A1 - Raw Material Supply'!Z114 -> 0.24301606 | D4: ='C3'' - Secondary Raw Material '!F320 -> 0.074906229 | E4: ='A2 - Transport'!Z118 -> 0.014214231 | F4: ='C2''- Transport Secondary'!H58 -> 0.0036805786 | G4: ='A3 - Production '!D205 -> 0.026233929 | H4: ='A4 - Transport'!B17 -> 0.019037691 | I4: ='A5 - Construction'!E137 -> 0.001298488 | J4: ='C1 - Deconstruction'!B86 -> 0 | K4: ='D- Benefits & Burdens'!N161 -> -0.12930824 | L4: =+SUM(C4:G4) -> 0.36205103 | M4: =SUM(C4:J4) -> 0.38238721
A5: Climate change | B5: global warming potential (GWP100) kgCO2-Eq | C5: ='A1 - Raw Material Supply'!Z115 -> 32.154504 | D5: ='C3'' - Secondary Raw Material '!F321 -> 16.171525 | E5: ='A2 - Transport'!Z119 -> 1.7271551 | F5: ='C2''- Transport Secondary'!H59 -> 0.70256399 | G5: ='A3 - Production '!D206 -> 18.758063 | H5: ='A4 - Transport'!B18 -> 6.9589458 | I5: ='A5 - Construction'!E138 -> 1.0156441 | J5: ='C1 - Deconstruction'!B87 -> 0 | K5: ='D- Benefits & Burdens'!N162 -> -37.502717 | L5: =+SUM(C5:G5) -> 69.513812 | M5: =SUM(C5:J5) -> 77.488402
A6: Climate change: biogenic | B6: global warming potential (GWP100) kgCO2-Eq | C6: ='A1 - Raw Material Supply'!Z116 -> -4.5388232 | D6: ='C3'' - Secondary Raw Material '!F322 -> 1.8526332 | E6: ='A2 - Transport'!Z120 -> 0.00070230325 | F6: ='C2''- Transport Secondary'!H60 -> 0.0062040874 | G6: ='A3 - Production '!D207 -> 0.061985478 | H6: ='A4 - Transport'!B19 -> 0.0032163484 | I6: ='A5 - Construction'!E139 -> 0.00020990788 | J6: ='C1 - Deconstruction'!B88 -> 0 | K6: ='D- Benefits & Burdens'!N163 -> -0.34335873 | L6: =+SUM(C6:G6) -> -2.617298 | M6: =SUM(C6:J6) -> -2.6138718
A7: Climate change: fossil | B7: global warming potential (GWP100) kgCO2-Eq | C7: ='A1 - Raw Material Supply'!Z117 -> 36.681411 | D7: ='C3'' - Secondary Raw Material '!F323 -> 14.294681 | E7: ='A2 - Transport'!Z121 -> 1.7259877 | F7: ='C2''- Transport Secondary'!H61 -> 0.69582446 | G7: ='A3 - Production '!D208 -> 18.686115 | H7: ='A4 - Transport'!B20 -> 6.9551823 | I7: ='A5 - Construction'!E140 -> 1.0153893 | J7: ='C1 - Deconstruction'!B89 -> 0 | K7: ='D- Benefits & Burdens'!N164 -> -37.151895 | L7: =+SUM(C7:G7) -> 72.084019 | M7: =SUM(C7:J7) -> 80.05459
A8: Land use and land use change | B8: global warming potential (GWP100) kgCO2-Eq | C8: ='A1 - Raw Material Supply'!Z118 -> 0.016966822 | D8: ='C3'' - Secondary Raw Material '!F324 -> 0.024211604 | E8: ='A2 - Transport'!Z122 -> 0.00046505352 | F8: ='C2''- Transport Secondary'!H62 -> 0.0005354434 | G8: ='A3 - Production '!D209 -> 0.0099621064 | H8: ='A4 - Transport'!B21 -> 0.0005471707 | I8: ='A5 - Construction'!E141 -> 4.4914436e-05 | J8: ='C1 - Deconstruction'!B90 -> 0 | K8: ='D- Benefits & Burdens'!N165 -> -0.014650666 | L8: =+SUM(C8:G8) -> 0.05214103 | M8: =SUM(C8:J8) -> 0.052733115
A9: Ecotoxicity: freshwater | B9: comparative toxic unit for ecosystems (CTUe) | C9: ='A1 - Raw Material Supply'!Z119 -> 608.36493 | D9: ='C3'' - Secondary Raw Material '!F325 -> 118.9236 | E9: ='A2 - Transport'!Z123 -> 2.0495657 | F9: ='C2''- Transport Secondary'!H63 -> 3.1475889 | G9: ='A3 - Production '!D210 -> 18.721989 | H9: ='A4 - Transport'!B22 -> 5.9140836 | I9: ='A5 - Construction'!E142 -> 0.44874267 | J9: ='C1 - Deconstruction'!B91 -> 0 | K9: ='D- Benefits & Burdens'!N166 -> -627.67294 | L9: =+SUM(C9:G9) -> 751.20767 | M9: =SUM(C9:J9) -> 757.5705
A10: Energy resources: non-renewable | B10: abiotic depletion potential (ADP): fossil fuels MJ, net calorific value | C10: ='A1 - Raw Material Supply'!Z120 -> 2002.7158 | D10: ='C3'' - Secondary Raw Material '!F326 -> 172.06189 | E10: ='A2 - Transport'!Z124 -> 22.63943 | F10: ='C2''- Transport Secondary'!H64 -> 15.869144 | G10: ='A3 - Production '!D211 -> 435.81457 | H10: ='A4 - Transport'!B23 -> 93.565403 | I10: ='A5 - Construction'!E143 -> 13.490469 | J10: ='C1 - Deconstruction'!B92 -> 0 | K10: ='D- Benefits & Burdens'!N167 -> -1105.8881 | L10: =+SUM(C10:G10) -> 2649.1009 | M10: =SUM(C10:J10) -> 2756.1567
A11: Eutrophication: freshwater | B11: fraction of nutrients reaching freshwater end compartment (P) | C11: ='A1 - Raw Material Supply'!Z121 -> 0.0057525189 | D11: ='C3'' - Secondary Raw Material '!F327 -> 0.0049076988 | E11: ='A2 - Transport'!Z125 -> 8.2885446e-05 | F11: ='C2''- Transport Secondary'!H65 -> 9.5715564e-05 | G11: ='A3 - Production '!D212 -> 0.0016191637 | H11: ='A4 - Transport'!B24 -> 0.000160089 | I11: ='A5 - Construction'!E144 -> 1.0736731e-05 | J11: ='C1 - Deconstruction'!B93 -> 0 | K11: ='D- Benefits & Burdens'!N168 -> -0.0030101971 | L11: =+SUM(C11:G11) -> 0.012457982 | M11: =SUM(C11:J11) -> 0.012628808
A12: Eutrophication: marine | B12: fraction of nutrients reaching marine end compartment (N) kg N-Eq | C12: ='A1 - Raw Material Supply'!Z122 -> 0.05275229 | D12: ='C3'' - Secondary Raw Material '!F328 -> 0.019414042 | E12: ='A2 - Transport'!Z126 -> 0.0043822842 | F12: ='C2''- Transport Secondary'!H66 -> 0.0021353852 | G12: ='A3 - Production '!D213 -> 0.0062702177 | H12: ='A4 - Transport'!B25 -> 0.006830722 | I12: ='A5 - Construction'!E145 -> 0.00029363044 | J12: ='C1 - Deconstruction'!B94 -> 0 | K12: ='D- Benefits & Burdens'!N169 -> -0.037081252 | L12: =+SUM(C12:G12) -> 0.084954219 | M12: =SUM(C12:J12) -> 0.092078571
A13: Eutrophication: terrestrial | B13: accumulated exceedance (AE) mol N-Eq | C13: ='A1 - Raw Material Supply'!Z123 -> 0.59039056 | D13: ='C3'' - Secondary Raw Material '!F329 -> 0.16159924 | E13: ='A2 - Transport'!Z127 -> 0.048090912 | F13: ='C2''- Transport Secondary'!H67 -> 0.01452035 | G13: ='A3 - Production '!D214 -> 0.064859522 | H13: ='A4 - Transport'!B26 -> 0.074512765 | I13: ='A5 - Construction'!E146 -> 0.0031921247 | J13: ='C1 - Deconstruction'!B95 -> 0 | K13: ='D- Benefits & Burdens'!N170 -> -0.42325647 | L13: =+SUM(C13:G13) -> 0.87946058 | M13: =SUM(C13:J13) -> 0.95716547
A14: Human toxicity: carcinogenic | B14: comparative toxic unit for human (CTUh) | C14: ='A1 - Raw Material Supply'!Z124 -> 1.6626148e-08 | D14: ='C3'' - Secondary Raw Material '!F330 -> 1.225906e-08 | E14: ='A2 - Transport'!Z128 -> 2.3315268e-10 | F14: ='C2''- Transport Secondary'!H68 -> 1.8232282e-10 | G14: ='A3 - Production '!D215 -> 2.7625344e-09 | H14: ='A4 - Transport'!B27 -> 6.504653e-10 | I14: ='A5 - Construction'!E147 -> 6.2066556e-11 | J14: ='C1 - Deconstruction'!B96 -> 0 | K14: ='D- Benefits & Burdens'!N171 -> -1.2947755e-08 | L14: =+SUM(C14:G14) -> 3.2063218e-08 | M14: =SUM(C14:J14) -> 3.2775749e-08
A15: Human toxicity: non-carcinogenic | B15: comparative toxic unit for human (CTUh) | C15: ='A1 - Raw Material Supply'!Z125 -> 6.1179362e-07 | D15: ='C3'' - Secondary Raw Material '!F331 -> 1.8468839e-07 | E15: ='A2 - Transport'!Z129 -> 1.0639367e-08 | F15: ='C2''- Transport Secondary'!H69 -> 1.4947885e-08 | G15: ='A3 - Production '!D216 -> 9.6382678e-08 | H15: ='A4 - Transport'!B28 -> 4.987355e-08 | I15: ='A5 - Construction'!E148 -> 1.654327e-09 | J15: ='C1 - Deconstruction'!B97 -> 0 | K15: ='D- Benefits & Burdens'!N172 -> -4.6033143e-07 | L15: =+SUM(C15:G15) -> 9.1845194e-07 | M15: =SUM(C15:J15) -> 9.6997982e-07
... A22: Water use | B22: user deprivation potential (deprivation-weighted water consumption) m3 world eq deprived | C22: ='A1 - Raw Material Supply'!Z132 -> 9.3844033 | D22: ='C3'' - Secondary Raw Material '!F338 -> 3.4045838 | E22: ='A2 - Transport'!Z136 -> 0.083027999 | F22: ='C2''- Transport Secondary'!H76 -> 0.21279676 | G22: ='A3 - Production '!D223 -> 2.3467328 | H22: ='A4 - Transport'!B35 -> 0.21118341 | I22: ='A5 - Construction'!E155 -> 0.018258328 | J22: ='C1 - Deconstruction'!B104 -> 0 | K22: ='D- Benefits & Burdens'!N179 -> -4.611785 | L22: =+SUM(C22:G22) -> 15.431545 | M22: =SUM(C22:J22) -> 15.660986
A23: Check | B23: =+SUM(C23:K23) -> 0 | C23: =+SUM(C4:C22)-'A1 - Raw Material Supply'!D137 -> 0 | D23: =+SUM(D4:D22)-'C3'' - Secondary Raw Material '!B344 -> 0 | E23: =+SUM(E4:E22)-'A2 - Transport'!B142 -> 0 | F23: =+SUM(F4:F22)-'C2''- Transport Secondary'!B81 -> 0 | G23: =+SUM(G4:G22)-'A3 - Production '!B229 -> 0 | H23: =+SUM(H4:H22)-'A4 - Transport'!B41 -> 0 | I23: =+SUM(I4:I22)-'A5 - Construction'!B162 -> 0 | J23: =+SUM(J4:J22)-'C1 - Deconstruction'!B110 -> 0 | K23: =+SUM(K4:K22)-'D- Benefits & Burdens'!B212 -> 0
A25: Single score per ton of asphalt mix per life cycle stage
A26: The total single score per impact categories are multiplied by 1000 to convert them from Points scale to Millipoint scale
A27: Impact Categories | B27: Normalization factor [unit/person.year] | C27: Weighting factor [%] | D27: A1 - Primary Material | E27: C3' - Secondary Material | F27: A2 - Transport Primary | G27: C2' - Transport Secondary | H27: A3- Production | I27: A4- Transport | J27: A5- Construction | K27: C1 - Deconstruction | L27: D- Burdens & Savings | M27: Total: A1-A3,C2',C3' (excl D) | N27: Total A1-A5,C1,C2',C3' (excl. D) | O27: Total (incl. D)
A28: Acidification | B28: 55.6 | C28: 0.062 | D28: =(C4/$B28)*$C28 -> 0.00027098913 | E28: =(D4/$B28)*$C28 -> 8.3528529e-05 | F28: =(E4/$B28)*$C28 -> 1.5850402e-05 | G28: =(F4/$B28)*$C28 -> 4.1042423e-06 | H28: =(G4/$B28)*$C28 -> 2.9253662e-05 | I28: =(H4/$B28)*$C28 -> 2.122908e-05 | J28: =(I4/$B28)*$C28 -> 1.4479542e-06 | K28: =(J4/$B28)*$C28 -> 0 | L28: =(K4/$B28)*$C28 -> -0.00014419265 | M28: =SUM(D28:H28)*1000 -> 0.40372597 | N28: =SUM(D28:K28)*1000 -> 0.426403 | O28: =SUM(D28:L28)*1000 -> 0.28221036
A29: Climate change | B29: 8100 | C29: 0.2106 | D29: =(C5/$B29)*$C29 -> 0.00083601712 | E29: =(D5/$B29)*$C29 -> 0.00042045966 | F29: =(E5/$B29)*$C29 -> 4.4906032e-05 | G29: =(F5/$B29)*$C29 -> 1.8266664e-05 | H29: =(G5/$B29)*$C29 -> 0.00048770964 | I29: =(H5/$B29)*$C29 -> 0.00018093259 | J29: =(I5/$B29)*$C29 -> 2.6406747e-05 | K29: =(J5/$B29)*$C29 -> 0 | L29: =(K5/$B29)*$C29 -> -0.00097507065 | M29: =SUM(D29:H29)*1000 -> 1.8073591 | N29: =SUM(D29:K29)*1000 -> 2.0146984 | O29: =SUM(D29:L29)*1000 -> 1.0396278
A30: Climate change: biogenic
A31: Climate change: fossil
A32: Land use and land use change
A33: Ecotoxicity: freshwater | B33: 42700 | C33: 0.0192 | D33: =(C9/$B33)*$C33 -> 0.00027355051 | E33: =(D9/$B33)*$C33 -> 5.3473846e-05 | F33: =(E9/$B33)*$C33 -> 9.2158459e-07 | G33: =(F9/$B33)*$C33 -> 1.4153093e-06 | H33: =(G9/$B33)*$C33 -> 8.4183182e-06 | I33: =(H9/$B33)*$C33 -> 2.6592601e-06 | J33: =(I9/$B33)*$C33 -> 2.0177656e-07 | K33: =(J9/$B33)*$C33 -> 0 | L33: =(K9/$B33)*$C33 -> -0.00028223233 | M33: =SUM(D33:H33)*1000 -> 0.33777956 | N33: =SUM(D33:K33)*1000 -> 0.3406406 | O33: =SUM(D33:L33)*1000 -> 0.058408272
A34: Energy resources: non-renewable | B34: 65000 | C34: 0.0755 | D34: =(C10/$B34)*$C34 -> 0.0023262315 | E34: =(D10/$B34)*$C34 -> 0.0001998565 | F34: =(E10/$B34)*$C34 -> 2.6296569e-05 | G34: =(F10/$B34)*$C34 -> 1.8432621e-05 | H34: =(G10/$B34)*$C34 -> 0.00050621538 | I34: =(H10/$B34)*$C34 -> 0.00010867981 | J34: =(I10/$B34)*$C34 -> 1.5669698e-05 | K34: =(J10/$B34)*$C34 -> 0 | L34: =(K10/$B34)*$C34 -> -0.0012845315 | M34: =SUM(D34:H34)*1000 -> 3.0770325 | N34: =SUM(D34:K34)*1000 -> 3.201382 | O34: =SUM(D34:L34)*1000 -> 1.9168505
A35: Eutrophication: freshwater | B35: 1.61 | C35: 0.028 | D35: =(C11/$B35)*$C35 -> 0.00010004381 | E35: =(D11/$B35)*$C35 -> 8.5351283e-05 | F35: =(E11/$B35)*$C35 -> 1.441486e-06 | G35: =(F11/$B35)*$C35 -> 1.6646185e-06 | H35: =(G11/$B35)*$C35 -> 2.8159369e-05 | I35: =(H11/$B35)*$C35 -> 2.7841565e-06 | J35: =(I11/$B35)*$C35 -> 1.8672576e-07 | K35: =(J11/$B35)*$C35 -> 0 | L35: =(K11/$B35)*$C35 -> -5.2351255e-05 | M35: =SUM(D35:H35)*1000 -> 0.21666056 | N35: =SUM(D35:K35)*1000 -> 0.21963145 | O35: =SUM(D35:L35)*1000 -> 0.16728019
A36: Eutrophication: marine | B36: 19.5 | C36: 0.0296 | D36: =(C12/$B36)*$C36 -> 8.0075271e-05 | E36: =(D12/$B36)*$C36 -> 2.946952e-05 | F36: =(E12/$B36)*$C36 -> 6.6520827e-06 | G36: =(F12/$B36)*$C36 -> 3.2414052e-06 | H36: =(G12/$B36)*$C36 -> 9.517869e-06 | I36: =(H12/$B36)*$C36 -> 1.0368686e-05 | J36: =(I12/$B36)*$C36 -> 4.4571595e-07 | K36: =(J12/$B36)*$C36 -> 0 | L36: =(K12/$B36)*$C36 -> -5.6287439e-05 | M36: =SUM(D36:H36)*1000 -> 0.12895615 | N36: =SUM(D36:K36)*1000 -> 0.13977055 | O36: =SUM(D36:L36)*1000 -> 0.08348311
A37: Eutrophication: terrestrial | B37: 177 | C37: 0.0371 | D37: =(C13/$B37)*$C37 -> 0.00012374853 | E37: =(D13/$B37)*$C37 -> 3.3871931e-05 | F37: =(E13/$B37)*$C37 -> 1.0080072e-05 | G37: =(F13/$B37)*$C37 -> 3.0435309e-06 | H37: =(G13/$B37)*$C37 -> 1.3594849e-05 | I37: =(H13/$B37)*$C37 -> 1.5618212e-05 | J37: =(I13/$B37)*$C37 -> 6.6908377e-07 | K37: =(J13/$B37)*$C37 -> 0 | L37: =(K13/$B37)*$C37 -> -8.8716468e-05 | M37: =SUM(D37:H37)*1000 -> 0.18433891 | N37: =SUM(D37:K37)*1000 -> 0.20062621 | O37: =SUM(D37:L37)*1000 -> 0.11190974
A38: Human toxicity: carcinogenic | B38: 1.69e-05 | C38: 0.0213 | D38: =(C14/$B38)*$C38 -> 2.0954849e-05 | E38: =(D14/$B38)*$C38 -> 1.5450768e-05 | F38: =(E14/$B38)*$C38 -> 2.9385515e-07 | G38: =(F14/$B38)*$C38 -> 2.2979148e-07 | H38: =(G14/$B38)*$C38 -> 3.4817741e-06 | I38: =(H14/$B38)*$C38 -> 8.1981721e-07 | J38: =(I14/$B38)*$C38 -> 7.8225896e-08 | K38: =(J14/$B38)*$C38 -> 0 | L38: =(K14/$B38)*$C38 -> -1.6318768e-05 | M38: =SUM(D38:H38)*1000 -> 0.040411037 | N38: =SUM(D38:K38)*1000 -> 0.041309081 | O38: =SUM(D38:L38)*1000 -> 0.024990313
A39: Human toxicity: non-carcinogenic | B39: 0.00023 | C39: 0.0184 | D39: =(C15/$B39)*$C39 -> 4.8943489e-05 | E39: =(D15/$B39)*$C39 -> 1.4775071e-05 | F39: =(E15/$B39)*$C39 -> 8.5114935e-07 | G39: =(F15/$B39)*$C39 -> 1.1958308e-06 | H39: =(G15/$B39)*$C39 -> 7.7106143e-06 | I39: =(H15/$B39)*$C39 -> 3.989884e-06 | J39: =(I15/$B39)*$C39 -> 1.3234616e-07 | K39: =(J15/$B39)*$C39 -> 0 | L39: =(K15/$B39)*$C39 -> -3.6826514e-05 | M39: =SUM(D39:H39)*1000 -> 0.073476155 | N39: =SUM(D39:K39)*1000 -> 0.077598385 | O39: =SUM(D39:L39)*1000 -> 0.040771871
A40: Ionising radiation: human health | B40: 4220 | C40: 0.0501 | D40: =(C16/$B40)*$C40 -> 2.510931e-05 | E40: =(D16/$B40)*$C40 -> 1.2427775e-05 | F40: =(E16/$B40)*$C40 -> 2.3822065e-07 | G40: =(F16/$B40)*$C40 -> 4.6632178e-06 | H40: =(G16/$B40)*$C40 -> 9.307452e-05 | I40: =(H16/$B40)*$C40 -> 5.0009777e-07 | J40: =(I16/$B40)*$C40 -> 4.8089174e-08 | K40: =(J16/$B40)*$C40 -> 0 | L40: =(K16/$B40)*$C40 -> -1.2649697e-05 | M40: =SUM(D40:H40)*1000 -> 0.13551304 | N40: =SUM(D40:K40)*1000 -> 0.13606123 | O40: =SUM(D40:L40)*1000 -> 0.12341153
A41: Land use | B41: 819000 | C41: 0.0794 | D41: =(C17/$B41)*$C41 -> 2.3959576e-05 | E41: =(D17/$B41)*$C41 -> 8.5752212e-06 | F41: =(E17/$B41)*$C41 -> 3.4766517e-07 | G41: =(F17/$B41)*$C41 -> 5.8860433e-07 | H41: =(G17/$B41)*$C41 -> 3.1308644e-06 | I41: =(H17/$B41)*$C41 -> 5.6920775e-07 | J41: =(I17/$B41)*$C41 -> 6.7243244e-08 | K41: =(J17/$B41)*$C41 -> 0 | L41: =(K17/$B41)*$C41 -> -4.8887765e-05 | M41: =SUM(D41:H41)*1000 -> 0.036601931 | N41: =SUM(D41:K41)*1000 -> 0.037238382 | O41: =SUM(D41:L41)*1000 -> -0.011649383
A42: Material resources: metals/minerals | B42: 65000 | C42: 0.0832 | D42: =(C18/$B42)*$C42 -> 3.3410777e-09 | E42: =(D18/$B42)*$C42 -> 1.091159e-10 | F42: =(E18/$B42)*$C42 -> 2.8822186e-12 | G42: =(F18/$B42)*$C42 -> 7.4871373e-12 | H42: =(G18/$B42)*$C42 -> 1.2779831e-10 | I42: =(H18/$B42)*$C42 -> 9.6551718e-12 | J42: =(I18/$B42)*$C42 -> 2.0271529e-13 | K42: =(J18/$B42)*$C42 -> 0 | L42: =(K18/$B42)*$C42 -> -9.910792e-11 | M42: =SUM(D42:H42)*1000 -> 3.5883612e-06 | N42: =SUM(D42:K42)*1000 -> 3.5982191e-06 | O42: =SUM(D42:L42)*1000 -> 3.4991112e-06
A43: Ozone depletion | B43: 0.0536 | C43: 0.0631 | D43: =(C19/$B43)*$C43 -> 3.686716e-07 | E43: =(D19/$B43)*$C43 -> 1.5547611e-07 | F43: =(E19/$B43)*$C43 -> 4.0763507e-08 | G43: =(F19/$B43)*$C43 -> 2.2845104e-08 | H43: =(G19/$B43)*$C43 -> 2.6116144e-06 | I43: =(H19/$B43)*$C43 -> 1.8222948e-07 | J43: =(I19/$B43)*$C43 -> 2.6943643e-08 | K43: =(J19/$B43)*$C43 -> 0 | L43: =(K19/$B43)*$C43 -> -2.9189223e-07 | M43: =SUM(D43:H43)*1000 -> 0.0031993707 | N43: =SUM(D43:K43)*1000 -> 0.0034085438 | O43: =SUM(D43:L43)*1000 -> 0.0031166516
A44: Particulate matter formation | B44: 0.000595 | C44: 0.0896 | D44: =(C20/$B44)*$C44 -> 0.0004374632 | E44: =(D20/$B44)*$C44 -> 0.00030845063 | F44: =(E20/$B44)*$C44 -> 1.7174642e-05 | G44: =(F20/$B44)*$C44 -> 9.3028005e-06 | H44: =(G20/$B44)*$C44 -> 2.2072931e-05 | I44: =(H20/$B44)*$C44 -> 7.0859144e-05 | J44: =(I20/$B44)*$C44 -> 1.5063858e-06 | K44: =(J20/$B44)*$C44 -> 0 | L44: =(K20/$B44)*$C44 -> -0.0002814245 | M44: =SUM(D44:H44)*1000 -> 0.7944642 | N44: =SUM(D44:K44)*1000 -> 0.86682973 | O44: =SUM(D44:L44)*1000 -> 0.58540522
... A46: Water use | B46: 11500 | C46: 0.0851 | D46: =(C22/$B46)*$C46 -> 6.9444585e-05 | E46: =(D22/$B46)*$C46 -> 2.519392e-05 | F46: =(E22/$B46)*$C46 -> 6.1440719e-07 | G46: =(F22/$B46)*$C46 -> 1.5746961e-06 | H46: =(G22/$B46)*$C46 -> 1.7365823e-05 | I46: =(H22/$B46)*$C46 -> 1.5627572e-06 | J46: =(I22/$B46)*$C46 -> 1.3511163e-07 | K46: =(J22/$B46)*$C46 -> 0 | L46: =(K22/$B46)*$C46 -> -3.4127209e-05 | M46: =SUM(D46:H46)*1000 -> 0.11419343 | N46: =SUM(D46:K46)*1000 -> 0.1158913 | O46: =SUM(D46:L46)*1000 -> 0.08176409
A47: Total | C47: =SUM(C28:C46) -> 1 | D47: =SUM(D28:D46)*1000 -> 4.8661056 | E47: =SUM(E28:E46)*1000 -> 1.3536664 | F47: =SUM(F28:F46)*1000 -> 0.14324638 | G47: =SUM(G28:G46)*1000 -> 0.071683222 | H47: =SUM(H28:H46)*1000 -> 1.2577035 | I47: =SUM(I28:I46)*1000 -> 0.45604379 | J47: =SUM(J28:J46)*1000 -> 0.049967363 | K47: =SUM(K28:K46)*1000 -> 0 | L47: =SUM(L28:L46)*1000 -> -3.4761029 | M47: =+SUM(M28:M46) -> 7.6924051 | N47: =+SUM(N28:N46) -> 8.1984162 | O47: =SUM(O28:O46) -> 4.7223133
A50: Global warming impact per ton of asphalt mix per life cycle stage
A51: Same as row 5
A52: Impact category | B52: Unit | C52: A1 - Primary Material | D52: C3' - Secondary Material | E52: A2 - Transport Primary | F52: C2' - Transport Secondary | G52: A3- Production | H52: A4- Transport | I52: A5- Construction | J52: C1 - Deconstruction | K52: D- Burden & Savings | L52: Total: A1-A3,C2',C3' (excl D) | M52: Total A1-A5,C1,C2',C3' (excl. D)
A53: Climate change | B53: Global warming potential (GWP100) kgCO2-Eq | C53: ='A1 - Raw Material Supply'!F54 -> 32.154504 | D53: ='C3'' - Secondary Raw Material '!F321 -> 16.171525 | E53: =+'A2 - Transport'!Z119 -> 1.7271551 | F53: =+'C2''- Transport Secondary'!H59 -> 0.70256399 | G53: ='A3 - Production '!D206 -> 18.758063 | H53: ='A4 - Transport'!B18 -> 6.9589458 | I53: ='A5 - Construction'!E138 -> 1.0156441 | J53: ='C1 - Deconstruction'!B87 -> 0 | K53: ='D- Benefits & Burdens'!N162 -> -37.502717 | L53: =SUM(C53:G53) -> 69.513812 | M53: =SUM(C53:J53) -> 77.488402
A54: Check | B54: =+SUM(C54:M54) -> 0 | C54: =+C5-C53 -> 0 | D54: =+D5-D53 -> 0 | E54: =+E5-E53 -> 0 | F54: =+F5-F53 -> 0 | G54: =+G5-G53 -> 0 | H54: =+H5-H53 -> 0 | I54: =+I5-I53 -> 0 | J54: =+J5-J53 -> 0 | ... M54: =+M5-M53 -> 0
A56: Global warming impact per ton of mix per process (A1-A3, D)
A57: Used for Result Dashboard - Figure I-4 (bottom right) | O57: Plant
A58: Impact categories | B58: Unit/ton | C58: Aggregate | E58: Virgin binder | G58: Filler | I58: RAP | K58: Other Waste | M58: Additiv | P58: Burden & Savings
B59: Life cycle stage | C59: A1 - Primary Material | D59: A2 - Transport Primary | E59: A1 - Primary Material | F59: A2 - Transport Primary | G59: A1 - Primary Material | H59: A2 - Transport Primary | I59: C3' - Secondary Material | J59: C2' - Transport Secondary | K59: C3' - Secondary Material | L59: C2' - Transport Secondary | M59: A1 - Primary Material | N59: A2 - Transport Primary | O59: A3 - Production | P59: D - Burden & Savings
A60: Climate change | B60: Global warming potential (GWP100) kgCO2-Eq | C60: ='A1 - Raw Material Supply'!K115 -> 1.416167 | D60: ='A2 - Transport'!L119 -> 1.3904853 | E60: ='A1 - Raw Material Supply'!O115 -> 3.68 | F60: ='A2 - Transport'!B119 -> 0.063497944 | G60: ='A1 - Raw Material Supply'!N115 -> 5.6480748 | H60: ='A2 - Transport'!O119 -> 0.10710127 | I60: ='C3'' - Secondary Raw Material '!B321 -> 0.2279468 | J60: ='C2''- Transport Secondary'!$D$59 -> 0.19145183 | K60: ='C3'' - Secondary Raw Material '!C321+'C3'' - Secondary Raw Material '!D321+'C3'' - Secondary Raw Material '!E321 -> 15.943579 | L60: ='C2''- Transport Secondary'!$G$59 -> 0.51111216 | M60: ='A1 - Raw Material Supply'!Y$115 -> 21.410263 | N60: ='A2 - Transport'!$Y$119 -> 0.16607054 | O60: ='A3 - Production '!D206 -> 18.758063 | P60: ='D- Benefits & Burdens'!N162 -> -37.502717
A61: Check | B61: =+SUM(C60:O60)-SUM(C53:G53) -> 0
A63: Environmental impacts per ton of mix per process
A65: Impact categories | B65: Unit/ton | C65: Aggregates | F65: Virgin binder | I65: Filler | L65: RAP | O65: Other Waste | R65: Additives | U65: Asphalt Plant | V65: Transport- Asphalt Mix | W65: Construction: Paver | X65: Construction: Excavator | Y65: Construction: Roller | Z65: Total Construction | AA65: Total Deconstruction | AB65: Burdens | AD65: Total Burdens | AE65: Savings | AM65: Total Savings | AN65: Total Module D
B66: Life cycle stage | C66: A1 | D66: A2 | E66: Total | F66: A1 | G66: A2 | H66: Total | I66: A1 | J66: A2 | K66: Total | L66: C3' | M66: C2' | N66: Total | O66: C3' | P66: C2' | Q66: Total | R66: A1 | S66: A2 | T66: Total | U66: A3 | V66: A4 | W66: A5 | X66: A5 | Y66: A5 | AB66: A2' - Tansport | AC66: C3' - Waste processing | AE66: Avoided binder | AF66: Avoided filler | AG66: Avoided aggregate | AH66: Avoided sand | AI66: Transport: Avoided binder | AJ66: Transport: Avoided filler | AK66: Transport: Avoided aggregate | AL66: Transport: Avoided sand
A67: Acidification | B67: accumulated exceedance (AE) mol H+ -eq | C67: ='A1 - Raw Material Supply'!K114 -> 0.023988995 | D67: ='A2 - Transport'!L118 -> 0.013433384 | E67: =SUM(C67:D67) -> 0.03742238 | F67: ='A1 - Raw Material Supply'!O114 -> 0.032102 | G67: ='A2 - Transport'!B118 -> 9.46888e-05 | H67: =SUM(F67:G67) -> 0.032196689 | I67: ='A1 - Raw Material Supply'!N114 -> 0.017263694 | J67: ='A2 - Transport'!O118 -> 0.00026956788 | K67: =SUM(I67:J67) -> 0.017533262 | L67: ='C3'' - Secondary Raw Material '!B320 -> 0.00029142706 | M67: ='C2''- Transport Secondary'!D58 -> 0.00068342679 | N67: =SUM(L67:M67) -> 0.00097485385 | O67: ='C3'' - Secondary Raw Material '!C320+'C3'' - Secondary Raw Material '!D320+'C3'' - Secondary Raw Material '!E320 -> 0.074614802 | P67: ='C2''- Transport Secondary'!G58 -> 0.0029971518 | Q67: =SUM(O67:P67) -> 0.077611954 | R67: ='A1 - Raw Material Supply'!Y114 -> 0.16966137 | S67: ='A2 - Transport'!Y118 -> 0.00041659056 | T67: =SUM(R67:S67) -> 0.17007796 | U67: ='A3 - Production '!D205 -> 0.026233929 | V67: ='A4 - Transport'!B17 -> 0.019037691 | W67: ='A5 - Construction'!B137 -> 0.0010426237 | X67: ='A5 - Construction'!C137 -> 0 | Y67: ='A5 - Construction'!D137 -> 0.00025586425 | Z67: =SUM(W67:Y67) -> 0.001298488 | AA67: ='C1 - Deconstruction'!B86 -> 0 | AB67: ='D- Benefits & Burdens'!B161 -> 0.0052242966 | AC67: ='D- Benefits & Burdens'!C161 -> 0.00081932729 | AD67: =SUM(AB67:AC67) -> 0.0060436239 | AE67: ='D- Benefits & Burdens'!D161 -> -0.033865906 | AF67: ='D- Benefits & Burdens'!E161 -> -0.056208313 | AG67: ='D- Benefits & Burdens'!F161 -> -0.013960382 | AH67: ='D- Benefits & Burdens'!G161 -> -0.0085073821 | AI67: ='D- Benefits & Burdens'!H161 -> -0.00017434523 | AJ67: ='D- Benefits & Burdens'!I161 -> -0.00031963291 | AK67: ='D- Benefits & Burdens'!J161 -> -0.014533112 | AL67: ='D- Benefits & Burdens'!K161 -> -0.0077827936 | AM67: =SUM(AE67:AL67) -> -0.13535187 | AN67: =AD67+AM67 -> -0.12930824
A68: Climate change | B68: global warming potential (GWP100) kgCO2-Eq | C68: ='A1 - Raw Material Supply'!K115 -> 1.416167 | D68: ='A2 - Transport'!L119 -> 1.3904853 | E68: =SUM(C68:D68) -> 2.8066524 | F68: ='A1 - Raw Material Supply'!O115 -> 3.68 | G68: ='A2 - Transport'!B119 -> 0.063497944 | H68: =SUM(F68:G68) -> 3.7434979 | I68: ='A1 - Raw Material Supply'!N115 -> 5.6480748 | J68: ='A2 - Transport'!O119 -> 0.10710127 | K68: =SUM(I68:J68) -> 5.7551761 | L68: ='C3'' - Secondary Raw Material '!B321 -> 0.2279468 | M68: ='C2''- Transport Secondary'!D59 -> 0.19145183 | N68: =SUM(L68:M68) -> 0.41939862 | O68: ='C3'' - Secondary Raw Material '!C321+'C3'' - Secondary Raw Material '!D321+'C3'' - Secondary Raw Material '!E321 -> 15.943579 | P68: ='C2''- Transport Secondary'!G59 -> 0.51111216 | Q68: =SUM(O68:P68) -> 16.454691 | R68: ='A1 - Raw Material Supply'!Y115 -> 21.410263 | S68: ='A2 - Transport'!Y119 -> 0.16607054 | T68: =SUM(R68:S68) -> 21.576333 | U68: ='A3 - Production '!D206 -> 18.758063 | V68: ='A4 - Transport'!B18 -> 6.9589458 | W68: ='A5 - Construction'!B138 -> 0.81551363 | X68: ='A5 - Construction'!C138 -> 0 | Y68: ='A5 - Construction'!D138 -> 0.20013048 | Z68: =SUM(W68:Y68) -> 1.0156441 | AA68: ='C1 - Deconstruction'!B87 -> 0 | AB68: ='D- Benefits & Burdens'!B162 -> 1.9096642 | AC68: ='D- Benefits & Burdens'!C162 -> 0.64085686 | AD68: =SUM(AB68:AC68) -> 2.5505211 | AE68: ='D- Benefits & Burdens'!D162 -> -10.435424 | AF68: ='D- Benefits & Burdens'!E162 -> -19.589568 | AG68: ='D- Benefits & Burdens'!F162 -> -0.72547502 | AH68: ='D- Benefits & Burdens'!G162 -> -0.96495649 | AI68: ='D- Benefits & Burdens'!H162 -> -0.063729314 | AJ68: ='D- Benefits & Burdens'!I162 -> -0.11683707 | AK68: ='D- Benefits & Burdens'!J162 -> -5.3123638 | AL68: ='D- Benefits & Burdens'!K162 -> -2.8448849 | AM68: =SUM(AE68:AL68) -> -40.053238 | AN68: =AD68+AM68 -> -37.502717
A69: Climate change: biogenic | B69: global warming potential (GWP100) kgCO2-Eq | C69: ='A1 - Raw Material Supply'!K116 -> 0.0033254128 | D69: ='A2 - Transport'!L120 -> 0.0005202856 | E69: =SUM(C69:D69) -> 0.0038456984 | F69: ='A1 - Raw Material Supply'!O116 -> -5.9622 | G69: ='A2 - Transport'!B120 -> 2.967612e-05 | H69: =SUM(F69:G69) -> -5.9621703 | I69: ='A1 - Raw Material Supply'!N116 -> 0.085773858 | J69: ='A2 - Transport'!O120 -> 7.9179936e-05 | K69: =SUM(I69:J69) -> 0.085853038 | L69: ='C3'' - Secondary Raw Material '!B322 -> 4.7110821e-05 | M69: ='C2''- Transport Secondary'!D60 -> 0.0040023861 | N69: =SUM(L69:M69) -> 0.0040494969 | O69: ='C3'' - Secondary Raw Material '!C322+'C3'' - Secondary Raw Material '!D322+'C3'' - Secondary Raw Material '!E322 -> 1.8525861 | P69: ='C2''- Transport Secondary'!G60 -> 0.0022017012 | Q69: =SUM(O69:P69) -> 1.8547878 | R69: ='A1 - Raw Material Supply'!Y116 -> 1.3342776 | S69: ='A2 - Transport'!Y120 -> 7.3161597e-05 | T69: =SUM(R69:S69) -> 1.3343507 | U69: ='A3 - Production '!D207 -> 0.061985478 | V69: ='A4 - Transport'!B19 -> 0.0032163484 | W69: ='A5 - Construction'!B139 -> 0.00016854598 | X69: ='A5 - Construction'!C139 -> 0 | Y69: ='A5 - Construction'!D139 -> 4.1361893e-05 | Z69: =SUM(W69:Y69) -> 0.00020990788 | AA69: ='C1 - Deconstruction'!B88 -> 0 | AB69: ='D- Benefits & Burdens'!B163 -> 0.00088262584 | AC69: ='D- Benefits & Burdens'!C163 -> 0.00013244886 | AD69: =SUM(AB69:AC69) -> 0.0010150747 | AE69: ='D- Benefits & Burdens'!D163 -> -0.041347908 | AF69: ='D- Benefits & Burdens'!E163 -> -0.29716823 | AG69: ='D- Benefits & Burdens'!F163 -> -0.0022361715 | AH69: ='D- Benefits & Burdens'!G163 -> 0.00023215123 | AI69: ='D- Benefits & Burdens'!H163 -> -2.945499e-05 | AJ69: ='D- Benefits & Burdens'!I163 -> -5.4000814e-05 | AK69: ='D- Benefits & Burdens'!J163 -> -0.0024553163 | AL69: ='D- Benefits & Burdens'!K163 -> -0.0013148746 | AM69: =SUM(AE69:AL69) -> -0.34437381 | AN69: =AD69+AM69 -> -0.34335873
A70: Climate change: fossil | B70: global warming potential (GWP100) kgCO2-Eq | C70: ='A1 - Raw Material Supply'!K117 -> 1.4124359 | D70: ='A2 - Transport'!L121 -> 1.3895467 | E70: =SUM(C70:D70) -> 2.8019826 | F70: ='A1 - Raw Material Supply'!O117 -> 9.642 | G70: ='A2 - Transport'!B121 -> 0.063463217 | H70: =SUM(F70:G70) -> 9.7054632 | I70: ='A1 - Raw Material Supply'!N117 -> 5.5595489 | J70: ='A2 - Transport'!O121 -> 0.10701327 | K70: =SUM(I70:J70) -> 5.6665622 | L70: ='C3'' - Secondary Raw Material '!B323 -> 0.2278896 | M70: ='C2''- Transport Secondary'!D61 -> 0.18697864 | N70: =SUM(L70:M70) -> 0.41486825 | O70: ='C3'' - Secondary Raw Material '!C323+'C3'' - Secondary Raw Material '!D323+'C3'' - Secondary Raw Material '!E323 -> 14.066791 | P70: ='C2''- Transport Secondary'!G61 -> 0.50884582 | Q70: =SUM(O70:P70) -> 14.575637 | R70: ='A1 - Raw Material Supply'!Y117 -> 20.067426 | S70: ='A2 - Transport'!Y121 -> 0.16596449 | T70: =SUM(R70:S70) -> 20.23339 | U70: ='A3 - Production '!D208 -> 18.686115 | V70: ='A4 - Transport'!B20 -> 6.9551823 | W70: ='A5 - Construction'!B140 -> 0.81530902 | X70: ='A5 - Construction'!C140 -> 0 | Y70: ='A5 - Construction'!D140 -> 0.20008027 | Z70: =SUM(W70:Y70) -> 1.0153893 | AA70: ='C1 - Deconstruction'!B89 -> 0 | AB70: ='D- Benefits & Burdens'!B164 -> 1.9086314 | AC70: ='D- Benefits & Burdens'!C164 -> 0.64069607 | AD70: =SUM(AB70:AC70) -> 2.5493275 | AE70: ='D- Benefits & Burdens'!D164 -> -10.396045 | AF70: ='D- Benefits & Burdens'!E164 -> -19.283815 | AG70: ='D- Benefits & Burdens'!F164 -> -0.72300036 | AH70: ='D- Benefits & Burdens'!G164 -> -0.96505585 | AI70: ='D- Benefits & Burdens'!H164 -> -0.063694848 | AJ70: ='D- Benefits & Burdens'!I164 -> -0.11677389 | AK70: ='D- Benefits & Burdens'!J164 -> -5.3094908 | AL70: ='D- Benefits & Burdens'!K164 -> -2.8433463 | AM70: =SUM(AE70:AL70) -> -39.701222 | AN70: =AD70+AM70 -> -37.151895
A71: Land use and land use change | B71: global warming potential (GWP100) kgCO2-Eq | C71: ='A1 - Raw Material Supply'!K118 -> 0.00040573643 | D71: ='A2 - Transport'!L122 -> 0.00041829885 | E71: =SUM(C71:D71) -> 0.00082403528 | F71: ='A1 - Raw Material Supply'!O118 -> 0.00525 | G71: ='A2 - Transport'!B122 -> 5.0506e-06 | H71: =SUM(F71:G71) -> 0.0052550506 | I71: ='A1 - Raw Material Supply'!N118 -> 0.0027520281 | J71: ='A2 - Transport'!O122 -> 8.8227586e-06 | K71: =SUM(I71:J71) -> 0.0027608508 | L71: ='C3'' - Secondary Raw Material '!B324 -> 1.0080403e-05 | M71: ='C2''- Transport Secondary'!D62 -> 0.0004707993 | N71: =SUM(L71:M71) -> 0.00048087971 | O71: ='C3'' - Secondary Raw Material '!C324+'C3'' - Secondary Raw Material '!D324+'C3'' - Secondary Raw Material '!E324 -> 0.024201524 | P71: ='C2''- Transport Secondary'!G62 -> 6.46441e-05 | Q71: =SUM(O71:P71) -> 0.024266168 | R71: ='A1 - Raw Material Supply'!Y118 -> 0.008559058 | S71: ='A2 - Transport'!Y122 -> 3.2881311e-05 | T71: =SUM(R71:S71) -> 0.0085919393 | U71: ='A3 - Production '!D209 -> 0.0099621064 | V71: ='A4 - Transport'!B21 -> 0.0005471707 | W71: ='A5 - Construction'!B141 -> 3.6064143e-05 | X71: ='A5 - Construction'!C141 -> 0 | Y71: ='A5 - Construction'!D141 -> 8.8502926e-06 | Z71: =SUM(W71:Y71) -> 4.4914436e-05 | AA71: ='C1 - Deconstruction'!B90 -> 0 | AB71: ='D- Benefits & Burdens'!B165 -> 0.00015015382 | AC71: ='D- Benefits & Burdens'!C165 -> 2.8340365e-05 | AD71: =SUM(AB71:AC71) -> 0.00017849418 | AE71: ='D- Benefits & Burdens'!D165 -> -0.0052177122 | AF71: ='D- Benefits & Burdens'!E165 -> -0.0085845832 | AG71: ='D- Benefits & Burdens'!F165 -> -0.00023848434 | AH71: ='D- Benefits & Burdens'!G165 -> -0.00013279123 | AI71: ='D- Benefits & Burdens'!H165 -> -5.0109333e-06 | AJ71: ='D- Benefits & Burdens'!I165 -> -9.186711e-06 | AK71: ='D- Benefits & Burdens'!J165 -> -0.00041770261 | AL71: ='D- Benefits & Burdens'!K165 -> -0.00022368871 | AM71: =SUM(AE71:AL71) -> -0.01482916 | AN71: =AD71+AM71 -> -0.014650666
A72: Ecotoxicity: freshwater | B72: comparative toxic unit for ecosystems (CTUe) | C72: ='A1 - Raw Material Supply'!K119 -> 11.168863 | D72: ='A2 - Transport'!L123 -> 1.7270637 | E72: =SUM(C72:D72) -> 12.895927 | F72: ='A1 - Raw Material Supply'!O119 -> 524.24 | G72: ='A2 - Transport'!B123 -> 0.05453758 | H72: =SUM(F72:G72) -> 524.29454 | I72: ='A1 - Raw Material Supply'!N119 -> 15.470044 | J72: ='A2 - Transport'!O123 -> 0.1217663 | K72: =SUM(I72:J72) -> 15.59181 | L72: ='C3'' - Secondary Raw Material '!B325 -> 0.10071388 | M72: ='C2''- Transport Secondary'!D63 -> 0.68643616 | N72: =SUM(L72:M72) -> 0.78715003 | O72: ='C3'' - Secondary Raw Material '!C325+'C3'' - Secondary Raw Material '!D325+'C3'' - Secondary Raw Material '!E325 -> 118.82289 | P72: ='C2''- Transport Secondary'!G63 -> 2.4611527 | Q72: =SUM(O72:P72) -> 121.28404 | R72: ='A1 - Raw Material Supply'!Y119 -> 57.486019 | S72: ='A2 - Transport'!Y123 -> 0.14619818 | T72: =SUM(R72:S72) -> 57.632217 | U72: ='A3 - Production '!D210 -> 18.721989 | V72: ='A4 - Transport'!B22 -> 5.9140836 | W72: ='A5 - Construction'!B142 -> 0.3603189 | X72: ='A5 - Construction'!C142 -> 0 | Y72: ='A5 - Construction'!D142 -> 0.088423774 | Z72: =SUM(W72:Y72) -> 0.44874267 | AA72: ='C1 - Deconstruction'!B91 -> 0 | AB72: ='D- Benefits & Burdens'!B166 -> 1.6229346 | AC72: ='D- Benefits & Burdens'!C166 -> 0.28315019 | AD72: =SUM(AB72:AC72) -> 1.9060848 | AE72: ='D- Benefits & Burdens'!D166 -> -561.15018 | AF72: ='D- Benefits & Burdens'!E166 -> -53.350279 | AG72: ='D- Benefits & Burdens'!F166 -> -7.1685307 | AH72: ='D- Benefits & Burdens'!G166 -> -0.82411146 | AI72: ='D- Benefits & Burdens'!H166 -> -0.054160572 | AJ72: ='D- Benefits & Burdens'!I166 -> -0.099294383 | AK72: ='D- Benefits & Burdens'!J166 -> -4.5147303 | AL72: ='D- Benefits & Burdens'!K166 -> -2.417735 | AM72: =SUM(AE72:AL72) -> -629.57902 | AN72: =AD72+AM72 -> -627.67294
A73: Energy resources: non-renewable | B73: abiotic depletion potential (ADP): fossil fuels MJ, net calorific value | C73: ='A1 - Raw Material Supply'!K120 -> 19.700179 | D73: ='A2 - Transport'!L124 -> 18.139952 | E73: =SUM(C73:D73) -> 37.840131 | F73: ='A1 - Raw Material Supply'!O120 -> 825.63 | G73: ='A2 - Transport'!B124 -> 0.8546163 | H73: =SUM(F73:G73) -> 826.48462 | I73: ='A1 - Raw Material Supply'!N120 -> 32.34093 | J73: ='A2 - Transport'!O124 -> 1.4374044 | K73: =SUM(I73:J73) -> 33.778334 | L73: ='C3'' - Secondary Raw Material '!B326 -> 3.0277428 | M73: ='C2''- Transport Secondary'!D64 -> 9.2055757 | N73: =SUM(L73:M73) -> 12.233318 | O73: ='C3'' - Secondary Raw Material '!C326+'C3'' - Secondary Raw Material '!D326+'C3'' - Secondary Raw Material '!E326 -> 169.03414 | P73: ='C2''- Transport Secondary'!G64 -> 6.6635684 | Q73: =SUM(O73:P73) -> 175.69771 | R73: ='A1 - Raw Material Supply'!Y120 -> 1125.0447 | S73: ='A2 - Transport'!Y124 -> 2.2074567 | T73: =SUM(R73:S73) -> 1127.2522 | U73: ='A3 - Production '!D211 -> 435.81457 | V73: ='A4 - Transport'!B23 -> 93.565403 | W73: ='A5 - Construction'!B143 -> 10.832201 | X73: ='A5 - Construction'!C143 -> 0 | Y73: ='A5 - Construction'!D143 -> 2.6582677 | Z73: =SUM(W73:Y73) -> 13.490469 | AA73: ='C1 - Deconstruction'!B92 -> 0 | AB73: ='D- Benefits & Burdens'!B167 -> 25.676087 | AC73: ='D- Benefits & Burdens'!C167 -> 8.5122922 | AD73: =SUM(AB73:AC73) -> 34.18838 | AE73: ='D- Benefits & Burdens'!D167 -> -901.77818 | AF73: ='D- Benefits & Burdens'!E167 -> -103.37095 | AG73: ='D- Benefits & Burdens'!F167 -> -10.279796 | AH73: ='D- Benefits & Burdens'!G167 -> -12.542756 | AI73: ='D- Benefits & Burdens'!H167 -> -0.85686239 | AJ73: ='D- Benefits & Burdens'!I167 -> -1.5709144 | AK73: ='D- Benefits & Burdens'!J167 -> -71.426546 | AL73: ='D- Benefits & Burdens'!K167 -> -38.250449 | AM73: =SUM(AE73:AL73) -> -1140.0765 | AN73: =AD73+AM73 -> -1105.8881
A74: Eutrophication: freshwater | B74: fraction of nutrients reaching freshwater end compartment (P) | C74: ='A1 - Raw Material Supply'!K121 -> 9.5633571e-05 | D74: ='A2 - Transport'!L125 -> 7.3298024e-05 | E74: =SUM(C74:D74) -> 0.0001689316 | F74: ='A1 - Raw Material Supply'!O121 -> 1.721e-05 | G74: ='A2 - Transport'!B125 -> 1.481076e-06 | H74: =SUM(F74:G74) -> 1.8691076e-05 | I74: ='A1 - Raw Material Supply'!N121 -> 0.00089840583 | J74: ='A2 - Transport'!O125 -> 2.6819187e-06 | K74: =SUM(I74:J74) -> 0.00090108775 | L74: ='C3'' - Secondary Raw Material '!B327 -> 2.4097057e-06 | M74: ='C2''- Transport Secondary'!D65 -> 7.0231824e-05 | N74: =SUM(L74:M74) -> 7.264153e-05 | O74: ='C3'' - Secondary Raw Material '!C327+'C3'' - Secondary Raw Material '!D327+'C3'' - Secondary Raw Material '!E327 -> 0.004905289 | P74: ='C2''- Transport Secondary'!G65 -> 2.548374e-05 | Q74: =SUM(O74:P74) -> 0.0049307728 | R74: ='A1 - Raw Material Supply'!Y121 -> 0.0047412695 | S74: ='A2 - Transport'!Y125 -> 5.424427e-06 | T74: =SUM(R74:S74) -> 0.0047466939 | U74: ='A3 - Production '!D212 -> 0.0016191637 | V74: ='A4 - Transport'!B24 -> 0.000160089 | W74: ='A5 - Construction'!B144 -> 8.6210813e-06 | X74: ='A5 - Construction'!C144 -> 0 | Y74: ='A5 - Construction'!D144 -> 2.1156496e-06 | Z74: =SUM(W74:Y74) -> 1.0736731e-05 | AA74: ='C1 - Deconstruction'!B93 -> 0 | AB74: ='D- Benefits & Burdens'!B168 -> 4.39314e-05 | AC74: ='D- Benefits & Burdens'!C168 -> 6.7747232e-06 | AD74: =SUM(AB74:AC74) -> 5.0706123e-05 | AE74: ='D- Benefits & Burdens'!D168 -> -8.7618186e-06 | AF74: ='D- Benefits & Burdens'!E168 -> -0.0027632038 | AG74: ='D- Benefits & Burdens'!F168 -> -5.3605434e-05 | AH74: ='D- Benefits & Burdens'!G168 -> -4.3522585e-05 | AI74: ='D- Benefits & Burdens'!H168 -> -1.4660787e-06 | AJ74: ='D- Benefits & Burdens'!I168 -> -2.6878109e-06 | AK74: ='D- Benefits & Burdens'!J168 -> -0.00012220975 | AL74: ='D- Benefits & Burdens'!K168 -> -6.5445943e-05 | AM74: =SUM(AE74:AL74) -> -0.0030609033 | AN74: =AD74+AM74 -> -0.0030101971
A75: Eutrophication: marine | B75: fraction of nutrients reaching marine end compartment (N) kg N-Eq | C75: ='A1 - Raw Material Supply'!K122 -> 0.0088920571 | D75: ='A2 - Transport'!L126 -> 0.0041204153 | E75: =SUM(C75:D75) -> 0.013012472 | F75: ='A1 - Raw Material Supply'!O122 -> 0.008234 | G75: ='A2 - Transport'!B126 -> 2.063888e-05 | H75: =SUM(F75:G75) -> 0.0082546389 | I75: ='A1 - Raw Material Supply'!N122 -> 0.0040666025 | J75: ='A2 - Transport'!O126 -> 0.00010251451 | K75: =SUM(I75:J75) -> 0.004169117 | L75: ='C3'' - Secondary Raw Material '!B328 -> 6.5901153e-05 | M75: ='C2''- Transport Secondary'!D66 -> 0.0001403506 | N75: =SUM(L75:M75) -> 0.00020625175 | O75: ='C3'' - Secondary Raw Material '!C328+'C3'' - Secondary Raw Material '!D328+'C3'' - Secondary Raw Material '!E328 -> 0.019348141 | P75: ='C2''- Transport Secondary'!G66 -> 0.0019950346 | Q75: =SUM(O75:P75) -> 0.021343175 | R75: ='A1 - Raw Material Supply'!Y122 -> 0.03155963 | S75: ='A2 - Transport'!Y126 -> 0.00013871553 | T75: =SUM(R75:S75) -> 0.031698346 | U75: ='A3 - Production '!D213 -> 0.0062702177 | V75: ='A4 - Transport'!B25 -> 0.006830722 | W75: ='A5 - Construction'!B145 -> 0.0002357712 | X75: ='A5 - Construction'!C145 -> 0 | Y75: ='A5 - Construction'!D145 -> 5.7859244e-05 | Z75: =SUM(W75:Y75) -> 0.00029363044 | AA75: ='C1 - Deconstruction'!B94 -> 0 | AB75: ='D- Benefits & Burdens'!B169 -> 0.0018744772 | AC75: ='D- Benefits & Burdens'!C169 -> 0.00018527659 | AD75: =SUM(AB75:AC75) -> 0.0020597538 | AE75: ='D- Benefits & Burdens'!D169 -> -0.0087421291 | AF75: ='D- Benefits & Burdens'!E169 -> -0.013295838 | AG75: ='D- Benefits & Burdens'!F169 -> -0.0050146547 | AH75: ='D- Benefits & Burdens'!G169 -> -0.0039041994 | AI75: ='D- Benefits & Burdens'!H169 -> -6.2555053e-05 | AJ75: ='D- Benefits & Burdens'!I169 -> -0.00011468426 | AK75: ='D- Benefits & Burdens'!J169 -> -0.0052144795 | AL75: ='D- Benefits & Burdens'!K169 -> -0.0027924657 | AM75: =SUM(AE75:AL75) -> -0.039141006 | AN75: =AD75+AM75 -> -0.037081252
A76: Eutrophication: terrestrial | B76: accumulated exceedance (AE) mol N-Eq | C76: ='A1 - Raw Material Supply'!K123 -> 0.12027135 | D76: ='A2 - Transport'!L127 -> 0.045367304 | E76: =SUM(C76:D76) -> 0.16563866 | F76: ='A1 - Raw Material Supply'!O123 -> 0.08954 | G76: ='A2 - Transport'!B127 -> 0.0002233972 | H76: =SUM(F76:G76) -> 0.089763397 | I76: ='A1 - Raw Material Supply'!N123 -> 0.045522972 | J76: ='A2 - Transport'!O127 -> 0.00098861375 | K76: =SUM(I76:J76) -> 0.046511586 | L76: ='C3'' - Secondary Raw Material '!B329 -> 0.00071642674 | M76: ='C2''- Transport Secondary'!D67 -> 0.0013321237 | N76: =SUM(L76:M76) -> 0.0020485504 | O76: ='C3'' - Secondary Raw Material '!C329+'C3'' - Secondary Raw Material '!D329+'C3'' - Secondary Raw Material '!E329 -> 0.16088281 | P76: ='C2''- Transport Secondary'!G67 -> 0.013188226 | Q76: =SUM(O76:P76) -> 0.17407104 | R76: ='A1 - Raw Material Supply'!Y123 -> 0.33505624 | S76: ='A2 - Transport'!Y127 -> 0.0015115971 | T76: =SUM(R76:S76) -> 0.33656783 | U76: ='A3 - Production '!D214 -> 0.064859522 | V76: ='A4 - Transport'!B26 -> 0.074512765 | W76: ='A5 - Construction'!B146 -> 0.0025631234 | X76: ='A5 - Construction'!C146 -> 0 | Y76: ='A5 - Construction'!D146 -> 0.00062900128 | Z76: =SUM(W76:Y76) -> 0.0031921247 | AA76: ='C1 - Deconstruction'!B95 -> 0 | AB76: ='D- Benefits & Burdens'!B170 -> 0.020447689 | AC76: ='D- Benefits & Burdens'!C170 -> 0.0020141849 | AD76: =SUM(AB76:AC76) -> 0.022461874 | AE76: ='D- Benefits & Burdens'!D170 -> -0.095690873 | AF76: ='D- Benefits & Burdens'!E170 -> -0.14792731 | AG76: ='D- Benefits & Burdens'!F170 -> -0.069943421 | AH76: ='D- Benefits & Burdens'!G170 -> -0.042879759 | AI76: ='D- Benefits & Burdens'!H170 -> -0.00068238028 | AJ76: ='D- Benefits & Burdens'!I170 -> -0.0012510305 | AK76: ='D- Benefits & Burdens'!J170 -> -0.056882023 | AL76: ='D- Benefits & Burdens'!K170 -> -0.030461544 | AM76: =SUM(AE76:AL76) -> -0.44571834 | AN76: =AD76+AM76 -> -0.42325647
A77: Human toxicity: carcinogenic | B77: comparative toxic unit for human (CTUh) | C77: ='A1 - Raw Material Supply'!K124 -> 2.3563611e-10 | D77: ='A2 - Transport'!L128 -> 2.0108867e-10 | E77: =SUM(C77:D77) -> 4.3672478e-10 | F77: ='A1 - Raw Material Supply'!O124 -> 9.0206e-09 | G77: ='A2 - Transport'!B128 -> 5.62788e-12 | H77: =SUM(F77:G77) -> 9.0262279e-09 | I77: ='A1 - Raw Material Supply'!N124 -> 7.0375513e-10 | J77: ='A2 - Transport'!O128 -> 1.0641441e-11 | K77: =SUM(I77:J77) -> 7.1439657e-10 | L77: ='C3'' - Secondary Raw Material '!B330 -> 1.3929951e-11 | M77: ='C2''- Transport Secondary'!D68 -> 8.022002e-11 | N77: =SUM(L77:M77) -> 9.4149971e-11 | O77: ='C3'' - Secondary Raw Material '!C330+'C3'' - Secondary Raw Material '!D330+'C3'' - Secondary Raw Material '!E330 -> 1.224513e-08 | P77: ='C2''- Transport Secondary'!G68 -> 1.021028e-10 | Q77: =SUM(O77:P77) -> 1.2347233e-08 | R77: ='A1 - Raw Material Supply'!Y124 -> 6.6661564e-09 | S77: ='A2 - Transport'!Y128 -> 1.5794685e-11 | T77: =SUM(R77:S77) -> 6.6819511e-09 | U77: ='A3 - Production '!D215 -> 2.7625344e-09 | V77: ='A4 - Transport'!B27 -> 6.504653e-10 | W77: ='A5 - Construction'!B147 -> 4.9836475e-11 | X77: ='A5 - Construction'!C147 -> 0 | Y77: ='A5 - Construction'!D147 -> 1.2230081e-11 | Z77: =SUM(W77:Y77) -> 6.2066556e-11 | AA77: ='C1 - Deconstruction'!B96 -> 0 | AB77: ='D- Benefits & Burdens'!B171 -> 1.7849978e-10 | AC77: ='D- Benefits & Burdens'!C171 -> 3.9163106e-11 | AD77: =SUM(AB77:AC77) -> 2.1766289e-10 | AE77: ='D- Benefits & Burdens'!D171 -> -9.7659821e-09 | AF77: ='D- Benefits & Burdens'!E171 -> -2.3758264e-09 | AG77: ='D- Benefits & Burdens'!F171 -> -1.3074218e-10 | AH77: ='D- Benefits & Burdens'!G171 -> -1.135164e-10 | AI77: ='D- Benefits & Burdens'!H171 -> -5.9568947e-12 | AJ77: ='D- Benefits & Burdens'!I171 -> -1.0920974e-11 | AK77: ='D- Benefits & Burdens'!J171 -> -4.9655629e-10 | AL77: ='D- Benefits & Burdens'!K171 -> -2.6591655e-10 | AM77: =SUM(AE77:AL77) -> -1.3165418e-08 | AN77: =AD77+AM77 -> -1.2947755e-08
A78: Human toxicity: non-carcinogenic | B78: comparative toxic unit for human (CTUh) | C78: ='A1 - Raw Material Supply'!K125 -> 5.871357e-09 | D78: ='A2 - Transport'!L129 -> 8.220972e-09 | E78: =SUM(C78:D78) -> 1.4092329e-08 | F78: ='A1 - Raw Material Supply'!O125 -> 2.6256e-07 | G78: ='A2 - Transport'!B129 -> 4.57912e-10 | H78: =SUM(F78:G78) -> 2.6301791e-07 | I78: ='A1 - Raw Material Supply'!N125 -> 3.7315171e-08 | J78: ='A2 - Transport'!O129 -> 8.6100725e-10 | K78: =SUM(I78:J78) -> 3.8176178e-08 | L78: ='C3'' - Secondary Raw Material '!B331 -> 3.7129004e-10 | M78: ='C2''- Transport Secondary'!D69 -> 5.1694253e-09 | N78: =SUM(L78:M78) -> 5.5407154e-09 | O78: ='C3'' - Secondary Raw Material '!C331+'C3'' - Secondary Raw Material '!D331+'C3'' - Secondary Raw Material '!E331 -> 1.843171e-07 | P78: ='C2''- Transport Secondary'!G69 -> 9.77846e-09 | Q78: =SUM(O78:P78) -> 1.9409556e-07 | R78: ='A1 - Raw Material Supply'!Y125 -> 3.0604709e-07 | S78: ='A2 - Transport'!Y129 -> 1.0994757e-09 | T78: =SUM(R78:S78) -> 3.0714656e-07 | U78: ='A3 - Production '!D216 -> 9.6382678e-08 | V78: ='A4 - Transport'!B28 -> 4.987355e-08 | W78: ='A5 - Construction'!B148 -> 1.3283454e-09 | X78: ='A5 - Construction'!C148 -> 0 | Y78: ='A5 - Construction'!D148 -> 3.2598156e-10 | Z78: =SUM(W78:Y78) -> 1.654327e-09 | AA78: ='C1 - Deconstruction'!B97 -> 0 | AB78: ='D- Benefits & Burdens'!B172 -> 1.368623e-08 | AC78: ='D- Benefits & Burdens'!C172 -> 1.0438566e-09 | AD78: =SUM(AB78:AC78) -> 1.4730087e-08 | AE78: ='D- Benefits & Burdens'!D172 -> -2.8155956e-07 | AF78: ='D- Benefits & Burdens'!E172 -> -1.2844589e-07 | AG78: ='D- Benefits & Burdens'!F172 -> -3.4706628e-09 | AH78: ='D- Benefits & Burdens'!G172 -> -1.8297351e-09 | AI78: ='D- Benefits & Burdens'!H172 -> -4.5673687e-10 | AJ78: ='D- Benefits & Burdens'!I172 -> -8.3735092e-10 | AK78: ='D- Benefits & Burdens'!J172 -> -3.8072784e-08 | AL78: ='D- Benefits & Burdens'!K172 -> -2.0388793e-08 | AM78: =SUM(AE78:AL78) -> -4.7506152e-07 | AN78: =AD78+AM78 -> -4.6033143e-07
... A85: Water use | B85: user deprivation potential (deprivation-weighted water consumption) m3 world eq deprived | C85: ='A1 - Raw Material Supply'!K132 -> 1.9702915 | D85: ='A2 - Transport'!L136 -> 0.069939458 | E85: =SUM(C85:D85) -> 2.0402309 | F85: ='A1 - Raw Material Supply'!O132 -> 0.23218 | G85: ='A2 - Transport'!B136 -> 0.0019464756 | H85: =SUM(F85:G85) -> 0.23412648 | I85: ='A1 - Raw Material Supply'!N132 -> 1.0211088 | J85: ='A2 - Transport'!O136 -> 0.0045623773 | K85: =SUM(I85:J85) -> 1.0256711 | L85: ='C3'' - Secondary Raw Material '!B338 -> 0.0040978206 | M85: ='C2''- Transport Secondary'!D76 -> 0.11058801 | N85: =SUM(L85:M85) -> 0.11468584 | O85: ='C3'' - Secondary Raw Material '!C338+'C3'' - Secondary Raw Material '!D338+'C3'' - Secondary Raw Material '!E338 -> 3.4004859 | P85: ='C2''- Transport Secondary'!G76 -> 0.10220875 | Q85: =SUM(O85:P85) -> 3.5026947 | R85: ='A1 - Raw Material Supply'!Y132 -> 6.1608231 | S85: ='A2 - Transport'!Y136 -> 0.0065796876 | T85: =SUM(R85:S85) -> 6.1674028 | U85: ='A3 - Production '!D223 -> 2.3467328 | V85: ='A4 - Transport'!B35 -> 0.21118341 | W85: ='A5 - Construction'!B155 -> 0.014660564 | X85: ='A5 - Construction'!C155 -> 0 | Y85: ='A5 - Construction'!D155 -> 0.0035977641 | Z85: =SUM(W85:Y85) -> 0.018258328 | AA85: ='C1 - Deconstruction'!B104 -> 0 | AB85: ='D- Benefits & Burdens'!B179 -> 0.057952656 | AC85: ='D- Benefits & Burdens'!C179 -> 0.011520743 | AD85: =SUM(AB85:AC85) -> 0.069473399 | AE85: ='D- Benefits & Burdens'!D179 -> -0.14196115 | AF85: ='D- Benefits & Burdens'!E179 -> -2.0193799 | AG85: ='D- Benefits & Burdens'!F179 -> -1.0323724 | AH85: ='D- Benefits & Burdens'!G179 -> -1.2345169 | AI85: ='D- Benefits & Burdens'!H179 -> -0.001933996 | AJ85: ='D- Benefits & Burdens'!I179 -> -0.0035456594 | AK85: ='D- Benefits & Burdens'!J179 -> -0.16121452 | AL85: ='D- Benefits & Burdens'!K179 -> -0.086333834 | AM85: =SUM(AE85:AL85) -> -4.6812584 | AN85: =AD85+AM85 -> -4.611785
A86: Check | B86: =+SUM(C67:C85,F67:F85,I67:I85,R67:R85)-SUM(C4:C22)+SUM(L67:L85,O67:O85)-SUM(D4:D22)+SUM(D67:D85,G67:G85,J67:J85,S67:S85)-SUM(E4:E22)+SUM(M67:M85,P67:P85)-SUM(F4:F22)+SUM(U67:U85)-SUM(G4:G22)+SUM(V67:V85)-SUM(H4:H22)+SUM(Z67:Z85)-SUM(I4:I22)+SUM(AA67:AA85)-SUM(J4:J22)+SUM(AN67:AN85)-SUM(K4:K22) -> 0 | U86: =+SUM(U67:U85)-SUM(G4:G22) -> 0 | V86: =+SUM(V67:V85)-SUM(H4:H22) -> 0 | Z86: =+SUM(Z67:Z85)-SUM(I4:I22) -> 0 | AA86: =+SUM(AA67:AA85)-SUM(J4:J22) -> 0 | AN86: =+SUM(AN67:AN85)-SUM(K4:K22) -> 0
A89: Single score per m2 per life cycle stage
A90: The total single score per impact categories are multiplied by 1000 to convert them from Points scale to Millipoint scale
A91: Impact Categories | B91: Normalization factor [unit/person.year] | C91: Weighting factor [%] | D91: A1 - Primary Material | E91: C3' - Secondary Material | F91: A2 - Transport Primary | G91: C2' - Transport Secondary | H91: A3- Production | I91: A4- Transport | J91: A5- Construction | K91: C1 - Deconstruction | L91: D- Burdens & Savings | M91: Total: A1-A3,C2',C3' (excl D) | N91: Total A1-A5,C1,C2',C3' (excl. D) | O91: Total (incl. D)
A92: Acidification | B92: 55.6 | C92: 0.062 | D92: =((C4/$B92)*$C92)*Input!$C$31 -> 5.2029914e-05 | E92: =((D4/$B92)*$C92)*Input!$C$31 -> 1.6037477e-05 | F92: =((E4/$B92)*$C92)*Input!$C$31 -> 3.0432772e-06 | G92: =((F4/$B92)*$C92)*Input!$C$31 -> 7.8801452e-07 | H92: =((G4/$B92)*$C92)*Input!$C$31 -> 5.6167031e-06 | I92: =((H4/$B92)*$C92)*Input!$C$31 -> 4.0759833e-06 | J92: =((I4/$B92)*$C92)*Input!$C$31 -> 2.7800721e-07 | K92: =((J4/$B92)*$C92)*Input!$C$31 -> 0 | L92: =((K4/$B92)*$C92)*Input!$C$31 -> -2.7684988e-05 | M92: =(SUM(D92:H92))*1000 -> 0.077515386 | N92: =SUM(D92:K92)*1000 -> 0.081869377 | O92: =SUM(D92:L92)*1000 -> 0.054184389
A93: Climate change | B93: 8100 | C93: 0.2106 | D93: =((C5/$B93)*$C93)*Input!$C$31 -> 0.00016051529 | E93: =((D5/$B93)*$C93)*Input!$C$31 -> 8.0728255e-05 | F93: =((E5/$B93)*$C93)*Input!$C$31 -> 8.6219582e-06 | G93: =((F5/$B93)*$C93)*Input!$C$31 -> 3.5071994e-06 | H93: =((G5/$B93)*$C93)*Input!$C$31 -> 9.364025e-05 | I93: =((H5/$B93)*$C93)*Input!$C$31 -> 3.4739057e-05 | J93: =((I5/$B93)*$C93)*Input!$C$31 -> 5.0700954e-06 | K93: =((J5/$B93)*$C93)*Input!$C$31 -> 0 | L93: =((K5/$B93)*$C93)*Input!$C$31 -> -0.00018721357 | M93: =(SUM(D93:H93))*1000 -> 0.34701295 | N93: =SUM(D93:K93)*1000 -> 0.3868221 | O93: =SUM(D93:L93)*1000 -> 0.19960854
A94: Climate change: biogenic
A95: Climate change: fossil
A96: Land use and land use change
A97: Ecotoxicity: freshwater | B97: 42700 | C97: 0.0192 | D97: =((C9/$B97)*$C97)*Input!$C$31 -> 5.2521697e-05 | E97: =((D9/$B97)*$C97)*Input!$C$31 -> 1.0266978e-05 | F97: =((E9/$B97)*$C97)*Input!$C$31 -> 1.7694424e-07 | G97: =((F9/$B97)*$C97)*Input!$C$31 -> 2.7173938e-07 | H97: =((G9/$B97)*$C97)*Input!$C$31 -> 1.6163171e-06 | I97: =((H9/$B97)*$C97)*Input!$C$31 -> 5.1057793e-07 | J97: =((I9/$B97)*$C97)*Input!$C$31 -> 3.87411e-08 | K97: =((J9/$B97)*$C97)*Input!$C$31 -> 0 | L97: =((K9/$B97)*$C97)*Input!$C$31 -> -5.4188607e-05 | M97: =(SUM(D97:H97))*1000 -> 0.064853676 | N97: =SUM(D97:K97)*1000 -> 0.065402995 | O97: =SUM(D97:L97)*1000 -> 0.011214388
A98: Energy resources: non-renewable | B98: 65000 | C98: 0.0755 | D98: =((C10/$B98)*$C98)*Input!$C$31 -> 0.00044663644 | E98: =((D10/$B98)*$C98)*Input!$C$31 -> 3.8372448e-05 | F98: =((E10/$B98)*$C98)*Input!$C$31 -> 5.0489412e-06 | G98: =((F10/$B98)*$C98)*Input!$C$31 -> 3.5390633e-06 | H98: =((G10/$B98)*$C98)*Input!$C$31 -> 9.7193353e-05 | I98: =((H10/$B98)*$C98)*Input!$C$31 -> 2.0866524e-05 | J98: =((I10/$B98)*$C98)*Input!$C$31 -> 3.0085821e-06 | K98: =((J10/$B98)*$C98)*Input!$C$31 -> 0 | L98: =((K10/$B98)*$C98)*Input!$C$31 -> -0.00024663005 | M98: =(SUM(D98:H98))*1000 -> 0.59079025 | N98: =SUM(D98:K98)*1000 -> 0.61466535 | O98: =SUM(D98:L98)*1000 -> 0.3680353
A99: Eutrophication: freshwater | B99: 1.61 | C99: 0.028 | D99: =((C11/$B99)*$C99)*Input!$C$31 -> 1.9208411e-05 | E99: =((D11/$B99)*$C99)*Input!$C$31 -> 1.6387446e-05 | F99: =((E11/$B99)*$C99)*Input!$C$31 -> 2.7676531e-07 | G99: =((F11/$B99)*$C99)*Input!$C$31 -> 3.1960675e-07 | H99: =((G11/$B99)*$C99)*Input!$C$31 -> 5.4065989e-06 | I99: =((H11/$B99)*$C99)*Input!$C$31 -> 5.3455805e-07 | J99: =((I11/$B99)*$C99)*Input!$C$31 -> 3.5851345e-08 | K99: =((J11/$B99)*$C99)*Input!$C$31 -> 0 | L99: =((K11/$B99)*$C99)*Input!$C$31 -> -1.0051441e-05 | M99: =(SUM(D99:H99))*1000 -> 0.041598828 | N99: =SUM(D99:K99)*1000 -> 0.042169237 | O99: =SUM(D99:L99)*1000 -> 0.032117797
A100: Eutrophication: marine | B100: 19.5 | C100: 0.0296 | D100: =((C12/$B100)*$C100)*Input!$C$31 -> 1.5374452e-05 | E100: =((D12/$B100)*$C100)*Input!$C$31 -> 5.6581478e-06 | F100: =((E12/$B100)*$C100)*Input!$C$31 -> 1.2771999e-06 | G100: =((F12/$B100)*$C100)*Input!$C$31 -> 6.223498e-07 | H100: =((G12/$B100)*$C100)*Input!$C$31 -> 1.8274308e-06 | I100: =((H12/$B100)*$C100)*Input!$C$31 -> 1.9907877e-06 | J100: =((I12/$B100)*$C100)*Input!$C$31 -> 8.5577463e-08 | K100: =((J12/$B100)*$C100)*Input!$C$31 -> 0 | L100: =((K12/$B100)*$C100)*Input!$C$31 -> -1.0807188e-05 | M100: =(SUM(D100:H100))*1000 -> 0.02475958 | N100: =SUM(D100:K100)*1000 -> 0.026835945 | O100: =SUM(D100:L100)*1000 -> 0.016028757
A101: Eutrophication: terrestrial | B101: 177 | C101: 0.0371 | D101: =((C13/$B101)*$C101)*Input!$C$31 -> 2.3759718e-05 | E101: =((D13/$B101)*$C101)*Input!$C$31 -> 6.5034108e-06 | F101: =((E13/$B101)*$C101)*Input!$C$31 -> 1.9353739e-06 | G101: =((F13/$B101)*$C101)*Input!$C$31 -> 5.8435794e-07 | H101: =((G13/$B101)*$C101)*Input!$C$31 -> 2.610211e-06 | I101: =((H13/$B101)*$C101)*Input!$C$31 -> 2.9986968e-06 | J101: =((I13/$B101)*$C101)*Input!$C$31 -> 1.2846408e-07 | K101: =((J13/$B101)*$C101)*Input!$C$31 -> 0 | L101: =((K13/$B101)*$C101)*Input!$C$31 -> -1.7033562e-05 | M101: =(SUM(D101:H101))*1000 -> 0.035393071 | N101: =SUM(D101:K101)*1000 -> 0.038520232 | O101: =SUM(D101:L101)*1000 -> 0.02148667
A102: Human toxicity: carcinogenic | B102: 1.69e-05 | C102: 0.0213 | D102: =((C14/$B102)*$C102)*Input!$C$31 -> 4.023331e-06 | E102: =((D14/$B102)*$C102)*Input!$C$31 -> 2.9665475e-06 | F102: =((E14/$B102)*$C102)*Input!$C$31 -> 5.6420189e-08 | G102: =((F14/$B102)*$C102)*Input!$C$31 -> 4.4119965e-08 | H102: =((G14/$B102)*$C102)*Input!$C$31 -> 6.6850062e-07 | I102: =((H14/$B102)*$C102)*Input!$C$31 -> 1.574049e-07 | J102: =((I14/$B102)*$C102)*Input!$C$31 -> 1.5019372e-08 | K102: =((J14/$B102)*$C102)*Input!$C$31 -> 0 | L102: =((K14/$B102)*$C102)*Input!$C$31 -> -3.1332034e-06 | M102: =(SUM(D102:H102))*1000 -> 0.0077589192 | N102: =SUM(D102:K102)*1000 -> 0.0079313435 | O102: =SUM(D102:L102)*1000 -> 0.00479814
A103: Human toxicity: non-carcinogenic | B103: 0.00023 | C103: 0.0184 | D103: =((C15/$B103)*$C103)*Input!$C$31 -> 9.3971499e-06 | E103: =((D15/$B103)*$C103)*Input!$C$31 -> 2.8368137e-06 | F103: =((E15/$B103)*$C103)*Input!$C$31 -> 1.6342068e-07 | G103: =((F15/$B103)*$C103)*Input!$C$31 -> 2.2959952e-07 | H103: =((G15/$B103)*$C103)*Input!$C$31 -> 1.4804379e-06 | I103: =((H15/$B103)*$C103)*Input!$C$31 -> 7.6605773e-07 | J103: =((I15/$B103)*$C103)*Input!$C$31 -> 2.5410463e-08 | K103: =((J15/$B103)*$C103)*Input!$C$31 -> 0 | L103: =((K15/$B103)*$C103)*Input!$C$31 -> -7.0706908e-06 | M103: =(SUM(D103:H103))*1000 -> 0.014107422 | N103: =SUM(D103:K103)*1000 -> 0.01489889 | O103: =SUM(D103:L103)*1000 -> 0.0078281992
A104: Ionising radiation: human health | B104: 4220 | C104: 0.0501 | D104: =((C16/$B104)*$C104)*Input!$C$31 -> 4.8209876e-06 | E104: =((D16/$B104)*$C104)*Input!$C$31 -> 2.3861328e-06 | F104: =((E16/$B104)*$C104)*Input!$C$31 -> 4.5738365e-08 | G104: =((F16/$B104)*$C104)*Input!$C$31 -> 8.9533782e-07 | H104: =((G16/$B104)*$C104)*Input!$C$31 -> 1.7870308e-05 | I104: =((H16/$B104)*$C104)*Input!$C$31 -> 9.6018772e-08 | J104: =((I16/$B104)*$C104)*Input!$C$31 -> 9.2331215e-09 | K104: =((J16/$B104)*$C104)*Input!$C$31 -> 0 | L104: =((K16/$B104)*$C104)*Input!$C$31 -> -2.4287417e-06 | M104: =(SUM(D104:H104))*1000 -> 0.026018504 | N104: =SUM(D104:K104)*1000 -> 0.026123756 | O104: =SUM(D104:L104)*1000 -> 0.023695015
A105: Land use | B105: 819000 | C105: 0.0794 | D105: =((C17/$B105)*$C105)*Input!$C$31 -> 4.6002386e-06 | E105: =((D17/$B105)*$C105)*Input!$C$31 -> 1.6464425e-06 | F105: =((E17/$B105)*$C105)*Input!$C$31 -> 6.6751712e-08 | G105: =((F17/$B105)*$C105)*Input!$C$31 -> 1.1301203e-07 | H105: =((G17/$B105)*$C105)*Input!$C$31 -> 6.0112596e-07 | I105: =((H17/$B105)*$C105)*Input!$C$31 -> 1.0928789e-07 | J105: =((I17/$B105)*$C105)*Input!$C$31 -> 1.2910703e-08 | K105: =((J17/$B105)*$C105)*Input!$C$31 -> 0 | L105: =((K17/$B105)*$C105)*Input!$C$31 -> -9.3864509e-06 | M105: =(SUM(D105:H105))*1000 -> 0.0070275708 | N105: =SUM(D105:K105)*1000 -> 0.0071497694 | O105: =SUM(D105:L105)*1000 -> -0.0022366815
A106: Material resources: metals/minerals | B106: 65000 | C106: 0.0832 | D106: =((C18/$B106)*$C106)*Input!$C$31 -> 6.4148691e-10 | E106: =((D18/$B106)*$C106)*Input!$C$31 -> 2.0950254e-11 | F106: =((E18/$B106)*$C106)*Input!$C$31 -> 5.5338597e-13 | G106: =((F18/$B106)*$C106)*Input!$C$31 -> 1.4375304e-12 | H106: =((G18/$B106)*$C106)*Input!$C$31 -> 2.4537276e-11 | I106: =((H18/$B106)*$C106)*Input!$C$31 -> 1.853793e-12 | J106: =((I18/$B106)*$C106)*Input!$C$31 -> 3.8921335e-14 | K106: =((J18/$B106)*$C106)*Input!$C$31 -> 0 | L106: =((K18/$B106)*$C106)*Input!$C$31 -> -1.9028721e-11 | M106: =(SUM(D106:H106))*1000 -> 6.8896536e-07 | N106: =SUM(D106:K106)*1000 -> 6.9085807e-07 | O106: =SUM(D106:L106)*1000 -> 6.7182935e-07
A107: Ozone depletion | B107: 0.0536 | C107: 0.0631 | D107: =((C19/$B107)*$C107)*Input!$C$31 -> 7.0784947e-08 | E107: =((D19/$B107)*$C107)*Input!$C$31 -> 2.9851412e-08 | F107: =((E19/$B107)*$C107)*Input!$C$31 -> 7.8265934e-09 | G107: =((F19/$B107)*$C107)*Input!$C$31 -> 4.3862599e-09 | H107: =((G19/$B107)*$C107)*Input!$C$31 -> 5.0142996e-07 | I107: =((H19/$B107)*$C107)*Input!$C$31 -> 3.498806e-08 | J107: =((I19/$B107)*$C107)*Input!$C$31 -> 5.1731795e-09 | K107: =((J19/$B107)*$C107)*Input!$C$31 -> 0 | L107: =((K19/$B107)*$C107)*Input!$C$31 -> -5.6043307e-08 | M107: =(SUM(D107:H107))*1000 -> 0.00061427917 | N107: =SUM(D107:K107)*1000 -> 0.00065444041 | O107: =SUM(D107:L107)*1000 -> 0.0005983971
A108: Particulate matter formation | B108: 0.000595 | C108: 0.0896 | D108: =((C20/$B108)*$C108)*Input!$C$31 -> 8.3992934e-05 | E108: =((D20/$B108)*$C108)*Input!$C$31 -> 5.9222521e-05 | F108: =((E20/$B108)*$C108)*Input!$C$31 -> 3.2975312e-06 | G108: =((F20/$B108)*$C108)*Input!$C$31 -> 1.7861377e-06 | H108: =((G20/$B108)*$C108)*Input!$C$31 -> 4.2380027e-06 | I108: =((H20/$B108)*$C108)*Input!$C$31 -> 1.3604956e-05 | J108: =((I20/$B108)*$C108)*Input!$C$31 -> 2.8922606e-07 | K108: =((J20/$B108)*$C108)*Input!$C$31 -> 0 | L108: =((K20/$B108)*$C108)*Input!$C$31 -> -5.4033505e-05 | M108: =(SUM(D108:H108))*1000 -> 0.15253713 | N108: =SUM(D108:K108)*1000 -> 0.16643131 | O108: =SUM(D108:L108)*1000 -> 0.1123978
... A110: Water use | B110: 11500 | C110: 0.0851 | D110: =((C22/$B110)*$C110)*Input!$C$31 -> 1.333336e-05 | E110: =((D22/$B110)*$C110)*Input!$C$31 -> 4.8372326e-06 | F110: =((E22/$B110)*$C110)*Input!$C$31 -> 1.1796618e-07 | G110: =((F22/$B110)*$C110)*Input!$C$31 -> 3.0234164e-07 | H110: =((G22/$B110)*$C110)*Input!$C$31 -> 3.3342379e-06 | I110: =((H22/$B110)*$C110)*Input!$C$31 -> 3.0004938e-07 | J110: =((I22/$B110)*$C110)*Input!$C$31 -> 2.5941433e-08 | K110: =((J22/$B110)*$C110)*Input!$C$31 -> 0 | L110: =((K22/$B110)*$C110)*Input!$C$31 -> -6.5524241e-06 | M110: =(SUM(D110:H110))*1000 -> 0.021925139 | N110: =SUM(D110:K110)*1000 -> 0.022251129 | O110: =SUM(D110:L110)*1000 -> 0.015698705
A111: Total | C111: =SUM(C92:C110) -> 1 | D111: =SUM(D92:D110)*1000 -> 0.93429227 | E111: =SUM(E92:E110)*1000 -> 0.25990395 | F111: =SUM(F92:F110)*1000 -> 0.027503305 | G111: =SUM(G92:G110)*1000 -> 0.013763179 | H111: =SUM(H92:H110)*1000 -> 0.24147907 | I111: =SUM(I92:I110)*1000 -> 0.087560407 | J111: =SUM(J92:J110)*1000 -> 0.0095937338 | K111: =SUM(K92:K110)*1000 -> 0 | L111: =SUM(L92:L110)*1000 -> -0.66741176 | M111: =SUM(M92:M110) -> 1.4769418 | N111: =SUM(N92:N110) -> 1.5740959 | O111: =SUM(O92:O110) -> 0.90668415
A112: Check | B112: =+SUM(D47:L47)*Input!$C$31-SUM(Results!D111:L111) -> 0 | D112: =+D47*Input!$C$31-D111 -> 0 | E112: =+E47*Input!$C$31-E111 -> 0 | F112: =+F47*Input!$C$31-F111 -> 0 | G112: =+G47*Input!$C$31-G111 -> 0 | H112: =+H47*Input!$C$31-H111 -> 0 | I112: =+I47*Input!$C$31-I111 -> 0 | J112: =+J47*Input!$C$31-J111 -> 0 | K112: =+K47*Input!$C$31-K111 -> 0 | ... O112: =+O47*Input!$C$31-O111 -> 0
A115: Global warming impact per m2 per life cycle stage (A1-D)
A117: Impact Categories | B117: Unit | C117: A1 - Primary Material | D117: C3' - Secondary Material | E117: A2 - Transport Primary | F117: C2' - Transport Secondary | G117: A3- Production | H117: A4- Transport | I117: A5- Construction | J117: C1 - Deconstruction | K117: D- Burden & Savings | L117: Total: A1-A3,C2',C3' (excl D) | M117: Total A1-A5,C1,C2',C3' (excl. D)
A118: Climate change | B118: Global warming potential (GWP100) kgCO2-Eq/m2 | C118: ='A1 - Raw Material Supply'!$Z$115*Input!$C$31 -> 6.1736649 | D118: ='C3'' - Secondary Raw Material '!$F$321*Input!$C$31 -> 3.1049329 | E118: ='A2 - Transport'!$Z$119*Input!$C$31 -> 0.33161378 | F118: =('C2''- Transport Secondary'!$D$59+'C2''- Transport Secondary'!$G$59)*Input!$C$31 -> 0.13489229 | G118: ='A3 - Production '!$D$206*Input!$C$31 -> 3.6015481 | H118: ='A4 - Transport'!$B$18*Input!$C$31 -> 1.3361176 | I118: ='A5 - Construction'!$E$138*Input!$C$31 -> 0.19500367 | J118: ='C1 - Deconstruction'!$B$87*Input!$C$31 -> 0 | K118: ='D- Benefits & Burdens'!$N$162*Input!$C$31 -> -7.2005217 | L118: =SUM(C118:G118) -> 13.346652 | M118: =SUM(C118:J118) -> 14.877773
A119: Check | B119: =+SUM(E134,H134,K134,N134,Q134,T134,U134,V134,Z134,AA134,AD134,AM134)-SUM(C118:K118) -> 0 | L119: =+L118-L53*Input!$C$31 -> 0 | M119: =+M118-M53*Input!$C$31 -> 0
A121: Global warming impact per m2 per process (A1-D)
A122: Used for Result Dashboard - Figure II-4 (bottom right) | O122: Plant | P122: Mix | Q122: Construction | R122: Deconstruction
A123: Impact categories | B123: Unit/m2 | C123: Agg | E123: Virgin binder | G123: Filler | I123: RAP | K123: Other Waste | M123: Additiv | S123: Burdens | U123: Savings
C124: A1 - Primary Material | D124: A2 - Transport Primary | E124: A1 - Primary Material | F124: A2 - Transport Primary | G124: A1 - Primary Material | H124: A2 - Transport Primary | I124: C3' - Secondary Material | J124: C2' - Transport Secondary | K124: C3' - Secondary Material | L124: C2' - Transport Secondary | M124: A1 - Primary Material | N124: A2 - Transport Primary | O124: A3 - Production | P124: A4 - Transport | Q124: A5 - Construction | R124: C1 - Deconstruction | S124: C3' - Secondary Raw Material | T124: A2' - Transport | U124: Binder | V124: Filler | W124: Aggregate | X124: Sand | Y124: A2' - Transport: Binder | Z124: A2' - Transport: Filler | AA124: A2' - Transport: Aggregate | AB124: A2' - Transport: Sand
A125: Climate change | B125: Global warming potential (GWP100) kgCO2-Eq/m2 | C125: =C68*Input!$C$31 -> 0.27190407 | D125: =D68*Input!$C$31 -> 0.26697318 | E125: =F68*Input!$C$31 -> 0.70656 | F125: =G68*Input!$C$31 -> 0.012191605 | G125: =I68*Input!$C$31 -> 1.0844304 | H125: =J68*Input!$C$31 -> 0.020563444 | I125: =L68*Input!C31 -> 0.043765785 | J125: =M68*Input!C31 -> 0.036758751 | K125: =O68*Input!$C$31 -> 3.0611671 | L125: =P68*Input!$C$31 -> 0.098133535 | M125: =R68*Input!$C$31 -> 4.1107704 | N125: =S68*Input!$C$31 -> 0.031885543 | O125: =U68*Input!$C$31 -> 3.6015481 | P125: =V68*Input!$C$31 -> 1.3361176 | Q125: =Z68*Input!$C$31 -> 0.19500367 | R125: =AA68*Input!$C$31 -> 0 | S125: =$AC$68*Input!$C$31 -> 0.12304452 | T125: =$AB$68*Input!$C$31 -> 0.36665553 | U125: =AE68*Input!$C$31 -> -2.0036015 | V125: =AF68*Input!$C$31 -> -3.761197 | W125: =AG68*Input!$C$31 -> -0.1392912 | X125: =AH68*Input!$C$31 -> -0.18527165 | Y125: =AI68*Input!$C$31 -> -0.012236028 | Z125: =AJ68*Input!$C$31 -> -0.022432718 | AA125: =AK68*Input!$C$31 -> -1.0199738 | AB125: =AL68*Input!$C$31 -> -0.54621789
A126: Check | B126: =+SUM(C118:J118)-SUM(C125:R125) -> 0
A129: Environmental impacts per m2 per process (A1-D)
...

Sheet A1 - Raw Material Supply
A2: Impacts: Asphalt mix components
A3: Components | B3: Materials | C3: Mass (ton] | D3: List | E3: acidification | accumulated exceedance (AE) mol H+ -eq | F3: climate change | global warming potential (GWP100) kgCO2-Eq | G3: climate change: biogenic | global warming potential (GWP100) kgCO2-Eq | H3: climate change: fossil | global warming potential (GWP100) kgCO2-Eq | I3: land use and land use change | global warming potential (GWP100) kgCO2-Eq | J3: ecotoxicity: freshwater | comparative toxic unit for ecosystems (CTUe) | K3: energy resources: non-renewable | abiotic depletion potential (ADP): fossil fuels MJ, net calorific value | L3: eutrophication: freshwater | fraction of nutrients reaching freshwater end compartment (P) | M3: eutrophication: marine | fraction of nutrients reaching marine end compartment (N) kg N-Eq | N3: eutrophication: terrestrial | accumulated exceedance (AE) mol N-Eq | O3: human toxicity: carcinogenic | comparative toxic unit for human (CTUh) | P3: human toxicity: non-carcinogenic | comparative toxic unit for human (CTUh) | Q3: ionising radiation: human health | human exposure efficiency relative to u235 kBq U235-Eq | R3: land use | soil quality index dimensionless | S3: material resources: metals/minerals | abiotic depletion potential (ADP): elements (ultimate reserves) kg Sb-Eq | T3: ozone depletion|ozone depletion potential (ODP) kg CFC-11-Eq | U3: particulate matter formation | impact on human health | V3: photochemical oxidant formation: human health | tropospheric ozone concentration increase kg NMVOC-Eq | W3: water use | user deprivation potential (deprivation-weighted water consumption) m3 world eq deprived
A4: Binder | B4: =Input!A39 -> Virgin binder | C4: =+Input!B39*(1-Input!E39) -> 0.018 | D4: =Input!$C$39 -> Conventional_Bitumen | E4: {=INDEX(LCI!H$2:H$137,MATCH('A1 - Raw Material Supply'!$B4&'A1 - Raw Material Supply'!$D4,LCI!$B2:$B137&LCI!$D2:$D137,0))*$C4} -> 0.03096 | F4: {=INDEX(LCI!I$2:I$137,MATCH('A1 - Raw Material Supply'!$B4&'A1 - Raw Material Supply'!$D4,LCI!$B2:$B137&LCI!$D2:$D137,0))*$C4} -> 9.54 | G4: {=INDEX(LCI!J$2:J$137,MATCH('A1 - Raw Material Supply'!$B4&'A1 - Raw Material Supply'!$D4,LCI!$B2:$B137&LCI!$D2:$D137,0))*$C4} -> 0.0378 | H4: {=INDEX(LCI!K$2:K$137,MATCH('A1 - Raw Material Supply'!$B4&'A1 - Raw Material Supply'!$D4,LCI!$B2:$B137&LCI!$D2:$D137,0))*$C4} -> 9.504 | I4: {=INDEX(LCI!L$2:L$137,MATCH('A1 - Raw Material Supply'!$B4&'A1 - Raw Material Supply'!$D4,LCI!$B2:$B137&LCI!$D2:$D137,0))*$C4} -> 0.00477 | J4: {=INDEX(LCI!M$2:M$137,MATCH('A1 - Raw Material Supply'!$B4&'A1 - Raw Material Supply'!$D4,LCI!$B2:$B137&LCI!$D2:$D137,0))*$C4} -> 513 | K4: {=INDEX(LCI!N$2:N$137,MATCH('A1 - Raw Material Supply'!$B4&'A1 - Raw Material Supply'!$D4,LCI!$B2:$B137&LCI!$D2:$D137,0))*$C4} -> 824.4 | L4: {=INDEX(LCI!O$2:O$137,MATCH('A1 - Raw Material Supply'!$B4&'A1 - Raw Material Supply'!$D4,LCI!$B2:$B137&LCI!$D2:$D137,0))*$C4} -> 8.01e-06 | ... W4: {=INDEX(LCI!Z$2:Z$137,MATCH('A1 - Raw Material Supply'!$B4&'A1 - Raw Material Supply'!$D4,LCI!$B2:$B137&LCI!$D2:$D137,0))*$C4} -> 0.12978
A5: Aggregate | B5: =Input!A40 -> Virgin crushed coarse aggregate 1 (>2 mm) | C5: =+Input!B40*(1-Input!E40) -> 0 | E5: =INDEX(LCI!H$2:H$130,MATCH('A1 - Raw Material Supply'!$B5,LCI!$D$2:$D$130,0))*$C5 -> 0 | F5: =INDEX(LCI!I$2:I$130,MATCH('A1 - Raw Material Supply'!$B5,LCI!$D$2:$D$130,0))*$C5 -> 0 | G5: =INDEX(LCI!J$2:J$130,MATCH('A1 - Raw Material Supply'!$B5,LCI!$D$2:$D$130,0))*$C5 -> 0 | H5: =INDEX(LCI!K$2:K$130,MATCH('A1 - Raw Material Supply'!$B5,LCI!$D$2:$D$130,0))*$C5 -> 0 | I5: =INDEX(LCI!L$2:L$130,MATCH('A1 - Raw Material Supply'!$B5,LCI!$D$2:$D$130,0))*$C5 -> 0 | J5: =INDEX(LCI!M$2:M$130,MATCH('A1 - Raw Material Supply'!$B5,LCI!$D$2:$D$130,0))*$C5 -> 0 | K5: =INDEX(LCI!N$2:N$130,MATCH('A1 - Raw Material Supply'!$B5,LCI!$D$2:$D$130,0))*$C5 -> 0 | L5: =INDEX(LCI!O$2:O$130,MATCH('A1 - Raw Material Supply'!$B5,LCI!$D$2:$D$130,0))*$C5 -> 0 | ... W5: =INDEX(LCI!Z$2:Z$130,MATCH('A1 - Raw Material Supply'!$B5,LCI!$D$2:$D$130,0))*$C5 -> 0
B6: =Input!A41 -> Virgin crushed coarse aggregate 2 (>2 mm) | C6: =+Input!B41*(1-Input!E41) -> 0.2 | E6: =INDEX(LCI!H$2:H$130,MATCH('A1 - Raw Material Supply'!$B6,LCI!$D$2:$D$130,0))*$C6 -> 0.010887407 | F6: =INDEX(LCI!I$2:I$130,MATCH('A1 - Raw Material Supply'!$B6,LCI!$D$2:$D$130,0))*$C6 -> 0.56578264 | G6: =INDEX(LCI!J$2:J$130,MATCH('A1 - Raw Material Supply'!$B6,LCI!$D$2:$D$130,0))*$C6 -> 0.0017439429 | H6: =INDEX(LCI!K$2:K$130,MATCH('A1 - Raw Material Supply'!$B6,LCI!$D$2:$D$130,0))*$C6 -> 0.56385271 | I6: =INDEX(LCI!L$2:L$130,MATCH('A1 - Raw Material Supply'!$B6,LCI!$D$2:$D$130,0))*$C6 -> 0.0001859889 | J6: =INDEX(LCI!M$2:M$130,MATCH('A1 - Raw Material Supply'!$B6,LCI!$D$2:$D$130,0))*$C6 -> 5.5905857 | K6: =INDEX(LCI!N$2:N$130,MATCH('A1 - Raw Material Supply'!$B6,LCI!$D$2:$D$130,0))*$C6 -> 8.0169956 | L6: =INDEX(LCI!O$2:O$130,MATCH('A1 - Raw Material Supply'!$B6,LCI!$D$2:$D$130,0))*$C6 -> 4.1805746e-05 | ... W6: =INDEX(LCI!Z$2:Z$130,MATCH('A1 - Raw Material Supply'!$B6,LCI!$D$2:$D$130,0))*$C6 -> 0.80512543
B7: =Input!A42 -> Virgin crushed coarse aggregate 3 (>2 mm) | C7: =+Input!B42*(1-Input!E42) -> 0.1 | E7: =INDEX(LCI!H$2:H$130,MATCH('A1 - Raw Material Supply'!$B7,LCI!$D$2:$D$130,0))*$C7 -> 0.0054437035 | F7: =INDEX(LCI!I$2:I$130,MATCH('A1 - Raw Material Supply'!$B7,LCI!$D$2:$D$130,0))*$C7 -> 0.28289132 | G7: =INDEX(LCI!J$2:J$130,MATCH('A1 - Raw Material Supply'!$B7,LCI!$D$2:$D$130,0))*$C7 -> 0.00087197146 | H7: =INDEX(LCI!K$2:K$130,MATCH('A1 - Raw Material Supply'!$B7,LCI!$D$2:$D$130,0))*$C7 -> 0.28192635 | I7: =INDEX(LCI!L$2:L$130,MATCH('A1 - Raw Material Supply'!$B7,LCI!$D$2:$D$130,0))*$C7 -> 9.2994451e-05 | J7: =INDEX(LCI!M$2:M$130,MATCH('A1 - Raw Material Supply'!$B7,LCI!$D$2:$D$130,0))*$C7 -> 2.7952928 | K7: =INDEX(LCI!N$2:N$130,MATCH('A1 - Raw Material Supply'!$B7,LCI!$D$2:$D$130,0))*$C7 -> 4.0084978 | L7: =INDEX(LCI!O$2:O$130,MATCH('A1 - Raw Material Supply'!$B7,LCI!$D$2:$D$130,0))*$C7 -> 2.0902873e-05 | ... W7: =INDEX(LCI!Z$2:Z$130,MATCH('A1 - Raw Material Supply'!$B7,LCI!$D$2:$D$130,0))*$C7 -> 0.40256271
B8: =Input!A43 -> Virgin crushed fine aggregate 1 (≤2 mm) | C8: =+Input!B43*(1-Input!E43) -> 0.06 | E8: =INDEX(LCI!H$2:H$130,MATCH('A1 - Raw Material Supply'!$B8,LCI!$D$2:$D$130,0))*$C8 -> 0.0032662221 | F8: =INDEX(LCI!I$2:I$130,MATCH('A1 - Raw Material Supply'!$B8,LCI!$D$2:$D$130,0))*$C8 -> 0.16973479 | G8: =INDEX(LCI!J$2:J$130,MATCH('A1 - Raw Material Supply'!$B8,LCI!$D$2:$D$130,0))*$C8 -> 0.00052318288 | H8: =INDEX(LCI!K$2:K$130,MATCH('A1 - Raw Material Supply'!$B8,LCI!$D$2:$D$130,0))*$C8 -> 0.16915581 | I8: =INDEX(LCI!L$2:L$130,MATCH('A1 - Raw Material Supply'!$B8,LCI!$D$2:$D$130,0))*$C8 -> 5.5796671e-05 | J8: =INDEX(LCI!M$2:M$130,MATCH('A1 - Raw Material Supply'!$B8,LCI!$D$2:$D$130,0))*$C8 -> 1.6771757 | K8: =INDEX(LCI!N$2:N$130,MATCH('A1 - Raw Material Supply'!$B8,LCI!$D$2:$D$130,0))*$C8 -> 2.4050987 | L8: =INDEX(LCI!O$2:O$130,MATCH('A1 - Raw Material Supply'!$B8,LCI!$D$2:$D$130,0))*$C8 -> 1.2541724e-05 | ... W8: =INDEX(LCI!Z$2:Z$130,MATCH('A1 - Raw Material Supply'!$B8,LCI!$D$2:$D$130,0))*$C8 -> 0.24153763
B9: =Input!A44 -> Virgin crushed fine aggregate 2 (≤2 mm) | C9: =+Input!B44*(1-Input!E44) -> 0 | E9: =INDEX(LCI!H$2:H$130,MATCH('A1 - Raw Material Supply'!$B9,LCI!$D$2:$D$130,0))*$C9 -> 0 | F9: =INDEX(LCI!I$2:I$130,MATCH('A1 - Raw Material Supply'!$B9,LCI!$D$2:$D$130,0))*$C9 -> 0 | G9: =INDEX(LCI!J$2:J$130,MATCH('A1 - Raw Material Supply'!$B9,LCI!$D$2:$D$130,0))*$C9 -> 0 | H9: =INDEX(LCI!K$2:K$130,MATCH('A1 - Raw Material Supply'!$B9,LCI!$D$2:$D$130,0))*$C9 -> 0 | I9: =INDEX(LCI!L$2:L$130,MATCH('A1 - Raw Material Supply'!$B9,LCI!$D$2:$D$130,0))*$C9 -> 0 | J9: =INDEX(LCI!M$2:M$130,MATCH('A1 - Raw Material Supply'!$B9,LCI!$D$2:$D$130,0))*$C9 -> 0 | K9: =INDEX(LCI!N$2:N$130,MATCH('A1 - Raw Material Supply'!$B9,LCI!$D$2:$D$130,0))*$C9 -> 0 | L9: =INDEX(LCI!O$2:O$130,MATCH('A1 - Raw Material Supply'!$B9,LCI!$D$2:$D$130,0))*$C9 -> 0 | ... W9: =INDEX(LCI!Z$2:Z$130,MATCH('A1 - Raw Material Supply'!$B9,LCI!$D$2:$D$130,0))*$C9 -> 0
B10: =Input!A45 -> Virgin crushed fine aggregate 3 (≤2 mm) | C10: =+Input!B45*(1-Input!E45) -> 0.03 | E10: =INDEX(LCI!H$2:H$130,MATCH('A1 - Raw Material Supply'!$B10,LCI!$D$2:$D$130,0))*$C10 -> 0.0016331111 | F10: =INDEX(LCI!I$2:I$130,MATCH('A1 - Raw Material Supply'!$B10,LCI!$D$2:$D$130,0))*$C10 -> 0.084867396 | G10: =INDEX(LCI!J$2:J$130,MATCH('A1 - Raw Material Supply'!$B10,LCI!$D$2:$D$130,0))*$C10 -> 0.00026159144 | H10: =INDEX(LCI!K$2:K$130,MATCH('A1 - Raw Material Supply'!$B10,LCI!$D$2:$D$130,0))*$C10 -> 0.084577906 | I10: =INDEX(LCI!L$2:L$130,MATCH('A1 - Raw Material Supply'!$B10,LCI!$D$2:$D$130,0))*$C10 -> 2.7898335e-05 | J10: =INDEX(LCI!M$2:M$130,MATCH('A1 - Raw Material Supply'!$B10,LCI!$D$2:$D$130,0))*$C10 -> 0.83858785 | K10: =INDEX(LCI!N$2:N$130,MATCH('A1 - Raw Material Supply'!$B10,LCI!$D$2:$D$130,0))*$C10 -> 1.2025493 | L10: =INDEX(LCI!O$2:O$130,MATCH('A1 - Raw Material Supply'!$B10,LCI!$D$2:$D$130,0))*$C10 -> 6.2708619e-06 | ... W10: =INDEX(LCI!Z$2:Z$130,MATCH('A1 - Raw Material Supply'!$B10,LCI!$D$2:$D$130,0))*$C10 -> 0.12076881
B11: =Input!A46 -> Virgin natural fine aggregate 1 (≤2 mm) | C11: =+Input!B46*(1-Input!E46) -> 0.02 | E11: =INDEX(LCI!H$2:H$130,MATCH('A1 - Raw Material Supply'!$B11,LCI!$D$2:$D$130,0))*$C11 -> 0.00091951718 | F11: =INDEX(LCI!I$2:I$130,MATCH('A1 - Raw Material Supply'!$B11,LCI!$D$2:$D$130,0))*$C11 -> 0.10429696 | G11: =INDEX(LCI!J$2:J$130,MATCH('A1 - Raw Material Supply'!$B11,LCI!$D$2:$D$130,0))*$C11 -> -2.5091977e-05 | H11: =INDEX(LCI!K$2:K$130,MATCH('A1 - Raw Material Supply'!$B11,LCI!$D$2:$D$130,0))*$C11 -> 0.1043077 | I11: =INDEX(LCI!L$2:L$130,MATCH('A1 - Raw Material Supply'!$B11,LCI!$D$2:$D$130,0))*$C11 -> 1.435269e-05 | J11: =INDEX(LCI!M$2:M$130,MATCH('A1 - Raw Material Supply'!$B11,LCI!$D$2:$D$130,0))*$C11 -> 0.089073775 | K11: =INDEX(LCI!N$2:N$130,MATCH('A1 - Raw Material Supply'!$B11,LCI!$D$2:$D$130,0))*$C11 -> 1.3556791 | L11: =INDEX(LCI!O$2:O$130,MATCH('A1 - Raw Material Supply'!$B11,LCI!$D$2:$D$130,0))*$C11 -> 4.7041222e-06 | ... W11: =INDEX(LCI!Z$2:Z$130,MATCH('A1 - Raw Material Supply'!$B11,LCI!$D$2:$D$130,0))*$C11 -> 0.1334323
B12: =Input!A47 -> Virgin natural fine aggregate 2 (≤2 mm) | C12: =+Input!B47*(1-Input!E47) -> 0.02 | E12: =INDEX(LCI!H$2:H$130,MATCH('A1 - Raw Material Supply'!$B12,LCI!$D$2:$D$130,0))*$C12 -> 0.00091951718 | F12: =INDEX(LCI!I$2:I$130,MATCH('A1 - Raw Material Supply'!$B12,LCI!$D$2:$D$130,0))*$C12 -> 0.10429696 | G12: =INDEX(LCI!J$2:J$130,MATCH('A1 - Raw Material Supply'!$B12,LCI!$D$2:$D$130,0))*$C12 -> -2.5091977e-05 | H12: =INDEX(LCI!K$2:K$130,MATCH('A1 - Raw Material Supply'!$B12,LCI!$D$2:$D$130,0))*$C12 -> 0.1043077 | I12: =INDEX(LCI!L$2:L$130,MATCH('A1 - Raw Material Supply'!$B12,LCI!$D$2:$D$130,0))*$C12 -> 1.435269e-05 | J12: =INDEX(LCI!M$2:M$130,MATCH('A1 - Raw Material Supply'!$B12,LCI!$D$2:$D$130,0))*$C12 -> 0.089073775 | K12: =INDEX(LCI!N$2:N$130,MATCH('A1 - Raw Material Supply'!$B12,LCI!$D$2:$D$130,0))*$C12 -> 1.3556791 | L12: =INDEX(LCI!O$2:O$130,MATCH('A1 - Raw Material Supply'!$B12,LCI!$D$2:$D$130,0))*$C12 -> 4.7041222e-06 | ... W12: =INDEX(LCI!Z$2:Z$130,MATCH('A1 - Raw Material Supply'!$B12,LCI!$D$2:$D$130,0))*$C12 -> 0.1334323
B13: =Input!A48 -> Virgin natural fine aggregate 3 (≤2 mm) | C13: =+Input!B48*(1-Input!E48) -> 0.02 | E13: =INDEX(LCI!H$2:H$130,MATCH('A1 - Raw Material Supply'!$B13,LCI!$D$2:$D$130,0))*$C13 -> 0.00091951718 | F13: =INDEX(LCI!I$2:I$130,MATCH('A1 - Raw Material Supply'!$B13,LCI!$D$2:$D$130,0))*$C13 -> 0.10429696 | G13: =INDEX(LCI!J$2:J$130,MATCH('A1 - Raw Material Supply'!$B13,LCI!$D$2:$D$130,0))*$C13 -> -2.5091977e-05 | H13: =INDEX(LCI!K$2:K$130,MATCH('A1 - Raw Material Supply'!$B13,LCI!$D$2:$D$130,0))*$C13 -> 0.1043077 | I13: =INDEX(LCI!L$2:L$130,MATCH('A1 - Raw Material Supply'!$B13,LCI!$D$2:$D$130,0))*$C13 -> 1.435269e-05 | J13: =INDEX(LCI!M$2:M$130,MATCH('A1 - Raw Material Supply'!$B13,LCI!$D$2:$D$130,0))*$C13 -> 0.089073775 | K13: =INDEX(LCI!N$2:N$130,MATCH('A1 - Raw Material Supply'!$B13,LCI!$D$2:$D$130,0))*$C13 -> 1.3556791 | L13: =INDEX(LCI!O$2:O$130,MATCH('A1 - Raw Material Supply'!$B13,LCI!$D$2:$D$130,0))*$C13 -> 4.7041222e-06 | ... W13: =INDEX(LCI!Z$2:Z$130,MATCH('A1 - Raw Material Supply'!$B13,LCI!$D$2:$D$130,0))*$C13 -> 0.1334323
A14: Filler | B14: =Input!A49 -> Filler 1 | C14: =+Input!B49*(1-Input!E49) -> 0.01 | D14: =Input!$C$49 -> Cement | E14: {=INDEX(LCI!H$2:H$130,MATCH('A1 - Raw Material Supply'!$B$14&'A1 - Raw Material Supply'!$D$14,LCI!$B$2:$B$130&LCI!$D$2:$D$130,0))*$C14} -> 0.0155713 | F14: {=INDEX(LCI!I$2:I$130,MATCH('A1 - Raw Material Supply'!$B$14&'A1 - Raw Material Supply'!$D$14,LCI!$B$2:$B$130&LCI!$D$2:$D$130,0))*$C14} -> 5.4268669 | G14: {=INDEX(LCI!J$2:J$130,MATCH('A1 - Raw Material Supply'!$B$14&'A1 - Raw Material Supply'!$D$14,LCI!$B$2:$B$130&LCI!$D$2:$D$130,0))*$C14} -> 0.082324045 | H14: {=INDEX(LCI!K$2:K$130,MATCH('A1 - Raw Material Supply'!$B$14&'A1 - Raw Material Supply'!$D$14,LCI!$B$2:$B$130&LCI!$D$2:$D$130,0))*$C14} -> 5.3421646 | I14: {=INDEX(LCI!L$2:L$130,MATCH('A1 - Raw Material Supply'!$B$14&'A1 - Raw Material Supply'!$D$14,LCI!$B$2:$B$130&LCI!$D$2:$D$130,0))*$C14} -> 0.0023781735 | J14: {=INDEX(LCI!M$2:M$130,MATCH('A1 - Raw Material Supply'!$B$14&'A1 - Raw Material Supply'!$D$14,LCI!$B$2:$B$130&LCI!$D$2:$D$130,0))*$C14} -> 14.779543 | K14: {=INDEX(LCI!N$2:N$130,MATCH('A1 - Raw Material Supply'!$B$14&'A1 - Raw Material Supply'!$D$14,LCI!$B$2:$B$130&LCI!$D$2:$D$130,0))*$C14} -> 28.63669 | L14: {=INDEX(LCI!O$2:O$130,MATCH('A1 - Raw Material Supply'!$B$14&'A1 - Raw Material Supply'!$D$14,LCI!$B$2:$B$130&LCI!$D$2:$D$130,0))*$C14} -> 0.00076548598 | ... W14: {=INDEX(LCI!Z$2:Z$130,MATCH('A1 - Raw Material Supply'!$B$14&'A1 - Raw Material Supply'!$D$14,LCI!$B$2:$B$130&LCI!$D$2:$D$130,0))*$C14} -> 0.55942561
B15: =Input!A50 -> Filler 2 | C15: =+Input!B50*(1-Input!E50) -> 0.01 | D15: =Input!$C$50 -> Limestone_residue | E15: {=INDEX(LCI!H$2:H$130,MATCH('A1 - Raw Material Supply'!$B$15&'A1 - Raw Material Supply'!$D$15,LCI!$B$2:$B$130&LCI!$D$2:$D$130,0))*$C15} -> 0.0016923945 | F15: {=INDEX(LCI!I$2:I$130,MATCH('A1 - Raw Material Supply'!$B$15&'A1 - Raw Material Supply'!$D$15,LCI!$B$2:$B$130&LCI!$D$2:$D$130,0))*$C15} -> 0.22120797 | G15: {=INDEX(LCI!J$2:J$130,MATCH('A1 - Raw Material Supply'!$B$15&'A1 - Raw Material Supply'!$D$15,LCI!$B$2:$B$130&LCI!$D$2:$D$130,0))*$C15} -> 0.0034498134 | H15: {=INDEX(LCI!K$2:K$130,MATCH('A1 - Raw Material Supply'!$B$15&'A1 - Raw Material Supply'!$D$15,LCI!$B$2:$B$130&LCI!$D$2:$D$130,0))*$C15} -> 0.2173843 | I15: {=INDEX(LCI!L$2:L$130,MATCH('A1 - Raw Material Supply'!$B$15&'A1 - Raw Material Supply'!$D$15,LCI!$B$2:$B$130&LCI!$D$2:$D$130,0))*$C15} -> 0.00037385459 | J15: {=INDEX(LCI!M$2:M$130,MATCH('A1 - Raw Material Supply'!$B$15&'A1 - Raw Material Supply'!$D$15,LCI!$B$2:$B$130&LCI!$D$2:$D$130,0))*$C15} -> 0.69050089 | K15: {=INDEX(LCI!N$2:N$130,MATCH('A1 - Raw Material Supply'!$B$15&'A1 - Raw Material Supply'!$D$15,LCI!$B$2:$B$130&LCI!$D$2:$D$130,0))*$C15} -> 3.7042402 | L15: {=INDEX(LCI!O$2:O$130,MATCH('A1 - Raw Material Supply'!$B$15&'A1 - Raw Material Supply'!$D$15,LCI!$B$2:$B$130&LCI!$D$2:$D$130,0))*$C15} -> 0.00013291985 | ... W15: {=INDEX(LCI!Z$2:Z$130,MATCH('A1 - Raw Material Supply'!$B$15&'A1 - Raw Material Supply'!$D$15,LCI!$B$2:$B$130&LCI!$D$2:$D$130,0))*$C15} -> 0.46168314
A16: Reclaimed Asphalt Pavement | B16: =Input!A51 -> RAP 1
B17: =Input!A52 -> RAP 2
A18: Recycled Waste | B18: =Input!A53 -> Other_waste 1
B19: =Input!A54 -> Other_waste 2
A20: Additive | B20: =Input!A55 -> Additive 1 | C20: =+Input!B55*(1-Input!E55) -> 0.02 | D20: =Input!$C$55 -> Cellulose_fibres | E20: {=INDEX(LCI!H$2:H$130,MATCH('A1 - Raw Material Supply'!$B$20&'A1 - Raw Material Supply'!$D$20,LCI!$B$2:$B$130&LCI!$D$2:$D$130,0))*$C$20} -> 0.031617304 | F20: {=INDEX(LCI!I$2:I$130,MATCH('A1 - Raw Material Supply'!$B$20&'A1 - Raw Material Supply'!$D$20,LCI!$B$2:$B$130&LCI!$D$2:$D$130,0))*$C$20} -> 3.9650622 | G20: {=INDEX(LCI!J$2:J$130,MATCH('A1 - Raw Material Supply'!$B$20&'A1 - Raw Material Supply'!$D$20,LCI!$B$2:$B$130&LCI!$D$2:$D$130,0))*$C$20} -> 0.64768552 | H20: {=INDEX(LCI!K$2:K$130,MATCH('A1 - Raw Material Supply'!$B$20&'A1 - Raw Material Supply'!$D$20,LCI!$B$2:$B$130&LCI!$D$2:$D$130,0))*$C$20} -> 3.3146438 | I20: {=INDEX(LCI!L$2:L$130,MATCH('A1 - Raw Material Supply'!$B$20&'A1 - Raw Material Supply'!$D$20,LCI!$B$2:$B$130&LCI!$D$2:$D$130,0))*$C$20} -> 0.0027329105 | J20: {=INDEX(LCI!M$2:M$130,MATCH('A1 - Raw Material Supply'!$B$20&'A1 - Raw Material Supply'!$D$20,LCI!$B$2:$B$130&LCI!$D$2:$D$130,0))*$C$20} -> 16.559907 | K20: {=INDEX(LCI!N$2:N$130,MATCH('A1 - Raw Material Supply'!$B$20&'A1 - Raw Material Supply'!$D$20,LCI!$B$2:$B$130&LCI!$D$2:$D$130,0))*$C$20} -> 45.769593 | L20: {=INDEX(LCI!O$2:O$130,MATCH('A1 - Raw Material Supply'!$B$20&'A1 - Raw Material Supply'!$D$20,LCI!$B$2:$B$130&LCI!$D$2:$D$130,0))*$C$20} -> 0.0010455422 | ... W20: {=INDEX(LCI!Z$2:Z$130,MATCH('A1 - Raw Material Supply'!$B$20&'A1 - Raw Material Supply'!$D$20,LCI!$B$2:$B$130&LCI!$D$2:$D$130,0))*$C$20} -> 2.001299
B21: =Input!A56 -> Additive 2 | C21: =+Input!B56*(1-Input!E56) -> 0.02 | D21: =Input!$C$56 -> Rejuvenator_waxy | E21: {=INDEX(LCI!H$2:H$130,MATCH('A1 - Raw Material Supply'!$B$21&'A1 - Raw Material Supply'!$D$21,LCI!$B$2:$B$130&LCI!$D$2:$D$130,0))*$C$21} -> 0.10642676 | F21: {=INDEX(LCI!I$2:I$130,MATCH('A1 - Raw Material Supply'!$B$21&'A1 - Raw Material Supply'!$D$21,LCI!$B$2:$B$130&LCI!$D$2:$D$130,0))*$C$21} -> 13.480138 | G21: {=INDEX(LCI!J$2:J$130,MATCH('A1 - Raw Material Supply'!$B$21&'A1 - Raw Material Supply'!$D$21,LCI!$B$2:$B$130&LCI!$D$2:$D$130,0))*$C$21} -> 0.038906542 | H21: {=INDEX(LCI!K$2:K$130,MATCH('A1 - Raw Material Supply'!$B$21&'A1 - Raw Material Supply'!$D$21,LCI!$B$2:$B$130&LCI!$D$2:$D$130,0))*$C$21} -> 13.438138 | I21: {=INDEX(LCI!L$2:L$130,MATCH('A1 - Raw Material Supply'!$B$21&'A1 - Raw Material Supply'!$D$21,LCI!$B$2:$B$130&LCI!$D$2:$D$130,0))*$C$21} -> 0.003093237 | J21: {=INDEX(LCI!M$2:M$130,MATCH('A1 - Raw Material Supply'!$B$21&'A1 - Raw Material Supply'!$D$21,LCI!$B$2:$B$130&LCI!$D$2:$D$130,0))*$C$21} -> 24.366204 | K21: {=INDEX(LCI!N$2:N$130,MATCH('A1 - Raw Material Supply'!$B$21&'A1 - Raw Material Supply'!$D$21,LCI!$B$2:$B$130&LCI!$D$2:$D$130,0))*$C$21} -> 1033.5055 | L21: {=INDEX(LCI!O$2:O$130,MATCH('A1 - Raw Material Supply'!$B$21&'A1 - Raw Material Supply'!$D$21,LCI!$B$2:$B$130&LCI!$D$2:$D$130,0))*$C$21} -> 0.0026501851 | ... W21: {=INDEX(LCI!Z$2:Z$130,MATCH('A1 - Raw Material Supply'!$B$21&'A1 - Raw Material Supply'!$D$21,LCI!$B$2:$B$130&LCI!$D$2:$D$130,0))*$C$21} -> 2.158225
B22: =Input!A57 -> Additive 3 | C22: =+Input!B57*(1-Input!E57) -> 0.02 | D22: =Input!$C$57 -> Cellulose_fibres | E22: {=INDEX(LCI!H$2:H$130,MATCH('A1 - Raw Material Supply'!$B$22&'A1 - Raw Material Supply'!$D$22,LCI!$B$2:$B$130&LCI!$D$2:$D$130,0))*$C$22} -> 0.031617304 | F22: {=INDEX(LCI!I$2:I$130,MATCH('A1 - Raw Material Supply'!$B$22&'A1 - Raw Material Supply'!$D$22,LCI!$B$2:$B$130&LCI!$D$2:$D$130,0))*$C$22} -> 3.9650622 | G22: {=INDEX(LCI!J$2:J$130,MATCH('A1 - Raw Material Supply'!$B$22&'A1 - Raw Material Supply'!$D$22,LCI!$B$2:$B$130&LCI!$D$2:$D$130,0))*$C$22} -> 0.64768552 | H22: {=INDEX(LCI!K$2:K$130,MATCH('A1 - Raw Material Supply'!$B$22&'A1 - Raw Material Supply'!$D$22,LCI!$B$2:$B$130&LCI!$D$2:$D$130,0))*$C$22} -> 3.3146438 | I22: {=INDEX(LCI!L$2:L$130,MATCH('A1 - Raw Material Supply'!$B$22&'A1 - Raw Material Supply'!$D$22,LCI!$B$2:$B$130&LCI!$D$2:$D$130,0))*$C$22} -> 0.0027329105 | J22: {=INDEX(LCI!M$2:M$130,MATCH('A1 - Raw Material Supply'!$B$22&'A1 - Raw Material Supply'!$D$22,LCI!$B$2:$B$130&LCI!$D$2:$D$130,0))*$C$22} -> 16.559907 | K22: {=INDEX(LCI!N$2:N$130,MATCH('A1 - Raw Material Supply'!$B$22&'A1 - Raw Material Supply'!$D$22,LCI!$B$2:$B$130&LCI!$D$2:$D$130,0))*$C$22} -> 45.769593 | L22: {=INDEX(LCI!O$2:O$130,MATCH('A1 - Raw Material Supply'!$B$22&'A1 - Raw Material Supply'!$D$22,LCI!$B$2:$B$130&LCI!$D$2:$D$130,0))*$C$22} -> 0.0010455422 | ... W22: {=INDEX(LCI!Z$2:Z$130,MATCH('A1 - Raw Material Supply'!$B$22&'A1 - Raw Material Supply'!$D$22,LCI!$B$2:$B$130&LCI!$D$2:$D$130,0))*$C$22} -> 2.001299
A23: Total | C23: =SUM(C4:C22) -> 0.548 | E23: =SUM(E4:E22) -> 0.24187406 | F23: =SUM(F4:F22) -> 38.014504 | G23: =SUM(G4:G22) -> 1.4611768 | H23: =SUM(H4:H22) -> 36.543411 | I23: =SUM(I4:I22) -> 0.016486822 | J23: =SUM(J4:J22) -> 597.12493 | K23: =SUM(K4:K22) -> 2001.4858 | L23: =SUM(L4:L22) -> 0.0057433189 | ... W23: =SUM(W4:W22) -> 9.2820033
A26: Impacts: Biogenic asphalt mix components
A27: Components | B27: Materials | C27: Mass (ton] | D27: List | E27: acidification | accumulated exceedance (AE) mol H+ -eq | F27: climate change | global warming potential (GWP100) kgCO2-Eq | G27: climate change: biogenic | global warming potential (GWP100) kgCO2-Eq | H27: climate change: fossil | global warming potential (GWP100) kgCO2-Eq | I27: land use and land use change | global warming potential (GWP100) kgCO2-Eq | J27: ecotoxicity: freshwater | comparative toxic unit for ecosystems (CTUe) | K27: energy resources: non-renewable | abiotic depletion potential (ADP): fossil fuels MJ, net calorific value | L27: eutrophication: freshwater | fraction of nutrients reaching freshwater end compartment (P) | M27: eutrophication: marine | fraction of nutrients reaching marine end compartment (N) kg N-Eq | N27: eutrophication: terrestrial | accumulated exceedance (AE) mol N-Eq | O27: human toxicity: carcinogenic | comparative toxic unit for human (CTUh) | P27: human toxicity: non-carcinogenic | comparative toxic unit for human (CTUh) | Q27: ionising radiation: human health | human exposure efficiency relative to u235 kBq U235-Eq | R27: land use | soil quality index dimensionless | S27: material resources: metals/minerals | abiotic depletion potential (ADP): elements (ultimate reserves) kg Sb-Eq | T27: ozone depletion|ozone depletion potential (ODP) kg CFC-11-Eq | U27: particulate matter formation | impact on human health | V27: photochemical oxidant formation: human health | tropospheric ozone concentration increase kg NMVOC-Eq | W27: water use | user deprivation potential (deprivation-weighted water consumption) m3 world eq deprived
A28: Binder | B28: Binder_biogenic | C28: =Input!B39*Input!E39 -> 0.002 | D28: =Input!$D39 -> Binder_bio | E28: {=_xlfn.IFNA(INDEX(LCI!H$2:H$137,MATCH('A1 - Raw Material Supply'!$B$28&'A1 - Raw Material Supply'!$D$28,LCI!$B$2:$B$137&LCI!$D$2:$D$137,0))*$C28,0)} -> 0.001142 | F28: {=_xlfn.IFNA(INDEX(LCI!I$2:I$137,MATCH('A1 - Raw Material Supply'!$B$28&'A1 - Raw Material Supply'!$D$28,LCI!$B$2:$B$137&LCI!$D$2:$D$137,0))*$C28,0)} -> -5.86 | G28: {=_xlfn.IFNA(INDEX(LCI!J$2:J$137,MATCH('A1 - Raw Material Supply'!$B$28&'A1 - Raw Material Supply'!$D$28,LCI!$B$2:$B$137&LCI!$D$2:$D$137,0))*$C28,0)} -> -6 | H28: {=_xlfn.IFNA(INDEX(LCI!K$2:K$137,MATCH('A1 - Raw Material Supply'!$B$28&'A1 - Raw Material Supply'!$D$28,LCI!$B$2:$B$137&LCI!$D$2:$D$137,0))*$C28,0)} -> 0.138 | I28: {=_xlfn.IFNA(INDEX(LCI!L$2:L$137,MATCH('A1 - Raw Material Supply'!$B$28&'A1 - Raw Material Supply'!$D$28,LCI!$B$2:$B$137&LCI!$D$2:$D$137,0))*$C28,0)} -> 0.00048 | J28: {=_xlfn.IFNA(INDEX(LCI!M$2:M$137,MATCH('A1 - Raw Material Supply'!$B$28&'A1 - Raw Material Supply'!$D$28,LCI!$B$2:$B$137&LCI!$D$2:$D$137,0))*$C28,0)} -> 11.24 | K28: {=_xlfn.IFNA(INDEX(LCI!N$2:N$137,MATCH('A1 - Raw Material Supply'!$B$28&'A1 - Raw Material Supply'!$D$28,LCI!$B$2:$B$137&LCI!$D$2:$D$137,0))*$C28,0)} -> 1.23 | L28: {=_xlfn.IFNA(INDEX(LCI!O$2:O$137,MATCH('A1 - Raw Material Supply'!$B$28&'A1 - Raw Material Supply'!$D$28,LCI!$B$2:$B$137&LCI!$D$2:$D$137,0))*$C28,0)} -> 9.2e-06 | ... W28: {=_xlfn.IFNA(INDEX(LCI!Z$2:Z$137,MATCH('A1 - Raw Material Supply'!$B$28&'A1 - Raw Material Supply'!$D$28,LCI!$B$2:$B$137&LCI!$D$2:$D$137,0))*$C28,0)} -> 0.1024
A29: Aggregate | B29: =Input!A40 -> Virgin crushed coarse aggregate 1 (>2 mm)
B30: =Input!A41 -> Virgin crushed coarse aggregate 2 (>2 mm)
B31: =Input!A42 -> Virgin crushed coarse aggregate 3 (>2 mm)
B32: =Input!A43 -> Virgin crushed fine aggregate 1 (≤2 mm)
B33: =Input!A44 -> Virgin crushed fine aggregate 2 (≤2 mm)
B34: =Input!A45 -> Virgin crushed fine aggregate 3 (≤2 mm)
B35: =Input!A46 -> Virgin natural fine aggregate 1 (≤2 mm)
B36: =Input!A47 -> Virgin natural fine aggregate 2 (≤2 mm)
B37: =Input!A48 -> Virgin natural fine aggregate 3 (≤2 mm)
A38: Filler | B38: =Input!A49 -> Filler 1
B39: =Input!A50 -> Filler 2
A40: Reclaimed Asphalt Pavement | B40: =Input!A51 -> RAP 1
B41: =Input!A52 -> RAP 2
A42: Recycled Waste | B42: =Input!A53 -> Other_waste 1
B43: =Input!A54 -> Other_waste 2
A44: Additive | B44: =Input!A55 -> Additive 1
B45: =Input!A56 -> Additive 2
B46: =Input!A57 -> Additive 3
A47: Total | C47: =SUM(C28:C46) -> 0.002 | E47: =SUM(E28:E46) -> 0.001142 | F47: =SUM(F28:F46) -> -5.86 | G47: =SUM(G28:G46) -> -6 | H47: =SUM(H28:H46) -> 0.138 | I47: =SUM(I28:I46) -> 0.00048 | J47: =SUM(J28:J46) -> 11.24 | K47: =SUM(K28:K46) -> 1.23 | L47: =SUM(L28:L46) -> 9.2e-06 | ... W47: =SUM(W28:W46) -> 0.1024
A50: Total Impacts: Asphalt mix components + Biogenic component
A51: Calculated by taking (100%-Biogenic %) x material + Biogenic % x material
A53: (PEF) Environmental impact categories | E53: acidification | accumulated exceedance (AE) mol H+ -eq | F53: climate change | global warming potential (GWP100) kgCO2-Eq | G53: climate change: biogenic | global warming potential (GWP100) kgCO2-Eq | H53: climate change: fossil | global warming potential (GWP100) kgCO2-Eq | I53: land use and land use change | global warming potential (GWP100) kgCO2-Eq | J53: ecotoxicity: freshwater | comparative toxic unit for ecosystems (CTUe) | K53: energy resources: non-renewable | abiotic depletion potential (ADP): fossil fuels MJ, net calorific value | L53: eutrophication: freshwater | fraction of nutrients reaching freshwater end compartment (P) | M53: eutrophication: marine | fraction of nutrients reaching marine end compartment (N) kg N-Eq | N53: eutrophication: terrestrial | accumulated exceedance (AE) mol N-Eq | O53: human toxicity: carcinogenic | comparative toxic unit for human (CTUh) | P53: human toxicity: non-carcinogenic | comparative toxic unit for human (CTUh) | Q53: ionising radiation: human health | human exposure efficiency relative to u235 kBq U235-Eq | R53: land use | soil quality index dimensionless | S53: material resources: metals/minerals | abiotic depletion potential (ADP): elements (ultimate reserves) kg Sb-Eq | T53: ozone depletion|ozone depletion potential (ODP) kg CFC-11-Eq | U53: particulate matter formation | impact on human health | V53: photochemical oxidant formation: human health | tropospheric ozone concentration increase kg NMVOC-Eq | W53: water use | user deprivation potential (deprivation-weighted water consumption) m3 world eq deprived
A54: Total Impacts (incl. biogenic materials) | E54: =E23+E47 -> 0.24301606 | F54: =F23+F47 -> 32.154504 | G54: =G23+G47 -> -4.5388232 | H54: =H23+H47 -> 36.681411 | I54: =I23+I47 -> 0.016966822 | J54: =J23+J47 -> 608.36493 | K54: =K23+K47 -> 2002.7158 | L54: =L23+L47 -> 0.0057525189 | ... W54: =W23+W47 -> 9.3844033
A57: The impact results have been reorganized from the above data to present the outcomes for each impact category.
A61: Impacts: Asphalt mix components (per impact category)
B63: Aggregates | L63: Fillers | O63: Binder | P63: RAP | S63: Other Waste | V63: Additives
B64: Virgin crushed coarse aggregate 1 (>2 mm) | C64: Virgin crushed coarse aggregate 2 (>2 mm) | D64: Virgin crushed coarse aggregate 3 (>2 mm) | E64: Virgin crushed fine aggregate 1 (≤2 mm) | F64: Virgin crushed fine aggregate 2 (≤2 mm) | G64: Virgin crushed fine aggregate 3 (≤2 mm) | H64: Virgin natural fine aggregate 1 (≤2 mm) | I64: Virgin natural fine aggregate 2 (≤2 mm) | J64: Virgin natural fine aggregate 3 (≤2 mm) | K64: Total Aggregates | L64: Added filler 1 | M64: Added filler 2 | N64: Total Fillers | O64: Total | P64: RAP 1 | Q64: RAP 2 | R64: Total RAP | S64: Other Waste 1 | T64: Other Waste 2 | U64: Total Other Waste | V64: Additive 1 | W64: Additive 2 | X64: Additive 3 | Y64: Total Additives
A65: acidification | accumulated exceedance (AE) mol H+ -eq | B65: =INDEX(LCI!H$2:H$130,MATCH('A1 - Raw Material Supply'!$B5,LCI!$D$2:$D$130,0))*$C5 -> 0 | C65: =INDEX(LCI!H$2:H$130,MATCH('A1 - Raw Material Supply'!$B6,LCI!$D$2:$D$130,0))*$C6 -> 0.010887407 | D65: =INDEX(LCI!H$2:H$130,MATCH('A1 - Raw Material Supply'!$B7,LCI!$D$2:$D$130,0))*$C7 -> 0.0054437035 | E65: =INDEX(LCI!H$2:H$130,MATCH('A1 - Raw Material Supply'!$B8,LCI!$D$2:$D$130,0))*$C8 -> 0.0032662221 | F65: =INDEX(LCI!H$2:H$130,MATCH('A1 - Raw Material Supply'!$B9,LCI!$D$2:$D$130,0))*$C9 -> 0 | G65: =INDEX(LCI!H$2:H$130,MATCH('A1 - Raw Material Supply'!$B10,LCI!$D$2:$D$130,0))*$C10 -> 0.0016331111 | H65: =INDEX(LCI!H$2:H$130,MATCH('A1 - Raw Material Supply'!$B11,LCI!$D$2:$D$130,0))*$C11 -> 0.00091951718 | I65: =INDEX(LCI!H$2:H$130,MATCH('A1 - Raw Material Supply'!$B12,LCI!$D$2:$D$130,0))*$C12 -> 0.00091951718 | J65: =INDEX(LCI!H$2:H$130,MATCH('A1 - Raw Material Supply'!$B13,LCI!$D$2:$D$130,0))*$C13 -> 0.00091951718 | K65: =SUM(B65:J65) -> 0.023988995 | L65: {=INDEX(LCI!H$2:H$130,MATCH('A1 - Raw Material Supply'!$B$14&'A1 - Raw Material Supply'!$D$14,LCI!$B$2:$B$130&LCI!$D$2:$D$130,0))*$C14} -> 0.0155713 | M65: {=INDEX(LCI!H$2:H$130,MATCH('A1 - Raw Material Supply'!$B$15&'A1 - Raw Material Supply'!$D$15,LCI!$B$2:$B$130&LCI!$D$2:$D$130,0))*$C15} -> 0.0016923945 | N65: =L65+M65 -> 0.017263694 | O65: {=INDEX(LCI!H$2:H$137,MATCH('A1 - Raw Material Supply'!$B4&'A1 - Raw Material Supply'!$D4,LCI!$B2:$B137&LCI!$D2:$D137,0))*$C4} -> 0.03096 | V65: {=INDEX(LCI!H$2:H$130,MATCH('A1 - Raw Material Supply'!$B$20&'A1 - Raw Material Supply'!$D$20,LCI!$B$2:$B$130&LCI!$D$2:$D$130,0))*$C$20} -> 0.031617304 | W65: {=INDEX(LCI!H$2:H$130,MATCH('A1 - Raw Material Supply'!$B$21&'A1 - Raw Material Supply'!$D$21,LCI!$B$2:$B$130&LCI!$D$2:$D$130,0))*$C$21} -> 0.10642676 | X65: {=INDEX(LCI!H$2:H$130,MATCH('A1 - Raw Material Supply'!$B$22&'A1 - Raw Material Supply'!$D$22,LCI!$B$2:$B$130&LCI!$D$2:$D$130,0))*$C$22} -> 0.031617304 | Y65: =V65+W65+X65 -> 0.16966137
A66: climate change | global warming potential (GWP100) kgCO2-Eq | B66: =INDEX(LCI!I$2:I$130,MATCH('A1 - Raw Material Supply'!$B5,LCI!$D$2:$D$130,0))*$C5 -> 0 | C66: =INDEX(LCI!I$2:I$130,MATCH('A1 - Raw Material Supply'!$B6,LCI!$D$2:$D$130,0))*$C6 -> 0.56578264 | D66: =INDEX(LCI!I$2:I$130,MATCH('A1 - Raw Material Supply'!$B7,LCI!$D$2:$D$130,0))*$C7 -> 0.28289132 | E66: =INDEX(LCI!I$2:I$130,MATCH('A1 - Raw Material Supply'!$B8,LCI!$D$2:$D$130,0))*$C8 -> 0.16973479 | F66: =INDEX(LCI!I$2:I$130,MATCH('A1 - Raw Material Supply'!$B9,LCI!$D$2:$D$130,0))*$C9 -> 0 | G66: =INDEX(LCI!I$2:I$130,MATCH('A1 - Raw Material Supply'!$B10,LCI!$D$2:$D$130,0))*$C10 -> 0.084867396 | H66: =INDEX(LCI!I$2:I$130,MATCH('A1 - Raw Material Supply'!$B11,LCI!$D$2:$D$130,0))*$C11 -> 0.10429696 | I66: =INDEX(LCI!I$2:I$130,MATCH('A1 - Raw Material Supply'!$B12,LCI!$D$2:$D$130,0))*$C12 -> 0.10429696 | J66: =INDEX(LCI!I$2:I$130,MATCH('A1 - Raw Material Supply'!$B13,LCI!$D$2:$D$130,0))*$C13 -> 0.10429696 | K66: =SUM(B66:J66) -> 1.416167 | L66: {=INDEX(LCI!I$2:I$130,MATCH('A1 - Raw Material Supply'!$B$14&'A1 - Raw Material Supply'!$D$14,LCI!$B$2:$B$130&LCI!$D$2:$D$130,0))*$C14} -> 5.4268669 | M66: {=INDEX(LCI!I$2:I$130,MATCH('A1 - Raw Material Supply'!$B$15&'A1 - Raw Material Supply'!$D$15,LCI!$B$2:$B$130&LCI!$D$2:$D$130,0))*$C15} -> 0.22120797 | N66: =L66+M66 -> 5.6480748 | O66: {=INDEX(LCI!I$2:I$137,MATCH('A1 - Raw Material Supply'!$B4&'A1 - Raw Material Supply'!$D4,LCI!$B2:$B137&LCI!$D2:$D137,0))*$C4} -> 9.54 | V66: {=INDEX(LCI!I$2:I$130,MATCH('A1 - Raw Material Supply'!$B$20&'A1 - Raw Material Supply'!$D$20,LCI!$B$2:$B$130&LCI!$D$2:$D$130,0))*$C$20} -> 3.9650622 | W66: {=INDEX(LCI!I$2:I$130,MATCH('A1 - Raw Material Supply'!$B$21&'A1 - Raw Material Supply'!$D$21,LCI!$B$2:$B$130&LCI!$D$2:$D$130,0))*$C$21} -> 13.480138 | X66: {=INDEX(LCI!I$2:I$130,MATCH('A1 - Raw Material Supply'!$B$22&'A1 - Raw Material Supply'!$D$22,LCI!$B$2:$B$130&LCI!$D$2:$D$130,0))*$C$22} -> 3.9650622 | Y66: =V66+W66+X66 -> 21.410263
A67: climate change: biogenic | global warming potential (GWP100) kgCO2-Eq | B67: =INDEX(LCI!J$2:J$130,MATCH('A1 - Raw Material Supply'!$B5,LCI!$D$2:$D$130,0))*$C5 -> 0 | C67: =INDEX(LCI!J$2:J$130,MATCH('A1 - Raw Material Supply'!$B6,LCI!$D$2:$D$130,0))*$C6 -> 0.0017439429 | D67: =INDEX(LCI!J$2:J$130,MATCH('A1 - Raw Material Supply'!$B7,LCI!$D$2:$D$130,0))*$C7 -> 0.00087197146 | E67: =INDEX(LCI!J$2:J$130,MATCH('A1 - Raw Material Supply'!$B8,LCI!$D$2:$D$130,0))*$C8 -> 0.00052318288 | F67: =INDEX(LCI!J$2:J$130,MATCH('A1 - Raw Material Supply'!$B9,LCI!$D$2:$D$130,0))*$C9 -> 0 | G67: =INDEX(LCI!J$2:J$130,MATCH('A1 - Raw Material Supply'!$B10,LCI!$D$2:$D$130,0))*$C10 -> 0.00026159144 | H67: =INDEX(LCI!J$2:J$130,MATCH('A1 - Raw Material Supply'!$B11,LCI!$D$2:$D$130,0))*$C11 -> -2.5091977e-05 | I67: =INDEX(LCI!J$2:J$130,MATCH('A1 - Raw Material Supply'!$B12,LCI!$D$2:$D$130,0))*$C12 -> -2.5091977e-05 | J67: =INDEX(LCI!J$2:J$130,MATCH('A1 - Raw Material Supply'!$B13,LCI!$D$2:$D$130,0))*$C13 -> -2.5091977e-05 | K67: =SUM(B67:J67) -> 0.0033254128 | L67: {=INDEX(LCI!J$2:J$130,MATCH('A1 - Raw Material Supply'!$B$14&'A1 - Raw Material Supply'!$D$14,LCI!$B$2:$B$130&LCI!$D$2:$D$130,0))*$C14} -> 0.082324045 | M67: {=INDEX(LCI!J$2:J$130,MATCH('A1 - Raw Material Supply'!$B$15&'A1 - Raw Material Supply'!$D$15,LCI!$B$2:$B$130&LCI!$D$2:$D$130,0))*$C15} -> 0.0034498134 | N67: =L67+M67 -> 0.085773858 | O67: {=INDEX(LCI!J$2:J$137,MATCH('A1 - Raw Material Supply'!$B4&'A1 - Raw Material Supply'!$D4,LCI!$B2:$B137&LCI!$D2:$D137,0))*$C4} -> 0.0378 | V67: {=INDEX(LCI!J$2:J$130,MATCH('A1 - Raw Material Supply'!$B$20&'A1 - Raw Material Supply'!$D$20,LCI!$B$2:$B$130&LCI!$D$2:$D$130,0))*$C$20} -> 0.64768552 | W67: {=INDEX(LCI!J$2:J$130,MATCH('A1 - Raw Material Supply'!$B$21&'A1 - Raw Material Supply'!$D$21,LCI!$B$2:$B$130&LCI!$D$2:$D$130,0))*$C$21} -> 0.038906542 | X67: {=INDEX(LCI!J$2:J$130,MATCH('A1 - Raw Material Supply'!$B$22&'A1 - Raw Material Supply'!$D$22,LCI!$B$2:$B$130&LCI!$D$2:$D$130,0))*$C$22} -> 0.64768552 | Y67: =V67+W67+X67 -> 1.3342776
A68: climate change: fossil | global warming potential (GWP100) kgCO2-Eq | B68: =INDEX(LCI!K$2:K$130,MATCH('A1 - Raw Material Supply'!$B5,LCI!$D$2:$D$130,0))*$C5 -> 0 | C68: =INDEX(LCI!K$2:K$130,MATCH('A1 - Raw Material Supply'!$B6,LCI!$D$2:$D$130,0))*$C6 -> 0.56385271 | D68: =INDEX(LCI!K$2:K$130,MATCH('A1 - Raw Material Supply'!$B7,LCI!$D$2:$D$130,0))*$C7 -> 0.28192635 | E68: =INDEX(LCI!K$2:K$130,MATCH('A1 - Raw Material Supply'!$B8,LCI!$D$2:$D$130,0))*$C8 -> 0.16915581 | F68: =INDEX(LCI!K$2:K$130,MATCH('A1 - Raw Material Supply'!$B9,LCI!$D$2:$D$130,0))*$C9 -> 0 | G68: =INDEX(LCI!K$2:K$130,MATCH('A1 - Raw Material Supply'!$B10,LCI!$D$2:$D$130,0))*$C10 -> 0.084577906 | H68: =INDEX(LCI!K$2:K$130,MATCH('A1 - Raw Material Supply'!$B11,LCI!$D$2:$D$130,0))*$C11 -> 0.1043077 | I68: =INDEX(LCI!K$2:K$130,MATCH('A1 - Raw Material Supply'!$B12,LCI!$D$2:$D$130,0))*$C12 -> 0.1043077 | J68: =INDEX(LCI!K$2:K$130,MATCH('A1 - Raw Material Supply'!$B13,LCI!$D$2:$D$130,0))*$C13 -> 0.1043077 | K68: =SUM(B68:J68) -> 1.4124359 | L68: {=INDEX(LCI!K$2:K$130,MATCH('A1 - Raw Material Supply'!$B$14&'A1 - Raw Material Supply'!$D$14,LCI!$B$2:$B$130&LCI!$D$2:$D$130,0))*$C14} -> 5.3421646 | M68: {=INDEX(LCI!K$2:K$130,MATCH('A1 - Raw Material Supply'!$B$15&'A1 - Raw Material Supply'!$D$15,LCI!$B$2:$B$130&LCI!$D$2:$D$130,0))*$C15} -> 0.2173843 | N68: =L68+M68 -> 5.5595489 | O68: {=INDEX(LCI!K$2:K$137,MATCH('A1 - Raw Material Supply'!$B4&'A1 - Raw Material Supply'!$D4,LCI!$B2:$B137&LCI!$D2:$D137,0))*$C4} -> 9.504 | V68: {=INDEX(LCI!K$2:K$130,MATCH('A1 - Raw Material Supply'!$B$20&'A1 - Raw Material Supply'!$D$20,LCI!$B$2:$B$130&LCI!$D$2:$D$130,0))*$C$20} -> 3.3146438 | W68: {=INDEX(LCI!K$2:K$130,MATCH('A1 - Raw Material Supply'!$B$21&'A1 - Raw Material Supply'!$D$21,LCI!$B$2:$B$130&LCI!$D$2:$D$130,0))*$C$21} -> 13.438138 | X68: {=INDEX(LCI!K$2:K$130,MATCH('A1 - Raw Material Supply'!$B$22&'A1 - Raw Material Supply'!$D$22,LCI!$B$2:$B$130&LCI!$D$2:$D$130,0))*$C$22} -> 3.3146438 | Y68: =V68+W68+X68 -> 20.067426
A69: land use and land use change | global warming potential (GWP100) kgCO2-Eq | B69: =INDEX(LCI!L$2:L$130,MATCH('A1 - Raw Material Supply'!$B5,LCI!$D$2:$D$130,0))*$C5 -> 0 | C69: =INDEX(LCI!L$2:L$130,MATCH('A1 - Raw Material Supply'!$B6,LCI!$D$2:$D$130,0))*$C6 -> 0.0001859889 | D69: =INDEX(LCI!L$2:L$130,MATCH('A1 - Raw Material Supply'!$B7,LCI!$D$2:$D$130,0))*$C7 -> 9.2994451e-05 | E69: =INDEX(LCI!L$2:L$130,MATCH('A1 - Raw Material Supply'!$B8,LCI!$D$2:$D$130,0))*$C8 -> 5.5796671e-05 | F69: =INDEX(LCI!L$2:L$130,MATCH('A1 - Raw Material Supply'!$B9,LCI!$D$2:$D$130,0))*$C9 -> 0 | G69: =INDEX(LCI!L$2:L$130,MATCH('A1 - Raw Material Supply'!$B10,LCI!$D$2:$D$130,0))*$C10 -> 2.7898335e-05 | H69: =INDEX(LCI!L$2:L$130,MATCH('A1 - Raw Material Supply'!$B11,LCI!$D$2:$D$130,0))*$C11 -> 1.435269e-05 | I69: =INDEX(LCI!L$2:L$130,MATCH('A1 - Raw Material Supply'!$B12,LCI!$D$2:$D$130,0))*$C12 -> 1.435269e-05 | J69: =INDEX(LCI!L$2:L$130,MATCH('A1 - Raw Material Supply'!$B13,LCI!$D$2:$D$130,0))*$C13 -> 1.435269e-05 | K69: =SUM(B69:J69) -> 0.00040573643 | L69: {=INDEX(LCI!L$2:L$130,MATCH('A1 - Raw Material Supply'!$B$14&'A1 - Raw Material Supply'!$D$14,LCI!$B$2:$B$130&LCI!$D$2:$D$130,0))*$C14} -> 0.0023781735 | M69: {=INDEX(LCI!L$2:L$130,MATCH('A1 - Raw Material Supply'!$B$15&'A1 - Raw Material Supply'!$D$15,LCI!$B$2:$B$130&LCI!$D$2:$D$130,0))*$C15} -> 0.00037385459 | N69: =L69+M69 -> 0.0027520281 | O69: {=INDEX(LCI!L$2:L$137,MATCH('A1 - Raw Material Supply'!$B4&'A1 - Raw Material Supply'!$D4,LCI!$B2:$B137&LCI!$D2:$D137,0))*$C4} -> 0.00477 | V69: {=INDEX(LCI!L$2:L$130,MATCH('A1 - Raw Material Supply'!$B$20&'A1 - Raw Material Supply'!$D$20,LCI!$B$2:$B$130&LCI!$D$2:$D$130,0))*$C$20} -> 0.0027329105 | W69: {=INDEX(LCI!L$2:L$130,MATCH('A1 - Raw Material Supply'!$B$21&'A1 - Raw Material Supply'!$D$21,LCI!$B$2:$B$130&LCI!$D$2:$D$130,0))*$C$21} -> 0.003093237 | X69: {=INDEX(LCI!L$2:L$130,MATCH('A1 - Raw Material Supply'!$B$22&'A1 - Raw Material Supply'!$D$22,LCI!$B$2:$B$130&LCI!$D$2:$D$130,0))*$C$22} -> 0.0027329105 | Y69: =V69+W69+X69 -> 0.008559058
A70: ecotoxicity: freshwater | comparative toxic unit for ecosystems (CTUe) | B70: =INDEX(LCI!M$2:M$130,MATCH('A1 - Raw Material Supply'!$B5,LCI!$D$2:$D$130,0))*$C5 -> 0 | C70: =INDEX(LCI!M$2:M$130,MATCH('A1 - Raw Material Supply'!$B6,LCI!$D$2:$D$130,0))*$C6 -> 5.5905857 | D70: =INDEX(LCI!M$2:M$130,MATCH('A1 - Raw Material Supply'!$B7,LCI!$D$2:$D$130,0))*$C7 -> 2.7952928 | E70: =INDEX(LCI!M$2:M$130,MATCH('A1 - Raw Material Supply'!$B8,LCI!$D$2:$D$130,0))*$C8 -> 1.6771757 | F70: =INDEX(LCI!M$2:M$130,MATCH('A1 - Raw Material Supply'!$B9,LCI!$D$2:$D$130,0))*$C9 -> 0 | G70: =INDEX(LCI!M$2:M$130,MATCH('A1 - Raw Material Supply'!$B10,LCI!$D$2:$D$130,0))*$C10 -> 0.83858785 | H70: =INDEX(LCI!M$2:M$130,MATCH('A1 - Raw Material Supply'!$B11,LCI!$D$2:$D$130,0))*$C11 -> 0.089073775 | I70: =INDEX(LCI!M$2:M$130,MATCH('A1 - Raw Material Supply'!$B12,LCI!$D$2:$D$130,0))*$C12 -> 0.089073775 | J70: =INDEX(LCI!M$2:M$130,MATCH('A1 - Raw Material Supply'!$B13,LCI!$D$2:$D$130,0))*$C13 -> 0.089073775 | K70: =SUM(B70:J70) -> 11.168863 | L70: {=INDEX(LCI!M$2:M$130,MATCH('A1 - Raw Material Supply'!$B$14&'A1 - Raw Material Supply'!$D$14,LCI!$B$2:$B$130&LCI!$D$2:$D$130,0))*$C14} -> 14.779543 | M70: {=INDEX(LCI!M$2:M$130,MATCH('A1 - Raw Material Supply'!$B$15&'A1 - Raw Material Supply'!$D$15,LCI!$B$2:$B$130&LCI!$D$2:$D$130,0))*$C15} -> 0.69050089 | N70: =L70+M70 -> 15.470044 | O70: {=INDEX(LCI!M$2:M$137,MATCH('A1 - Raw Material Supply'!$B4&'A1 - Raw Material Supply'!$D4,LCI!$B2:$B137&LCI!$D2:$D137,0))*$C4} -> 513 | V70: {=INDEX(LCI!M$2:M$130,MATCH('A1 - Raw Material Supply'!$B$20&'A1 - Raw Material Supply'!$D$20,LCI!$B$2:$B$130&LCI!$D$2:$D$130,0))*$C$20} -> 16.559907 | W70: {=INDEX(LCI!M$2:M$130,MATCH('A1 - Raw Material Supply'!$B$21&'A1 - Raw Material Supply'!$D$21,LCI!$B$2:$B$130&LCI!$D$2:$D$130,0))*$C$21} -> 24.366204 | X70: {=INDEX(LCI!M$2:M$130,MATCH('A1 - Raw Material Supply'!$B$22&'A1 - Raw Material Supply'!$D$22,LCI!$B$2:$B$130&LCI!$D$2:$D$130,0))*$C$22} -> 16.559907 | Y70: =V70+W70+X70 -> 57.486019
A71: energy resources: non-renewable | abiotic depletion potential (ADP): fossil fuels MJ, net calorific value | B71: =INDEX(LCI!N$2:N$130,MATCH('A1 - Raw Material Supply'!$B5,LCI!$D$2:$D$130,0))*$C5 -> 0 | C71: =INDEX(LCI!N$2:N$130,MATCH('A1 - Raw Material Supply'!$B6,LCI!$D$2:$D$130,0))*$C6 -> 8.0169956 | D71: =INDEX(LCI!N$2:N$130,MATCH('A1 - Raw Material Supply'!$B7,LCI!$D$2:$D$130,0))*$C7 -> 4.0084978 | E71: =INDEX(LCI!N$2:N$130,MATCH('A1 - Raw Material Supply'!$B8,LCI!$D$2:$D$130,0))*$C8 -> 2.4050987 | F71: =INDEX(LCI!N$2:N$130,MATCH('A1 - Raw Material Supply'!$B9,LCI!$D$2:$D$130,0))*$C9 -> 0 | G71: =INDEX(LCI!N$2:N$130,MATCH('A1 - Raw Material Supply'!$B10,LCI!$D$2:$D$130,0))*$C10 -> 1.2025493 | H71: =INDEX(LCI!N$2:N$130,MATCH('A1 - Raw Material Supply'!$B11,LCI!$D$2:$D$130,0))*$C11 -> 1.3556791 | I71: =INDEX(LCI!N$2:N$130,MATCH('A1 - Raw Material Supply'!$B12,LCI!$D$2:$D$130,0))*$C12 -> 1.3556791 | J71: =INDEX(LCI!N$2:N$130,MATCH('A1 - Raw Material Supply'!$B13,LCI!$D$2:$D$130,0))*$C13 -> 1.3556791 | K71: =SUM(B71:J71) -> 19.700179 | L71: {=INDEX(LCI!N$2:N$130,MATCH('A1 - Raw Material Supply'!$B$14&'A1 - Raw Material Supply'!$D$14,LCI!$B$2:$B$130&LCI!$D$2:$D$130,0))*$C14} -> 28.63669 | M71: {=INDEX(LCI!N$2:N$130,MATCH('A1 - Raw Material Supply'!$B$15&'A1 - Raw Material Supply'!$D$15,LCI!$B$2:$B$130&LCI!$D$2:$D$130,0))*$C15} -> 3.7042402 | N71: =L71+M71 -> 32.34093 | O71: {=INDEX(LCI!N$2:N$137,MATCH('A1 - Raw Material Supply'!$B4&'A1 - Raw Material Supply'!$D4,LCI!$B2:$B137&LCI!$D2:$D137,0))*$C4} -> 824.4 | V71: {=INDEX(LCI!N$2:N$130,MATCH('A1 - Raw Material Supply'!$B$20&'A1 - Raw Material Supply'!$D$20,LCI!$B$2:$B$130&LCI!$D$2:$D$130,0))*$C$20} -> 45.769593 | W71: {=INDEX(LCI!N$2:N$130,MATCH('A1 - Raw Material Supply'!$B$21&'A1 - Raw Material Supply'!$D$21,LCI!$B$2:$B$130&LCI!$D$2:$D$130,0))*$C$21} -> 1033.5055 | X71: {=INDEX(LCI!N$2:N$130,MATCH('A1 - Raw Material Supply'!$B$22&'A1 - Raw Material Supply'!$D$22,LCI!$B$2:$B$130&LCI!$D$2:$D$130,0))*$C$22} -> 45.769593 | Y71: =V71+W71+X71 -> 1125.0447
A72: eutrophication: freshwater | fraction of nutrients reaching freshwater end compartment (P) | B72: =INDEX(LCI!O$2:O$130,MATCH('A1 - Raw Material Supply'!$B5,LCI!$D$2:$D$130,0))*$C5 -> 0 | C72: =INDEX(LCI!O$2:O$130,MATCH('A1 - Raw Material Supply'!$B6,LCI!$D$2:$D$130,0))*$C6 -> 4.1805746e-05 | D72: =INDEX(LCI!O$2:O$130,MATCH('A1 - Raw Material Supply'!$B7,LCI!$D$2:$D$130,0))*$C7 -> 2.0902873e-05 | E72: =INDEX(LCI!O$2:O$130,MATCH('A1 - Raw Material Supply'!$B8,LCI!$D$2:$D$130,0))*$C8 -> 1.2541724e-05 | F72: =INDEX(LCI!O$2:O$130,MATCH('A1 - Raw Material Supply'!$B9,LCI!$D$2:$D$130,0))*$C9 -> 0 | G72: =INDEX(LCI!O$2:O$130,MATCH('A1 - Raw Material Supply'!$B10,LCI!$D$2:$D$130,0))*$C10 -> 6.2708619e-06 | H72: =INDEX(LCI!O$2:O$130,MATCH('A1 - Raw Material Supply'!$B11,LCI!$D$2:$D$130,0))*$C11 -> 4.7041222e-06 | I72: =INDEX(LCI!O$2:O$130,MATCH('A1 - Raw Material Supply'!$B12,LCI!$D$2:$D$130,0))*$C12 -> 4.7041222e-06 | J72: =INDEX(LCI!O$2:O$130,MATCH('A1 - Raw Material Supply'!$B13,LCI!$D$2:$D$130,0))*$C13 -> 4.7041222e-06 | K72: =SUM(B72:J72) -> 9.5633571e-05 | L72: {=INDEX(LCI!O$2:O$130,MATCH('A1 - Raw Material Supply'!$B$14&'A1 - Raw Material Supply'!$D$14,LCI!$B$2:$B$130&LCI!$D$2:$D$130,0))*$C14} -> 0.00076548598 | M72: {=INDEX(LCI!O$2:O$130,MATCH('A1 - Raw Material Supply'!$B$15&'A1 - Raw Material Supply'!$D$15,LCI!$B$2:$B$130&LCI!$D$2:$D$130,0))*$C15} -> 0.00013291985 | N72: =L72+M72 -> 0.00089840583 | O72: {=INDEX(LCI!O$2:O$137,MATCH('A1 - Raw Material Supply'!$B4&'A1 - Raw Material Supply'!$D4,LCI!$B2:$B137&LCI!$D2:$D137,0))*$C4} -> 8.01e-06 | V72: {=INDEX(LCI!O$2:O$130,MATCH('A1 - Raw Material Supply'!$B$20&'A1 - Raw Material Supply'!$D$20,LCI!$B$2:$B$130&LCI!$D$2:$D$130,0))*$C$20} -> 0.0010455422 | W72: {=INDEX(LCI!O$2:O$130,MATCH('A1 - Raw Material Supply'!$B$21&'A1 - Raw Material Supply'!$D$21,LCI!$B$2:$B$130&LCI!$D$2:$D$130,0))*$C$21} -> 0.0026501851 | X72: {=INDEX(LCI!O$2:O$130,MATCH('A1 - Raw Material Supply'!$B$22&'A1 - Raw Material Supply'!$D$22,LCI!$B$2:$B$130&LCI!$D$2:$D$130,0))*$C$22} -> 0.0010455422 | Y72: =V72+W72+X72 -> 0.0047412695
A73: eutrophication: marine | fraction of nutrients reaching marine end compartment (N) kg N-Eq | B73: =INDEX(LCI!P$2:P$130,MATCH('A1 - Raw Material Supply'!$B5,LCI!$D$2:$D$130,0))*$C5 -> 0 | C73: =INDEX(LCI!P$2:P$130,MATCH('A1 - Raw Material Supply'!$B6,LCI!$D$2:$D$130,0))*$C6 -> 0.0039108233 | D73: =INDEX(LCI!P$2:P$130,MATCH('A1 - Raw Material Supply'!$B7,LCI!$D$2:$D$130,0))*$C7 -> 0.0019554116 | E73: =INDEX(LCI!P$2:P$130,MATCH('A1 - Raw Material Supply'!$B8,LCI!$D$2:$D$130,0))*$C8 -> 0.001173247 | F73: =INDEX(LCI!P$2:P$130,MATCH('A1 - Raw Material Supply'!$B9,LCI!$D$2:$D$130,0))*$C9 -> 0 | G73: =INDEX(LCI!P$2:P$130,MATCH('A1 - Raw Material Supply'!$B10,LCI!$D$2:$D$130,0))*$C10 -> 0.00058662349 | H73: =INDEX(LCI!P$2:P$130,MATCH('A1 - Raw Material Supply'!$B11,LCI!$D$2:$D$130,0))*$C11 -> 0.00042198392 | I73: =INDEX(LCI!P$2:P$130,MATCH('A1 - Raw Material Supply'!$B12,LCI!$D$2:$D$130,0))*$C12 -> 0.00042198392 | J73: =INDEX(LCI!P$2:P$130,MATCH('A1 - Raw Material Supply'!$B13,LCI!$D$2:$D$130,0))*$C13 -> 0.00042198392 | K73: =SUM(B73:J73) -> 0.0088920571 | L73: {=INDEX(LCI!P$2:P$130,MATCH('A1 - Raw Material Supply'!$B$14&'A1 - Raw Material Supply'!$D$14,LCI!$B$2:$B$130&LCI!$D$2:$D$130,0))*$C14} -> 0.003683325 | M73: {=INDEX(LCI!P$2:P$130,MATCH('A1 - Raw Material Supply'!$B$15&'A1 - Raw Material Supply'!$D$15,LCI!$B$2:$B$130&LCI!$D$2:$D$130,0))*$C15} -> 0.00038327747 | N73: =L73+M73 -> 0.0040666025 | O73: {=INDEX(LCI!P$2:P$137,MATCH('A1 - Raw Material Supply'!$B4&'A1 - Raw Material Supply'!$D4,LCI!$B2:$B137&LCI!$D2:$D137,0))*$C4} -> 0.007992 | V73: {=INDEX(LCI!P$2:P$130,MATCH('A1 - Raw Material Supply'!$B$20&'A1 - Raw Material Supply'!$D$20,LCI!$B$2:$B$130&LCI!$D$2:$D$130,0))*$C$20} -> 0.0062470788 | W73: {=INDEX(LCI!P$2:P$130,MATCH('A1 - Raw Material Supply'!$B$21&'A1 - Raw Material Supply'!$D$21,LCI!$B$2:$B$130&LCI!$D$2:$D$130,0))*$C$21} -> 0.019065473 | X73: {=INDEX(LCI!P$2:P$130,MATCH('A1 - Raw Material Supply'!$B$22&'A1 - Raw Material Supply'!$D$22,LCI!$B$2:$B$130&LCI!$D$2:$D$130,0))*$C$22} -> 0.0062470788 | Y73: =V73+W73+X73 -> 0.03155963
A74: eutrophication: terrestrial | accumulated exceedance (AE) mol N-Eq | B74: =INDEX(LCI!Q$2:Q$130,MATCH('A1 - Raw Material Supply'!$B5,LCI!$D$2:$D$130,0))*$C5 -> 0 | C74: =INDEX(LCI!Q$2:Q$130,MATCH('A1 - Raw Material Supply'!$B6,LCI!$D$2:$D$130,0))*$C6 -> 0.054547397 | D74: =INDEX(LCI!Q$2:Q$130,MATCH('A1 - Raw Material Supply'!$B7,LCI!$D$2:$D$130,0))*$C7 -> 0.027273698 | E74: =INDEX(LCI!Q$2:Q$130,MATCH('A1 - Raw Material Supply'!$B8,LCI!$D$2:$D$130,0))*$C8 -> 0.016364219 | F74: =INDEX(LCI!Q$2:Q$130,MATCH('A1 - Raw Material Supply'!$B9,LCI!$D$2:$D$130,0))*$C9 -> 0 | G74: =INDEX(LCI!Q$2:Q$130,MATCH('A1 - Raw Material Supply'!$B10,LCI!$D$2:$D$130,0))*$C10 -> 0.0081821095 | H74: =INDEX(LCI!Q$2:Q$130,MATCH('A1 - Raw Material Supply'!$B11,LCI!$D$2:$D$130,0))*$C11 -> 0.0046346426 | I74: =INDEX(LCI!Q$2:Q$130,MATCH('A1 - Raw Material Supply'!$B12,LCI!$D$2:$D$130,0))*$C12 -> 0.0046346426 | J74: =INDEX(LCI!Q$2:Q$130,MATCH('A1 - Raw Material Supply'!$B13,LCI!$D$2:$D$130,0))*$C13 -> 0.0046346426 | K74: =SUM(B74:J74) -> 0.12027135 | L74: {=INDEX(LCI!Q$2:Q$130,MATCH('A1 - Raw Material Supply'!$B$14&'A1 - Raw Material Supply'!$D$14,LCI!$B$2:$B$130&LCI!$D$2:$D$130,0))*$C14} -> 0.040980068 | M74: {=INDEX(LCI!Q$2:Q$130,MATCH('A1 - Raw Material Supply'!$B$15&'A1 - Raw Material Supply'!$D$15,LCI!$B$2:$B$130&LCI!$D$2:$D$130,0))*$C15} -> 0.0045429047 | N74: =L74+M74 -> 0.045522972 | O74: {=INDEX(LCI!Q$2:Q$137,MATCH('A1 - Raw Material Supply'!$B4&'A1 - Raw Material Supply'!$D4,LCI!$B2:$B137&LCI!$D2:$D137,0))*$C4} -> 0.08748 | V74: {=INDEX(LCI!Q$2:Q$130,MATCH('A1 - Raw Material Supply'!$B$20&'A1 - Raw Material Supply'!$D$20,LCI!$B$2:$B$130&LCI!$D$2:$D$130,0))*$C$20} -> 0.064116555 | W74: {=INDEX(LCI!Q$2:Q$130,MATCH('A1 - Raw Material Supply'!$B$21&'A1 - Raw Material Supply'!$D$21,LCI!$B$2:$B$130&LCI!$D$2:$D$130,0))*$C$21} -> 0.20682313 | X74: {=INDEX(LCI!Q$2:Q$130,MATCH('A1 - Raw Material Supply'!$B$22&'A1 - Raw Material Supply'!$D$22,LCI!$B$2:$B$130&LCI!$D$2:$D$130,0))*$C$22} -> 0.064116555 | Y74: =V74+W74+X74 -> 0.33505624
A75: human toxicity: carcinogenic | comparative toxic unit for human (CTUh) | B75: =INDEX(LCI!R$2:R$130,MATCH('A1 - Raw Material Supply'!$B5,LCI!$D$2:$D$130,0))*$C5 -> 0 | C75: =INDEX(LCI!R$2:R$130,MATCH('A1 - Raw Material Supply'!$B6,LCI!$D$2:$D$130,0))*$C6 -> 1.0196306e-10 | D75: =INDEX(LCI!R$2:R$130,MATCH('A1 - Raw Material Supply'!$B7,LCI!$D$2:$D$130,0))*$C7 -> 5.0981532e-11 | E75: =INDEX(LCI!R$2:R$130,MATCH('A1 - Raw Material Supply'!$B8,LCI!$D$2:$D$130,0))*$C8 -> 3.0588919e-11 | F75: =INDEX(LCI!R$2:R$130,MATCH('A1 - Raw Material Supply'!$B9,LCI!$D$2:$D$130,0))*$C9 -> 0 | G75: =INDEX(LCI!R$2:R$130,MATCH('A1 - Raw Material Supply'!$B10,LCI!$D$2:$D$130,0))*$C10 -> 1.529446e-11 | H75: =INDEX(LCI!R$2:R$130,MATCH('A1 - Raw Material Supply'!$B11,LCI!$D$2:$D$130,0))*$C11 -> 1.2269377e-11 | I75: =INDEX(LCI!R$2:R$130,MATCH('A1 - Raw Material Supply'!$B12,LCI!$D$2:$D$130,0))*$C12 -> 1.2269377e-11 | J75: =INDEX(LCI!R$2:R$130,MATCH('A1 - Raw Material Supply'!$B13,LCI!$D$2:$D$130,0))*$C13 -> 1.2269377e-11 | K75: =SUM(B75:J75) -> 2.3563611e-10 | L75: {=INDEX(LCI!R$2:R$130,MATCH('A1 - Raw Material Supply'!$B$14&'A1 - Raw Material Supply'!$D$14,LCI!$B$2:$B$130&LCI!$D$2:$D$130,0))*$C14} -> 6.5817142e-10 | M75: {=INDEX(LCI!R$2:R$130,MATCH('A1 - Raw Material Supply'!$B$15&'A1 - Raw Material Supply'!$D$15,LCI!$B$2:$B$130&LCI!$D$2:$D$130,0))*$C15} -> 4.5583717e-11 | N75: =L75+M75 -> 7.0375513e-10 | O75: {=INDEX(LCI!R$2:R$137,MATCH('A1 - Raw Material Supply'!$B4&'A1 - Raw Material Supply'!$D4,LCI!$B2:$B137&LCI!$D2:$D137,0))*$C4} -> 8.928e-09 | V75: {=INDEX(LCI!R$2:R$130,MATCH('A1 - Raw Material Supply'!$B$20&'A1 - Raw Material Supply'!$D$20,LCI!$B$2:$B$130&LCI!$D$2:$D$130,0))*$C$20} -> 2.0801708e-09 | W75: {=INDEX(LCI!R$2:R$130,MATCH('A1 - Raw Material Supply'!$B$21&'A1 - Raw Material Supply'!$D$21,LCI!$B$2:$B$130&LCI!$D$2:$D$130,0))*$C$21} -> 2.5058148e-09 | X75: {=INDEX(LCI!R$2:R$130,MATCH('A1 - Raw Material Supply'!$B$22&'A1 - Raw Material Supply'!$D$22,LCI!$B$2:$B$130&LCI!$D$2:$D$130,0))*$C$22} -> 2.0801708e-09 | Y75: =V75+W75+X75 -> 6.6661564e-09
A76: human toxicity: non-carcinogenic | comparative toxic unit for human (CTUh) | B76: =INDEX(LCI!S$2:S$130,MATCH('A1 - Raw Material Supply'!$B5,LCI!$D$2:$D$130,0))*$C5 -> 0 | C76: =INDEX(LCI!S$2:S$130,MATCH('A1 - Raw Material Supply'!$B6,LCI!$D$2:$D$130,0))*$C6 -> 2.7066966e-09 | D76: =INDEX(LCI!S$2:S$130,MATCH('A1 - Raw Material Supply'!$B7,LCI!$D$2:$D$130,0))*$C7 -> 1.3533483e-09 | E76: =INDEX(LCI!S$2:S$130,MATCH('A1 - Raw Material Supply'!$B8,LCI!$D$2:$D$130,0))*$C8 -> 8.1200897e-10 | F76: =INDEX(LCI!S$2:S$130,MATCH('A1 - Raw Material Supply'!$B9,LCI!$D$2:$D$130,0))*$C9 -> 0 | G76: =INDEX(LCI!S$2:S$130,MATCH('A1 - Raw Material Supply'!$B10,LCI!$D$2:$D$130,0))*$C10 -> 4.0600449e-10 | H76: =INDEX(LCI!S$2:S$130,MATCH('A1 - Raw Material Supply'!$B11,LCI!$D$2:$D$130,0))*$C11 -> 1.9776623e-10 | I76: =INDEX(LCI!S$2:S$130,MATCH('A1 - Raw Material Supply'!$B12,LCI!$D$2:$D$130,0))*$C12 -> 1.9776623e-10 | J76: =INDEX(LCI!S$2:S$130,MATCH('A1 - Raw Material Supply'!$B13,LCI!$D$2:$D$130,0))*$C13 -> 1.9776623e-10 | K76: =SUM(B76:J76) -> 5.871357e-09 | L76: {=INDEX(LCI!S$2:S$130,MATCH('A1 - Raw Material Supply'!$B$14&'A1 - Raw Material Supply'!$D$14,LCI!$B$2:$B$130&LCI!$D$2:$D$130,0))*$C14} -> 3.5583161e-08 | M76: {=INDEX(LCI!S$2:S$130,MATCH('A1 - Raw Material Supply'!$B$15&'A1 - Raw Material Supply'!$D$15,LCI!$B$2:$B$130&LCI!$D$2:$D$130,0))*$C15} -> 1.7320093e-09 | N76: =L76+M76 -> 3.7315171e-08 | O76: {=INDEX(LCI!S$2:S$137,MATCH('A1 - Raw Material Supply'!$B4&'A1 - Raw Material Supply'!$D4,LCI!$B2:$B137&LCI!$D2:$D137,0))*$C4} -> 2.574e-07 | V76: {=INDEX(LCI!S$2:S$130,MATCH('A1 - Raw Material Supply'!$B$20&'A1 - Raw Material Supply'!$D$20,LCI!$B$2:$B$130&LCI!$D$2:$D$130,0))*$C$20} -> 9.2094709e-08 | W76: {=INDEX(LCI!S$2:S$130,MATCH('A1 - Raw Material Supply'!$B$21&'A1 - Raw Material Supply'!$D$21,LCI!$B$2:$B$130&LCI!$D$2:$D$130,0))*$C$21} -> 1.2185767e-07 | X76: {=INDEX(LCI!S$2:S$130,MATCH('A1 - Raw Material Supply'!$B$22&'A1 - Raw Material Supply'!$D$22,LCI!$B$2:$B$130&LCI!$D$2:$D$130,0))*$C$22} -> 9.2094709e-08 | Y76: =V76+W76+X76 -> 3.0604709e-07
A77: ionising radiation: human health | human exposure efficiency relative to u235 kBq U235-Eq | B77: =INDEX(LCI!T$2:T$130,MATCH('A1 - Raw Material Supply'!$B5,LCI!$D$2:$D$130,0))*$C5 -> 0 | C77: =INDEX(LCI!T$2:T$130,MATCH('A1 - Raw Material Supply'!$B6,LCI!$D$2:$D$130,0))*$C6 -> 0.021388659 | D77: =INDEX(LCI!T$2:T$130,MATCH('A1 - Raw Material Supply'!$B7,LCI!$D$2:$D$130,0))*$C7 -> 0.010694329 | E77: =INDEX(LCI!T$2:T$130,MATCH('A1 - Raw Material Supply'!$B8,LCI!$D$2:$D$130,0))*$C8 -> 0.0064165977 | F77: =INDEX(LCI!T$2:T$130,MATCH('A1 - Raw Material Supply'!$B9,LCI!$D$2:$D$130,0))*$C9 -> 0 | G77: =INDEX(LCI!T$2:T$130,MATCH('A1 - Raw Material Supply'!$B10,LCI!$D$2:$D$130,0))*$C10 -> 0.0032082988 | H77: =INDEX(LCI!T$2:T$130,MATCH('A1 - Raw Material Supply'!$B11,LCI!$D$2:$D$130,0))*$C11 -> 0.00089113496 | I77: =INDEX(LCI!T$2:T$130,MATCH('A1 - Raw Material Supply'!$B12,LCI!$D$2:$D$130,0))*$C12 -> 0.00089113496 | J77: =INDEX(LCI!T$2:T$130,MATCH('A1 - Raw Material Supply'!$B13,LCI!$D$2:$D$130,0))*$C13 -> 0.00089113496 | K77: =SUM(B77:J77) -> 0.04438129 | L77: {=INDEX(LCI!T$2:T$130,MATCH('A1 - Raw Material Supply'!$B$14&'A1 - Raw Material Supply'!$D$14,LCI!$B$2:$B$130&LCI!$D$2:$D$130,0))*$C14} -> 0.23403978 | M77: {=INDEX(LCI!T$2:T$130,MATCH('A1 - Raw Material Supply'!$B$15&'A1 - Raw Material Supply'!$D$15,LCI!$B$2:$B$130&LCI!$D$2:$D$130,0))*$C15} -> 0.071109103 | N77: =L77+M77 -> 0.30514889 | O77: {=INDEX(LCI!T$2:T$137,MATCH('A1 - Raw Material Supply'!$B4&'A1 - Raw Material Supply'!$D4,LCI!$B2:$B137&LCI!$D2:$D137,0))*$C4} -> 0.1359 | V77: {=INDEX(LCI!T$2:T$130,MATCH('A1 - Raw Material Supply'!$B$20&'A1 - Raw Material Supply'!$D$20,LCI!$B$2:$B$130&LCI!$D$2:$D$130,0))*$C$20} -> 0.64504997 | W77: {=INDEX(LCI!T$2:T$130,MATCH('A1 - Raw Material Supply'!$B$21&'A1 - Raw Material Supply'!$D$21,LCI!$B$2:$B$130&LCI!$D$2:$D$130,0))*$C$21} -> 0.33805569 | X77: {=INDEX(LCI!T$2:T$130,MATCH('A1 - Raw Material Supply'!$B$22&'A1 - Raw Material Supply'!$D$22,LCI!$B$2:$B$130&LCI!$D$2:$D$130,0))*$C$22} -> 0.64504997 | Y77: =V77+W77+X77 -> 1.6281556
A78: land use | soil quality index dimensionless | B78: =INDEX(LCI!U$2:U$130,MATCH('A1 - Raw Material Supply'!$B5,LCI!$D$2:$D$130,0))*$C5 -> 0 | C78: =INDEX(LCI!U$2:U$130,MATCH('A1 - Raw Material Supply'!$B6,LCI!$D$2:$D$130,0))*$C6 -> 6.5938462 | D78: =INDEX(LCI!U$2:U$130,MATCH('A1 - Raw Material Supply'!$B7,LCI!$D$2:$D$130,0))*$C7 -> 3.2969231 | E78: =INDEX(LCI!U$2:U$130,MATCH('A1 - Raw Material Supply'!$B8,LCI!$D$2:$D$130,0))*$C8 -> 1.9781539 | F78: =INDEX(LCI!U$2:U$130,MATCH('A1 - Raw Material Supply'!$B9,LCI!$D$2:$D$130,0))*$C9 -> 0 | G78: =INDEX(LCI!U$2:U$130,MATCH('A1 - Raw Material Supply'!$B10,LCI!$D$2:$D$130,0))*$C10 -> 0.98907693 | H78: =INDEX(LCI!U$2:U$130,MATCH('A1 - Raw Material Supply'!$B11,LCI!$D$2:$D$130,0))*$C11 -> 48.913704 | I78: =INDEX(LCI!U$2:U$130,MATCH('A1 - Raw Material Supply'!$B12,LCI!$D$2:$D$130,0))*$C12 -> 48.913704 | J78: =INDEX(LCI!U$2:U$130,MATCH('A1 - Raw Material Supply'!$B13,LCI!$D$2:$D$130,0))*$C13 -> 48.913704 | K78: =SUM(B78:J78) -> 159.59911 | L78: {=INDEX(LCI!U$2:U$130,MATCH('A1 - Raw Material Supply'!$B$14&'A1 - Raw Material Supply'!$D$14,LCI!$B$2:$B$130&LCI!$D$2:$D$130,0))*$C14} -> 9.170011 | M78: {=INDEX(LCI!U$2:U$130,MATCH('A1 - Raw Material Supply'!$B$15&'A1 - Raw Material Supply'!$D$15,LCI!$B$2:$B$130&LCI!$D$2:$D$130,0))*$C15} -> 1.1422727 | N78: =L78+M78 -> 10.312284 | O78: {=INDEX(LCI!U$2:U$137,MATCH('A1 - Raw Material Supply'!$B4&'A1 - Raw Material Supply'!$D4,LCI!$B2:$B137&LCI!$D2:$D137,0))*$C4} -> 4.734 | V78: {=INDEX(LCI!U$2:U$130,MATCH('A1 - Raw Material Supply'!$B$20&'A1 - Raw Material Supply'!$D$20,LCI!$B$2:$B$130&LCI!$D$2:$D$130,0))*$C$20} -> 17.720098 | W78: {=INDEX(LCI!U$2:U$130,MATCH('A1 - Raw Material Supply'!$B$21&'A1 - Raw Material Supply'!$D$21,LCI!$B$2:$B$130&LCI!$D$2:$D$130,0))*$C$21} -> 36.236117 | X78: {=INDEX(LCI!U$2:U$130,MATCH('A1 - Raw Material Supply'!$B$22&'A1 - Raw Material Supply'!$D$22,LCI!$B$2:$B$130&LCI!$D$2:$D$130,0))*$C$22} -> 17.720098 | Y78: =V78+W78+X78 -> 71.676313
A79: material resources: metals/minerals | abiotic depletion potential (ADP): elements (ultimate reserves) kg Sb-Eq | B79: =INDEX(LCI!V$2:V$130,MATCH('A1 - Raw Material Supply'!$B5,LCI!$D$2:$D$130,0))*$C5 -> 0 | C79: =INDEX(LCI!V$2:V$130,MATCH('A1 - Raw Material Supply'!$B6,LCI!$D$2:$D$130,0))*$C6 -> 1.6398651e-06 | D79: =INDEX(LCI!V$2:V$130,MATCH('A1 - Raw Material Supply'!$B7,LCI!$D$2:$D$130,0))*$C7 -> 8.1993256e-07 | E79: =INDEX(LCI!V$2:V$130,MATCH('A1 - Raw Material Supply'!$B8,LCI!$D$2:$D$130,0))*$C8 -> 4.9195954e-07 | F79: =INDEX(LCI!V$2:V$130,MATCH('A1 - Raw Material Supply'!$B9,LCI!$D$2:$D$130,0))*$C9 -> 0 | G79: =INDEX(LCI!V$2:V$130,MATCH('A1 - Raw Material Supply'!$B10,LCI!$D$2:$D$130,0))*$C10 -> 2.4597977e-07 | H79: =INDEX(LCI!V$2:V$130,MATCH('A1 - Raw Material Supply'!$B11,LCI!$D$2:$D$130,0))*$C11 -> 6.6909059e-08 | I79: =INDEX(LCI!V$2:V$130,MATCH('A1 - Raw Material Supply'!$B12,LCI!$D$2:$D$130,0))*$C12 -> 6.6909059e-08 | J79: =INDEX(LCI!V$2:V$130,MATCH('A1 - Raw Material Supply'!$B13,LCI!$D$2:$D$130,0))*$C13 -> 6.6909059e-08 | K79: =SUM(B79:J79) -> 3.3984642e-06 | L79: {=INDEX(LCI!V$2:V$130,MATCH('A1 - Raw Material Supply'!$B$14&'A1 - Raw Material Supply'!$D$14,LCI!$B$2:$B$130&LCI!$D$2:$D$130,0))*$C14} -> 1.8236823e-05 | M79: {=INDEX(LCI!V$2:V$130,MATCH('A1 - Raw Material Supply'!$B$15&'A1 - Raw Material Supply'!$D$15,LCI!$B$2:$B$130&LCI!$D$2:$D$130,0))*$C15} -> 6.5070485e-07 | N79: =L79+M79 -> 1.8887528e-05 | O79: {=INDEX(LCI!V$2:V$137,MATCH('A1 - Raw Material Supply'!$B4&'A1 - Raw Material Supply'!$D4,LCI!$B2:$B137&LCI!$D2:$D137,0))*$C4} -> 1.836e-06 | V79: {=INDEX(LCI!V$2:V$130,MATCH('A1 - Raw Material Supply'!$B$20&'A1 - Raw Material Supply'!$D$20,LCI!$B$2:$B$130&LCI!$D$2:$D$130,0))*$C$20} -> 0.0012122922 | W79: {=INDEX(LCI!V$2:V$130,MATCH('A1 - Raw Material Supply'!$B$21&'A1 - Raw Material Supply'!$D$21,LCI!$B$2:$B$130&LCI!$D$2:$D$130,0))*$C$21} -> 0.00015999056 | X79: {=INDEX(LCI!V$2:V$130,MATCH('A1 - Raw Material Supply'!$B$22&'A1 - Raw Material Supply'!$D$22,LCI!$B$2:$B$130&LCI!$D$2:$D$130,0))*$C$22} -> 0.0012122922 | Y79: =V79+W79+X79 -> 0.0025845749
A80: ozone depletion|ozone depletion potential (ODP) kg CFC-11-Eq | B80: =INDEX(LCI!W$2:W$130,MATCH('A1 - Raw Material Supply'!$B5,LCI!$D$2:$D$130,0))*$C5 -> 0 | C80: =INDEX(LCI!W$2:W$130,MATCH('A1 - Raw Material Supply'!$B6,LCI!$D$2:$D$130,0))*$C6 -> 9.3260733e-09 | D80: =INDEX(LCI!W$2:W$130,MATCH('A1 - Raw Material Supply'!$B7,LCI!$D$2:$D$130,0))*$C7 -> 4.6630366e-09 | E80: =INDEX(LCI!W$2:W$130,MATCH('A1 - Raw Material Supply'!$B8,LCI!$D$2:$D$130,0))*$C8 -> 2.797822e-09 | F80: =INDEX(LCI!W$2:W$130,MATCH('A1 - Raw Material Supply'!$B9,LCI!$D$2:$D$130,0))*$C9 -> 0 | G80: =INDEX(LCI!W$2:W$130,MATCH('A1 - Raw Material Supply'!$B10,LCI!$D$2:$D$130,0))*$C10 -> 1.398911e-09 | H80: =INDEX(LCI!W$2:W$130,MATCH('A1 - Raw Material Supply'!$B11,LCI!$D$2:$D$130,0))*$C11 -> 1.5216981e-09 | I80: =INDEX(LCI!W$2:W$130,MATCH('A1 - Raw Material Supply'!$B12,LCI!$D$2:$D$130,0))*$C12 -> 1.5216981e-09 | J80: =INDEX(LCI!W$2:W$130,MATCH('A1 - Raw Material Supply'!$B13,LCI!$D$2:$D$130,0))*$C13 -> 1.5216981e-09 | K80: =SUM(B80:J80) -> 2.2750937e-08 | L80: {=INDEX(LCI!W$2:W$130,MATCH('A1 - Raw Material Supply'!$B$14&'A1 - Raw Material Supply'!$D$14,LCI!$B$2:$B$130&LCI!$D$2:$D$130,0))*$C14} -> 2.5862611e-08 | M80: {=INDEX(LCI!W$2:W$130,MATCH('A1 - Raw Material Supply'!$B$15&'A1 - Raw Material Supply'!$D$15,LCI!$B$2:$B$130&LCI!$D$2:$D$130,0))*$C15} -> 2.831665e-09 | N80: =L80+M80 -> 2.8694276e-08 | O80: {=INDEX(LCI!W$2:W$137,MATCH('A1 - Raw Material Supply'!$B4&'A1 - Raw Material Supply'!$D4,LCI!$B2:$B137&LCI!$D2:$D137,0))*$C4} -> 5.976e-12 | V80: {=INDEX(LCI!W$2:W$130,MATCH('A1 - Raw Material Supply'!$B$20&'A1 - Raw Material Supply'!$D$20,LCI!$B$2:$B$130&LCI!$D$2:$D$130,0))*$C$20} -> 4.052565e-08 | W80: {=INDEX(LCI!W$2:W$130,MATCH('A1 - Raw Material Supply'!$B$21&'A1 - Raw Material Supply'!$D$21,LCI!$B$2:$B$130&LCI!$D$2:$D$130,0))*$C$21} -> 1.7616388e-07 | X80: {=INDEX(LCI!W$2:W$130,MATCH('A1 - Raw Material Supply'!$B$22&'A1 - Raw Material Supply'!$D$22,LCI!$B$2:$B$130&LCI!$D$2:$D$130,0))*$C$22} -> 4.052565e-08 | Y80: =V80+W80+X80 -> 2.5721518e-07
A81: particulate matter formation | impact on human health | B81: =INDEX(LCI!X$2:X$130,MATCH('A1 - Raw Material Supply'!$B5,LCI!$D$2:$D$130,0))*$C5 -> 0 | C81: =INDEX(LCI!X$2:X$130,MATCH('A1 - Raw Material Supply'!$B6,LCI!$D$2:$D$130,0))*$C6 -> 1.7632793e-07 | D81: =INDEX(LCI!X$2:X$130,MATCH('A1 - Raw Material Supply'!$B7,LCI!$D$2:$D$130,0))*$C7 -> 8.8163965e-08 | E81: =INDEX(LCI!X$2:X$130,MATCH('A1 - Raw Material Supply'!$B8,LCI!$D$2:$D$130,0))*$C8 -> 5.2898379e-08 | F81: =INDEX(LCI!X$2:X$130,MATCH('A1 - Raw Material Supply'!$B9,LCI!$D$2:$D$130,0))*$C9 -> 0 | G81: =INDEX(LCI!X$2:X$130,MATCH('A1 - Raw Material Supply'!$B10,LCI!$D$2:$D$130,0))*$C10 -> 2.6449189e-08 | H81: =INDEX(LCI!X$2:X$130,MATCH('A1 - Raw Material Supply'!$B11,LCI!$D$2:$D$130,0))*$C11 -> 2.5970932e-08 | I81: =INDEX(LCI!X$2:X$130,MATCH('A1 - Raw Material Supply'!$B12,LCI!$D$2:$D$130,0))*$C12 -> 2.5970932e-08 | J81: =INDEX(LCI!X$2:X$130,MATCH('A1 - Raw Material Supply'!$B13,LCI!$D$2:$D$130,0))*$C13 -> 2.5970932e-08 | K81: =SUM(B81:J81) -> 4.2175226e-07 | L81: {=INDEX(LCI!X$2:X$130,MATCH('A1 - Raw Material Supply'!$B$14&'A1 - Raw Material Supply'!$D$14,LCI!$B$2:$B$130&LCI!$D$2:$D$130,0))*$C14} -> 1.2367403e-07 | M81: {=INDEX(LCI!X$2:X$130,MATCH('A1 - Raw Material Supply'!$B$15&'A1 - Raw Material Supply'!$D$15,LCI!$B$2:$B$130&LCI!$D$2:$D$130,0))*$C15} -> 1.7904072e-08 | N81: =L81+M81 -> 1.415781e-07 | O81: {=INDEX(LCI!X$2:X$137,MATCH('A1 - Raw Material Supply'!$B4&'A1 - Raw Material Supply'!$D4,LCI!$B2:$B137&LCI!$D2:$D137,0))*$C4} -> 4.824e-07 | V81: {=INDEX(LCI!X$2:X$130,MATCH('A1 - Raw Material Supply'!$B$20&'A1 - Raw Material Supply'!$D$20,LCI!$B$2:$B$130&LCI!$D$2:$D$130,0))*$C$20} -> 4.2382404e-07 | W81: {=INDEX(LCI!X$2:X$130,MATCH('A1 - Raw Material Supply'!$B$21&'A1 - Raw Material Supply'!$D$21,LCI!$B$2:$B$130&LCI!$D$2:$D$130,0))*$C$21} -> 1.0020906e-06 | X81: {=INDEX(LCI!X$2:X$130,MATCH('A1 - Raw Material Supply'!$B$22&'A1 - Raw Material Supply'!$D$22,LCI!$B$2:$B$130&LCI!$D$2:$D$130,0))*$C$22} -> 4.2382404e-07 | Y81: =V81+W81+X81 -> 1.8497387e-06
A82: photochemical oxidant formation: human health | tropospheric ozone concentration increase kg NMVOC-Eq | B82: =INDEX(LCI!Y$2:Y$130,MATCH('A1 - Raw Material Supply'!$B5,LCI!$D$2:$D$130,0))*$C5 -> 0 | C82: =INDEX(LCI!Y$2:Y$130,MATCH('A1 - Raw Material Supply'!$B6,LCI!$D$2:$D$130,0))*$C6 -> 0.012319192 | D82: =INDEX(LCI!Y$2:Y$130,MATCH('A1 - Raw Material Supply'!$B7,LCI!$D$2:$D$130,0))*$C7 -> 0.0061595958 | E82: =INDEX(LCI!Y$2:Y$130,MATCH('A1 - Raw Material Supply'!$B8,LCI!$D$2:$D$130,0))*$C8 -> 0.0036957575 | F82: =INDEX(LCI!Y$2:Y$130,MATCH('A1 - Raw Material Supply'!$B9,LCI!$D$2:$D$130,0))*$C9 -> 0 | G82: =INDEX(LCI!Y$2:Y$130,MATCH('A1 - Raw Material Supply'!$B10,LCI!$D$2:$D$130,0))*$C10 -> 0.0018478787 | H82: =INDEX(LCI!Y$2:Y$130,MATCH('A1 - Raw Material Supply'!$B11,LCI!$D$2:$D$130,0))*$C11 -> 0.0013827311 | I82: =INDEX(LCI!Y$2:Y$130,MATCH('A1 - Raw Material Supply'!$B12,LCI!$D$2:$D$130,0))*$C12 -> 0.0013827311 | J82: =INDEX(LCI!Y$2:Y$130,MATCH('A1 - Raw Material Supply'!$B13,LCI!$D$2:$D$130,0))*$C13 -> 0.0013827311 | K82: =SUM(B82:J82) -> 0.028170617 | L82: {=INDEX(LCI!Y$2:Y$130,MATCH('A1 - Raw Material Supply'!$B$14&'A1 - Raw Material Supply'!$D$14,LCI!$B$2:$B$130&LCI!$D$2:$D$130,0))*$C14} -> 0.011938714 | M82: {=INDEX(LCI!Y$2:Y$130,MATCH('A1 - Raw Material Supply'!$B$15&'A1 - Raw Material Supply'!$D$15,LCI!$B$2:$B$130&LCI!$D$2:$D$130,0))*$C15} -> 0.0011998903 | N82: =L82+M82 -> 0.013138605 | O82: {=INDEX(LCI!Y$2:Y$137,MATCH('A1 - Raw Material Supply'!$B4&'A1 - Raw Material Supply'!$D4,LCI!$B2:$B137&LCI!$D2:$D137,0))*$C4} -> 0.03654 | V82: {=INDEX(LCI!Y$2:Y$130,MATCH('A1 - Raw Material Supply'!$B$20&'A1 - Raw Material Supply'!$D$20,LCI!$B$2:$B$130&LCI!$D$2:$D$130,0))*$C$20} -> 0.021167156 | W82: {=INDEX(LCI!Y$2:Y$130,MATCH('A1 - Raw Material Supply'!$B$21&'A1 - Raw Material Supply'!$D$21,LCI!$B$2:$B$130&LCI!$D$2:$D$130,0))*$C$21} -> 0.074060939 | X82: {=INDEX(LCI!Y$2:Y$130,MATCH('A1 - Raw Material Supply'!$B$22&'A1 - Raw Material Supply'!$D$22,LCI!$B$2:$B$130&LCI!$D$2:$D$130,0))*$C$22} -> 0.021167156 | Y82: =V82+W82+X82 -> 0.11639525
A83: water use | user deprivation potential (deprivation-weighted water consumption) m3 world eq deprived | B83: =INDEX(LCI!Z$2:Z$130,MATCH('A1 - Raw Material Supply'!$B5,LCI!$D$2:$D$130,0))*$C5 -> 0 | C83: =INDEX(LCI!Z$2:Z$130,MATCH('A1 - Raw Material Supply'!$B6,LCI!$D$2:$D$130,0))*$C6 -> 0.80512543 | D83: =INDEX(LCI!Z$2:Z$130,MATCH('A1 - Raw Material Supply'!$B7,LCI!$D$2:$D$130,0))*$C7 -> 0.40256271 | E83: =INDEX(LCI!Z$2:Z$130,MATCH('A1 - Raw Material Supply'!$B8,LCI!$D$2:$D$130,0))*$C8 -> 0.24153763 | F83: =INDEX(LCI!Z$2:Z$130,MATCH('A1 - Raw Material Supply'!$B9,LCI!$D$2:$D$130,0))*$C9 -> 0 | G83: =INDEX(LCI!Z$2:Z$130,MATCH('A1 - Raw Material Supply'!$B10,LCI!$D$2:$D$130,0))*$C10 -> 0.12076881 | H83: =INDEX(LCI!Z$2:Z$130,MATCH('A1 - Raw Material Supply'!$B11,LCI!$D$2:$D$130,0))*$C11 -> 0.1334323 | I83: =INDEX(LCI!Z$2:Z$130,MATCH('A1 - Raw Material Supply'!$B12,LCI!$D$2:$D$130,0))*$C12 -> 0.1334323 | J83: =INDEX(LCI!Z$2:Z$130,MATCH('A1 - Raw Material Supply'!$B13,LCI!$D$2:$D$130,0))*$C13 -> 0.1334323 | K83: =SUM(B83:J83) -> 1.9702915 | L83: {=INDEX(LCI!Z$2:Z$130,MATCH('A1 - Raw Material Supply'!$B$14&'A1 - Raw Material Supply'!$D$14,LCI!$B$2:$B$130&LCI!$D$2:$D$130,0))*$C14} -> 0.55942561 | M83: {=INDEX(LCI!Z$2:Z$130,MATCH('A1 - Raw Material Supply'!$B$15&'A1 - Raw Material Supply'!$D$15,LCI!$B$2:$B$130&LCI!$D$2:$D$130,0))*$C15} -> 0.46168314 | N83: =L83+M83 -> 1.0211088 | O83: {=INDEX(LCI!Z$2:Z$137,MATCH('A1 - Raw Material Supply'!$B4&'A1 - Raw Material Supply'!$D4,LCI!$B2:$B137&LCI!$D2:$D137,0))*$C4} -> 0.12978 | V83: {=INDEX(LCI!Z$2:Z$130,MATCH('A1 - Raw Material Supply'!$B$20&'A1 - Raw Material Supply'!$D$20,LCI!$B$2:$B$130&LCI!$D$2:$D$130,0))*$C$20} -> 2.001299 | W83: {=INDEX(LCI!Z$2:Z$130,MATCH('A1 - Raw Material Supply'!$B$21&'A1 - Raw Material Supply'!$D$21,LCI!$B$2:$B$130&LCI!$D$2:$D$130,0))*$C$21} -> 2.158225 | X83: {=INDEX(LCI!Z$2:Z$130,MATCH('A1 - Raw Material Supply'!$B$22&'A1 - Raw Material Supply'!$D$22,LCI!$B$2:$B$130&LCI!$D$2:$D$130,0))*$C$22} -> 2.001299 | Y83: =V83+W83+X83 -> 6.1608231
K84: =+SUM(K65:K83) -> 195.49658 | N84: =+SUM(N65:N83) -> 70.826575 | O84: =+SUM(O65:O83) -> 1361.6492 | R84: =+SUM(R65:R83) -> 0 | U84: =+SUM(U65:U83) -> 0 | Y84: =+SUM(Y65:Y83) -> 1305.4766
A85: Impacts: Asphalt mix biogenic components (per impact category)
B87: Aggregates | L87: Fillers | O87: Binder | P87: RAP | S87: Other Waste | V87: Additives
B88: Virgin crushed coarse aggregate 1 (>2 mm) | C88: Virgin crushed coarse aggregate 2 (>2 mm) | D88: Virgin crushed coarse aggregate 3 (>2 mm) | E88: Virgin crushed fine aggregate 1 (≤2 mm) | F88: Virgin crushed fine aggregate 2 (≤2 mm) | G88: Virgin crushed fine aggregate 3 (≤2 mm) | H88: Virgin natural fine aggregate 1 (≤2 mm) | I88: Virgin natural fine aggregate 2 (≤2 mm) | J88: Virgin natural fine aggregate 3 (≤2 mm) | K88: Total Aggregates | L88: Added filler 1 | M88: Added filler 2 | N88: Total Fillers | O88: Total | P88: RAP 1 | Q88: RAP 2 | R88: Total RAP | S88: Other Waste 1 | T88: Other Waste 2 | U88: Total Other Waste | V88: Additive 1 | W88: Additive 2 | X88: Additive 3 | Y88: Total Additives
A89: acidification | accumulated exceedance (AE) mol H+ -eq | O89: {=_xlfn.IFNA(INDEX(LCI!H$2:H$137,MATCH('A1 - Raw Material Supply'!$B$28&'A1 - Raw Material Supply'!$D$28,LCI!$B$2:$B$137&LCI!$D$2:$D$137,0))*$C28,0)} -> 0.001142
A90: climate change | global warming potential (GWP100) kgCO2-Eq | O90: {=_xlfn.IFNA(INDEX(LCI!I$2:I$137,MATCH('A1 - Raw Material Supply'!$B$28&'A1 - Raw Material Supply'!$D$28,LCI!$B$2:$B$137&LCI!$D$2:$D$137,0))*$C28,0)} -> -5.86
A91: climate change: biogenic | global warming potential (GWP100) kgCO2-Eq | O91: {=_xlfn.IFNA(INDEX(LCI!J$2:J$137,MATCH('A1 - Raw Material Supply'!$B$28&'A1 - Raw Material Supply'!$D$28,LCI!$B$2:$B$137&LCI!$D$2:$D$137,0))*$C28,0)} -> -6
A92: climate change: fossil | global warming potential (GWP100) kgCO2-Eq | O92: {=_xlfn.IFNA(INDEX(LCI!K$2:K$137,MATCH('A1 - Raw Material Supply'!$B$28&'A1 - Raw Material Supply'!$D$28,LCI!$B$2:$B$137&LCI!$D$2:$D$137,0))*$C28,0)} -> 0.138
A93: land use and land use change | global warming potential (GWP100) kgCO2-Eq | O93: {=_xlfn.IFNA(INDEX(LCI!L$2:L$137,MATCH('A1 - Raw Material Supply'!$B$28&'A1 - Raw Material Supply'!$D$28,LCI!$B$2:$B$137&LCI!$D$2:$D$137,0))*$C28,0)} -> 0.00048
A94: ecotoxicity: freshwater | comparative toxic unit for ecosystems (CTUe) | O94: {=_xlfn.IFNA(INDEX(LCI!M$2:M$137,MATCH('A1 - Raw Material Supply'!$B$28&'A1 - Raw Material Supply'!$D$28,LCI!$B$2:$B$137&LCI!$D$2:$D$137,0))*$C28,0)} -> 11.24
A95: energy resources: non-renewable | abiotic depletion potential (ADP): fossil fuels MJ, net calorific value | O95: {=_xlfn.IFNA(INDEX(LCI!N$2:N$137,MATCH('A1 - Raw Material Supply'!$B$28&'A1 - Raw Material Supply'!$D$28,LCI!$B$2:$B$137&LCI!$D$2:$D$137,0))*$C28,0)} -> 1.23
A96: eutrophication: freshwater | fraction of nutrients reaching freshwater end compartment (P) | O96: {=_xlfn.IFNA(INDEX(LCI!O$2:O$137,MATCH('A1 - Raw Material Supply'!$B$28&'A1 - Raw Material Supply'!$D$28,LCI!$B$2:$B$137&LCI!$D$2:$D$137,0))*$C28,0)} -> 9.2e-06
A97: eutrophication: marine | fraction of nutrients reaching marine end compartment (N) kg N-Eq | O97: {=_xlfn.IFNA(INDEX(LCI!P$2:P$137,MATCH('A1 - Raw Material Supply'!$B$28&'A1 - Raw Material Supply'!$D$28,LCI!$B$2:$B$137&LCI!$D$2:$D$137,0))*$C28,0)} -> 0.000242
A98: eutrophication: terrestrial | accumulated exceedance (AE) mol N-Eq | O98: {=_xlfn.IFNA(INDEX(LCI!Q$2:Q$137,MATCH('A1 - Raw Material Supply'!$B$28&'A1 - Raw Material Supply'!$D$28,LCI!$B$2:$B$137&LCI!$D$2:$D$137,0))*$C28,0)} -> 0.00206
A99: human toxicity: carcinogenic | comparative toxic unit for human (CTUh) | O99: {=_xlfn.IFNA(INDEX(LCI!R$2:R$137,MATCH('A1 - Raw Material Supply'!$B$28&'A1 - Raw Material Supply'!$D$28,LCI!$B$2:$B$137&LCI!$D$2:$D$137,0))*$C28,0)} -> 9.26e-11
A100: human toxicity: non-carcinogenic | comparative toxic unit for human (CTUh) | O100: {=_xlfn.IFNA(INDEX(LCI!S$2:S$137,MATCH('A1 - Raw Material Supply'!$B$28&'A1 - Raw Material Supply'!$D$28,LCI!$B$2:$B$137&LCI!$D$2:$D$137,0))*$C28,0)} -> 5.16e-09
A101: ionising radiation: human health | human exposure efficiency relative to u235 kBq U235-Eq | O101: {=_xlfn.IFNA(INDEX(LCI!T$2:T$137,MATCH('A1 - Raw Material Supply'!$B$28&'A1 - Raw Material Supply'!$D$28,LCI!$B$2:$B$137&LCI!$D$2:$D$137,0))*$C28,0)} -> 0.00141
A102: land use | soil quality index dimensionless | O102: {=_xlfn.IFNA(INDEX(LCI!U$2:U$137,MATCH('A1 - Raw Material Supply'!$B$28&'A1 - Raw Material Supply'!$D$28,LCI!$B$2:$B$137&LCI!$D$2:$D$137,0))*$C28,0)} -> 0.818
A103: material resources: metals/minerals | abiotic depletion potential (ADP): elements (ultimate reserves) kg Sb-Eq | O103: {=_xlfn.IFNA(INDEX(LCI!V$2:V$137,MATCH('A1 - Raw Material Supply'!$B$28&'A1 - Raw Material Supply'!$D$28,LCI!$B$2:$B$137&LCI!$D$2:$D$137,0))*$C28,0)} -> 1.52e-06
A104: ozone depletion|ozone depletion potential (ODP) kg CFC-11-Eq | O104: {=_xlfn.IFNA(INDEX(LCI!W$2:W$137,MATCH('A1 - Raw Material Supply'!$B$28&'A1 - Raw Material Supply'!$D$28,LCI!$B$2:$B$137&LCI!$D$2:$D$137,0))*$C28,0)} -> 4.5e-09
A105: particulate matter formation | impact on human health | O105: {=_xlfn.IFNA(INDEX(LCI!X$2:X$137,MATCH('A1 - Raw Material Supply'!$B$28&'A1 - Raw Material Supply'!$D$28,LCI!$B$2:$B$137&LCI!$D$2:$D$137,0))*$C28,0)} -> 9.56e-09
A106: photochemical oxidant formation: human health | tropospheric ozone concentration increase kg NMVOC-Eq | O106: {=_xlfn.IFNA(INDEX(LCI!Y$2:Y$137,MATCH('A1 - Raw Material Supply'!$B$28&'A1 - Raw Material Supply'!$D$28,LCI!$B$2:$B$137&LCI!$D$2:$D$137,0))*$C28,0)} -> 0.000434
A107: water use | user deprivation potential (deprivation-weighted water consumption) m3 world eq deprived | O107: {=_xlfn.IFNA(INDEX(LCI!Z$2:Z$137,MATCH('A1 - Raw Material Supply'!$B$28&'A1 - Raw Material Supply'!$D$28,LCI!$B$2:$B$137&LCI!$D$2:$D$137,0))*$C28,0)} -> 0.1024
A110: Total Impacts: Asphalt mix components + Asphalt mix biogenic components per Impact Category (Declared Unit)
B112: Aggregates | L112: Fillers | O112: Binder | P112: RAP | S112: Other Waste | V112: Additives | Z112: A1: Total Raw Materials
B113: Virgin crushed coarse aggregate 1 (>2 mm) | C113: Virgin crushed coarse aggregate 2 (>2 mm) | D113: Virgin crushed coarse aggregate 3 (>2 mm) | E113: Virgin crushed fine aggregate 1 (≤2 mm) | F113: Virgin crushed fine aggregate 2 (≤2 mm) | G113: Virgin crushed fine aggregate 3 (≤2 mm) | H113: Virgin natural fine aggregate 1 (≤2 mm) | I113: Virgin natural fine aggregate 2 (≤2 mm) | J113: Virgin natural fine aggregate 3 (≤2 mm) | K113: Total Aggregates | L113: Added filler 1 | M113: Added filler 2 | N113: Total Fillers | O113: Total | P113: RAP 1 | Q113: RAP 2 | R113: Total RAP | S113: Other Waste 1 | T113: Other Waste 2 | U113: Total Other Waste | V113: Additive 1 | W113: Additive 2 | X113: Additive 3 | Y113: Total Additives
A114: acidification | accumulated exceedance (AE) mol H+ -eq | B114: =B65+B89 -> 0 | C114: =C65+C89 -> 0.010887407 | D114: =D65+D89 -> 0.0054437035 | E114: =E65+E89 -> 0.0032662221 | F114: =F65+F89 -> 0 | G114: =G65+G89 -> 0.0016331111 | H114: =H65+H89 -> 0.00091951718 | I114: =I65+I89 -> 0.00091951718 | ... O114: =O65+O89 -> 0.032102 | V114: =V65+V89 -> 0.031617304 | W114: =W65+W89 -> 0.10642676 | X114: =X65+X89 -> 0.031617304 | Y114: =Y65+Y89 -> 0.16966137 | Z114: =K114+N114+O114+Y114 -> 0.24301606
A115: climate change | global warming potential (GWP100) kgCO2-Eq | B115: =B66+B90 -> 0 | C115: =C66+C90 -> 0.56578264 | D115: =D66+D90 -> 0.28289132 | E115: =E66+E90 -> 0.16973479 | F115: =F66+F90 -> 0 | G115: =G66+G90 -> 0.084867396 | H115: =H66+H90 -> 0.10429696 | I115: =I66+I90 -> 0.10429696 | ... O115: =O66+O90 -> 3.68 | V115: =V66+V90 -> 3.9650622 | W115: =W66+W90 -> 13.480138 | X115: =X66+X90 -> 3.9650622 | Y115: =Y66+Y90 -> 21.410263 | Z115: =K115+N115+O115+Y115 -> 32.154504
A116: climate change: biogenic | global warming potential (GWP100) kgCO2-Eq | B116: =B67+B91 -> 0 | C116: =C67+C91 -> 0.0017439429 | D116: =D67+D91 -> 0.00087197146 | E116: =E67+E91 -> 0.00052318288 | F116: =F67+F91 -> 0 | G116: =G67+G91 -> 0.00026159144 | H116: =H67+H91 -> -2.5091977e-05 | I116: =I67+I91 -> -2.5091977e-05 | ... O116: =O67+O91 -> -5.9622 | V116: =V67+V91 -> 0.64768552 | W116: =W67+W91 -> 0.038906542 | X116: =X67+X91 -> 0.64768552 | Y116: =Y67+Y91 -> 1.3342776 | Z116: =K116+N116+O116+Y116 -> -4.5388232
...

Sheet C3' - Secondary Raw Material 
A1: Waste Processing
A2: The processing of waste comprises of two sections A: Reclamed Asphalt Pavement and Recycled Concrete Aggregate) processing and B; Crumb rubber recycling.
A4: A. Reclaimed Asphalt Pavement (RAP) and Recycled Concrete Aggregate (RCA) Processing Input Parameters
A6: RAP processing | B6: Type | C6: Energy source
A7: Crushing of reclaimed asphalt pavement | B7: Mobile_jaw_crusher_400tph_RAP | C7: Diesel
A8: Stacking of RCA by a wheel loader | B8: Wheel_loader_338tph_Komatsu_WA500_RAP | C8: Diesel
A9: Conveying of RCA in a conveyor belt (feeders) | B9: Tracked_stacker_500tph_RAP | C9: Diesel
A10: Screening operation by mobile screener | B10: Mobile_screener_500tph_RAP | C10: Diesel
A13: RCA Processing | B13: Type | C13: Energy source
A14: Crushing of recycled concrete aggregate | B14: Mobile_jaw_crusher_400tph_RCA | C14: Diesel
A15: Stacking of RCA by a wheel loader | B15: Wheel_loader_338tph_Komatsu_WA500_RCA | C15: Diesel
A16: Conveying of RCA in a conveyor belt (feeders) | B16: Tracked_stacker_500tph_RCA | C16: Diesel
A17: Screening operation by mobile screener | B17: Mobile_screener_500tph_RCA | C17: Diesel
A20: Electric equipment load factor | B20: 0.51 | C20: Load factor for all electric equipments
A26: Step 1: Reclaimed Asphalt Pavement Processing
A27: 1a. Wheel loading operations RAP
A29: Details | B29: Input | C29: Source | D29: Source link
A30: Type of wheel loader | B30: Komatsu WA500 | C30: Komatsu Wheel Loader WA500-8 | D30: https://www.komatsu.eu/en/wheel-loaders/wheel-loaders/wa500-8
A31: Number of wheel loaders | B31: 1
A32: Power rating (kW) | B32: 263.2 | C32: Komatsu Wheel Loader WA500-8 | D32: https://www.komatsu.eu/en/wheel-loaders/wheel-loaders/wa500-8
A33: Load factor (steady state) | B33: 0.51 | C33: Median Life, Annual Activity, and Load Factor Values for Nonroad Engine Emissions Modeling - Report No. NR-005A (1998)
A34: Specific fuel consumption (kg/kWh/h) | B34: 0.25 | C34: Klanfar, Mario & Korman, Tomislav & Kujundžić, Trpimir. (2016). Fuel consumption and engine load factors of equipment in quarrying of crushed stone. Tehnicki Vjesnik. 23. 163-169. 10.17559/TV-20141027115647. | D34: https://doi.org/10.17559/TV-20141027115647
A35: Density of RAP (ton/m3) | B35: 2.2 | C35: User Guidelines for Waste and Byproduct Materials in Pavement Construction; Publication Number: FHWA-RD-97-148 | D35: https://www.fhwa.dot.gov/publications/research/infrastructure/pavements/97148/046.cfm
A36: Cycle time in minutes | B36: 0.45 | C36: SEBD0351-42, Caterpillar English Performance Handbook, Edition 42, Section
A37: Number of cycles for a wheel loader per hour | B37: =60/$B$36 -> 133.33333
A38: Bucket size (m3) | B38: 5.4 | C38: Komatsu Wheel Loader WA500-8 | D38: https://www.komatsu.eu/en/wheel-loaders/wheel-loaders/wa500-8
A39: Total capacity of wheel loader (ton/h) | B39: =$B$35*$B$37*$B$38 -> 1584
A40: Operational time of wheel loader per ton (h) | B40: =(Input!$B$51+Input!$B$52)/'C3'' - Secondary Raw Material '!$B$39 -> 0.00025883838 | C40: Amount of RAP / Total capacity of wheel loader
A41: Fuel consumption (kg/h) | B41: =$B$32*$B$33*$B$34 -> 33.558 | C41: Fuel consumption = Power x Load factor x Specific fuel consumption | D41: DOI: 10.17559/TV-20141027115647
A43: 1b. Crushing of reclaimed asphalt pavement
A45: Details | B45: Input | C45: Source | D45: Source link
A46: Load factor (steady state) | B46: 0.51 | C46: Median Life, Annual Activity, and Load Factor Values for Nonroad Engine Emissions Modeling - Report No. NR-005A (1998)
A47: Type of crusher | B47: MOBICAT MC 120(i) PRO | C47: MOBICAT MC 120(i) PRO | D47: https://www.wirtgen-group.com/ocs/en-us/kleemann/mc-120i-pro-139-p/
A48: Number of crushers | B48: 1
A49: Production capacity (ton/h) | B49: 400
A50: Power rating (kW) | B50: 200 | C50: Klanfar, Mario & Korman, Tomislav & Kujundžić, Trpimir. (2016). Fuel consumption and engine load factors of equipment in quarrying of crushed stone. Tehnicki Vjesnik. 23. 163-169. 10.17559/TV-20141027115647. | D50: https://doi.org/10.17559/TV-20141027115647
A51: Specific fuel consumption (kg/kWh/h) | B51: 0.25 | C51: Klanfar, Mario & Korman, Tomislav & Kujundžić, Trpimir. (2016). Fuel consumption and engine load factors of equipment in quarrying of crushed stone. Tehnicki Vjesnik. 23. 163-169. 10.17559/TV-20141027115647.
A52: Quantity of RAP (ton) | B52: =Input!$B$51+Input!$B$52 -> 0.41
A53: Operational time per quantity of RAP per ton of asphalt mix (h) | B53: =$B$52/$B$49 -> 0.001025 | C53: Quantity of RAP (ton)/Production capacity
A54: Fuel consumption (kg/h) | B54: =$B$50*$B$51*$B$46 -> 25.5 | C54: Fuel consumption = Power x Load factor x Specific fuel consumption | D54: DOI: 10.17559/TV-20141027115647
A56: 1c. Conveying crushed reclaimed asphalt pavement
A58: Details | B58: Input | C58: Source | D58: Source link
A59: Load factor (steady state) | B59: 0.51 | C59: Median Life, Annual Activity, and Load Factor Values for Nonroad Engine Emissions Modeling - Report No. NR-005A (1998)
A60: Type of tracked stacker | B60: ST100T Tracked stacker | C60: ST100T Tracked stacker | D60: https://mccloskeyinternational.com/home-page/mccloskey-stackers/st100t-tracked-stacker/
A61: Number of tracked stackers | B61: 1
A62: Specific fuel consumption (kg/kWh/h) | B62: 0.25 | C62: Klanfar, Mario & Korman, Tomislav & Kujundžić, Trpimir. (2016). Fuel consumption and engine load factors of equipment in quarrying of crushed stone. Tehnicki Vjesnik. 23. 163-169. 10.17559/TV-20141027115647. | D62: https://doi.org/10.17559/TV-20141027115647
A63: Production capacity (ton/h) | B63: 500
A64: Power rating (kW) | B64: 55
A65: Quantity of RAP (ton) | B65: =Input!$B$51+Input!$B$52 -> 0.41
A66: Operational time per quantity of RAP per ton of asphalt mix | B66: =$B$65/$B$49 -> 0.001025 | C66: Operational time is dependent on the crushing operation hence the productivity of crusher was used to calculate operational time
A67: Fuel consumption (kg/h) | B67: =$B$64*$B$62*$B$59 -> 7.0125 | C67: Fuel consumption = Power x Load factor x Specific fuel consumption | D67: DOI: 10.17559/TV-20141027115647
A69: 1d. Screening of crushed reclaimed asphalt pavement
A71: Details | B71: Input | C71: Source | D71: Source link
A72: Type of screener | B72: MSC 953i EVO | C72: MSC 953i EVO | D72: https://www.wirtgen-group.com/ocs/en-us/kleemann/msc-953i-evo-167-p/
A73: Number of screeners | B73: 1
A74: Power rating (kW) | B74: 99
A75: Load factor (steady state) | B75: 0.51 | C75: Median Life, Annual Activity, and Load Factor Values for Nonroad Engine Emissions Modeling - Report No. NR-005A (1998)
A76: Production capacity (ton/h) | B76: 500
A77: Specific fuel consumption (kg/kWh/h) | B77: 0.25 | C77: Klanfar, Mario & Korman, Tomislav & Kujundžić, Trpimir. (2016). Fuel consumption and engine load factors of equipment in quarrying of crushed stone. Tehnicki Vjesnik. 23. 163-169. 10.17559/TV-20141027115647.
A78: Quantity of RAP (ton) | B78: =Input!$B$51+Input!$B$52 -> 0.41
A79: Operational time per quantity of RAP per ton of asphalt mix (h) | B79: =$B$78/$B$49 -> 0.001025 | C79: Operational time is dependent on the crushing operation hence the productivity of crusher was used to calculate operational time
A80: Fuel consumption (kg/h) | B80: =$B$74*$B$77*$B$75 -> 12.6225 | C80: Fuel consumption = Power x Load factor x Specific fuel consumption | D80: DOI: 10.17559/TV-20141027115647
A83: Step 2: Recycled Concrete Aggregate Processing
A84: 2a. Wheel loading operations RCA
A85: Details | B85: Input | C85: Source | D85: Source link
A86: Type of wheel loader | B86: Komatsu WA500 | C86: Komatsu Wheel Loader WA500-8 | D86: https://www.komatsu.eu/en/wheel-loaders/wheel-loaders/wa500-8
A87: Number of wheel loaders | B87: 1
A88: Power rating (kW) | B88: 263.2 | C88: Komatsu Wheel Loader WA500-8 | D88: https://www.komatsu.eu/en/wheel-loaders/wheel-loaders/wa500-8
A89: Load factor (steady state) | B89: 0.51 | C89: Median Life, Annual Activity, and Load Factor Values for Nonroad Engine Emissions Modeling - Report No. NR-005A (1998)
A90: Specific fuel consumption (kg/kWh/h) | B90: 0.25 | C90: Klanfar, Mario & Korman, Tomislav & Kujundžić, Trpimir. (2016). Fuel consumption and engine load factors of equipment in quarrying of crushed stone. Tehnicki Vjesnik. 23. 163-169. 10.17559/TV-20141027115647. | D90: https://doi.org/10.17559/TV-20141027115647
A91: Density of RCA (ton/m3) | B91: 2.3 | C91: G. G. Giwangkara et al 2019 IOP Conf. Ser.: Mater. Sci. Eng. 527 012061 | D91: doi:10.1088/1757-899X/527/1/012061
A92: Cycle time in minutes | B92: 0.45 | C92: SEBD0351-42, Caterpillar English Performance Handbook, Edition 42, Section
A93: Number of cycles for a wheel loader per hour | B93: =60/$B$36 -> 133.33333
A94: Bucket size (m3) | B94: 5.4 | C94: Komatsu Wheel Loader WA500-8 | D94: https://www.komatsu.eu/en/wheel-loaders/wheel-loaders/wa500-8
A95: Total capacity of wheel loader (ton/h) | B95: =$B$35*$B$37*$B$38 -> 1584
A96: Operational time of wheel loader (h) Other Waste 1 | B96: =IF(Input!$C$53="Recycled_concrete_aggregate",Input!$B$53,0)/B95 -> 0 | C96: Amount of RCA in mix / Total capacity of wheel loader
A97: Operational time of wheel loader (h) Other Waste 2 | B97: =IF(Input!$C$54="Recycled_concrete_aggregate",Input!$B$54,0)/B95 -> 0
A98: Total operational time of wheel loader per ton (h/ton) | B98: =$B$96+$B$97 -> 0
A99: Fuel consumption (kg/h) | B99: =$B$88*$B$89*$B$90 -> 33.558 | C99: Fuel consumption = Power x Load factor x Specific fuel consumption | D99: DOI: 10.17559/TV-20141027115647
A101: 2b. Crushing of Recycled Concrete Aggregate
A103: Details | B103: Input | C103: Source | D103: Source link
A104: RCA_crusher_400tph
A105: Load factor (steady state) | B105: 0.51 | C105: Median Life, Annual Activity, and Load Factor Values for Nonroad Engine Emissions Modeling - Report No. NR-005A (1998)
A106: Type of crusher | B106: MOBICAT MC 120(i) PRO | C106: MOBICAT MC 120(i) PRO | D106: https://www.wirtgen-group.com/ocs/en-us/kleemann/mc-120i-pro-139-p/
A107: Number of crushers | B107: 1
A108: Production capacity (ton/h) | B108: 400
A109: Power rating (kW) | B109: 200
A110: Specific fuel consumption (kg/kWh/h) | B110: 0.25 | C110: Klanfar, Mario & Korman, Tomislav & Kujundžić, Trpimir. (2016). Fuel consumption and engine load factors of equipment in quarrying of crushed stone. Tehnicki Vjesnik. 23. 163-169. 10.17559/TV-20141027115647.
A111: Quantity of RCA 1 (ton) | B111: =IF(Input!$C$53="Recycled_concrete_aggregate",Input!$B$53,0) -> 0
A112: Quantity of RCA 2 (ton) | B112: =IF(Input!$C$54="Recycled_concrete_aggregate",Input!$B$54,0) -> 0
A113: Operational time per quantity of RCA 1 per ton of asphalt mix (h) | B113: =IF(Input!$C$53="Recycled_concrete_aggregate",($B$111/$B$108),0) -> 0 | C113: Quantity of RAP (ton)/Production capacity ; IF statement is added if the other waste input is recycled concrete aggregate
A114: Operational time per quantity of RCA 2 per ton of asphalt mix (h) | B114: =IF(Input!$C$54="Recycled_concrete_aggregate",$B$112/$B$108,0) -> 0
A115: Total operational time (h/ton) | B115: =B113+B114 -> 0
A116: Fuel consumption (kg/h) | B116: =$B$109*$B$105*$B$110 -> 25.5 | C116: Fuel consumption = Power x Load factor x Specific fuel consumption | D116: DOI: 10.17559/TV-20141027115647
A118: 2c. Conveying crushed Recycled Concrete Aggregate
A120: Details | B120: Input | C120: Source | D120: Source link
A121: RCA_Tracked_stacker_500tph
A122: Load factor (steady state) | B122: 0.51 | C122: Median Life, Annual Activity, and Load Factor Values for Nonroad Engine Emissions Modeling - Report No. NR-005A (1998)
A123: Type of tracked stacker | B123: ST100T Tracked stacker | C123: ST100T Tracked stacker | D123: https://mccloskeyinternational.com/home-page/mccloskey-stackers/st100t-tracked-stacker/
A124: Number of stackers | B124: 1
...

Sheet A2 - Transport
A1: Electric truck energy consumption and weight metrics
A3: Electric trucks | C3: Source | D3: Source link
A4: Energy consumption (kWh/km] | B4: 1.24 | C4: Tesla | D4: https://www.tesla.com/semi
A5: Combined weight (tons) | B5: 36.287
A6: Energy consumption (kWh/tkm] | B6: =B4/B5 -> 0.034172018
A10: The PEF impacts are calculated for each individual transport route. A total of three routes have been taken into consideration.
A12: Transport Route 1 : PEF Impact Calculations for Each Asphalt Mix Component
A14: Components | B14: Materials | C14: Mass (ton] | D14: Distance (km) | E14: List- Transport mode | F14: List- Energy source | G14: acidification | accumulated exceedance (AE) mol H+ -eq | H14: climate change | global warming potential (GWP100) kgCO2-Eq | I14: climate change: biogenic | global warming potential (GWP100) kgCO2-Eq | J14: climate change: fossil | global warming potential (GWP100) kgCO2-Eq | K14: land use and land use change | global warming potential (GWP100) kgCO2-Eq | L14: ecotoxicity: freshwater | comparative toxic unit for ecosystems (CTUe) | M14: energy resources: non-renewable | abiotic depletion potential (ADP): fossil fuels MJ, net calorific value | N14: eutrophication: freshwater | fraction of nutrients reaching freshwater end compartment (P) | O14: eutrophication: marine | fraction of nutrients reaching marine end compartment (N) kg N-Eq | P14: eutrophication: terrestrial | accumulated exceedance (AE) mol N-Eq | Q14: human toxicity: carcinogenic | comparative toxic unit for human (CTUh) | R14: human toxicity: non-carcinogenic | comparative toxic unit for human (CTUh) | S14: ionising radiation: human health | human exposure efficiency relative to u235 kBq U235-Eq | T14: land use | soil quality index dimensionless | U14: material resources: metals/minerals | abiotic depletion potential (ADP): elements (ultimate reserves) kg Sb-Eq | V14: ozone depletion|ozone depletion potential (ODP) kg CFC-11-Eq | W14: particulate matter formation | impact on human health | X14: photochemical oxidant formation: human health | tropospheric ozone concentration increase kg NMVOC-Eq | Y14: water use | user deprivation potential (deprivation-weighted water consumption) m3 world eq deprived
A15: Binder | B15: =Input!A39 -> Virgin binder | C15: =+Input!B39 -> 0.02 | D15: =Input!$L39 -> 20 | E15: =Input!$J39 -> Truck | F15: =Input!$K39 -> Diesel_Euro6 | G15: {=INDEX(LCI!H$2:H$73, MATCH($E15&$F15, LCI!$B$2:$B$73&LCI!$D$2:$D$73, 0))* IF(AND($E15="Truck", OR($F15="Electric", $F15="Electric_green")), $B$6, 1)* $C15* $D15} -> 9.46888e-05 | H15: {=INDEX(LCI!I$2:I$73, MATCH($E15&$F15, LCI!$B$2:$B$73&LCI!$D$2:$D$73, 0))* IF(AND($E15="Truck", OR($F15="Electric", $F15="Electric_green")), $B$6, 1)* $C15* $D15} -> 0.063497944 | I15: {=INDEX(LCI!J$2:J$73, MATCH($E15&$F15, LCI!$B$2:$B$73&LCI!$D$2:$D$73, 0))* IF(AND($E15="Truck", OR($F15="Electric", $F15="Electric_green")), $B$6, 1)* $C15* $D15} -> 2.967612e-05 | J15: {=INDEX(LCI!K$2:K$73, MATCH($E15&$F15, LCI!$B$2:$B$73&LCI!$D$2:$D$73, 0))* IF(AND($E15="Truck", OR($F15="Electric", $F15="Electric_green")), $B$6, 1)* $C15* $D15} -> 0.063463217 | K15: {=INDEX(LCI!L$2:L$73, MATCH($E15&$F15, LCI!$B$2:$B$73&LCI!$D$2:$D$73, 0))* IF(AND($E15="Truck", OR($F15="Electric", $F15="Electric_green")), $B$6, 1)* $C15* $D15} -> 5.0506e-06 | L15: {=INDEX(LCI!M$2:M$73, MATCH($E15&$F15, LCI!$B$2:$B$73&LCI!$D$2:$D$73, 0))* IF(AND($E15="Truck", OR($F15="Electric", $F15="Electric_green")), $B$6, 1)* $C15* $D15} -> 0.05453758 | M15: {=INDEX(LCI!N$2:N$73, MATCH($E15&$F15, LCI!$B$2:$B$73&LCI!$D$2:$D$73, 0))* IF(AND($E15="Truck", OR($F15="Electric", $F15="Electric_green")), $B$6, 1)* $C15* $D15} -> 0.8546163 | N15: {=INDEX(LCI!O$2:O$73, MATCH($E15&$F15, LCI!$B$2:$B$73&LCI!$D$2:$D$73, 0))* IF(AND($E15="Truck", OR($F15="Electric", $F15="Electric_green")), $B$6, 1)* $C15* $D15} -> 1.481076e-06 | ... Y15: {=INDEX(LCI!Z$2:Z$73, MATCH($E15&$F15, LCI!$B$2:$B$73&LCI!$D$2:$D$73, 0))* IF(AND($E15="Truck", OR($F15="Electric", $F15="Electric_green")), $B$6, 1)* $C15* $D15} -> 0.0019464756
A16: Aggregate | B16: =Input!A40 -> Virgin crushed coarse aggregate 1 (>2 mm) | C16: =+Input!B40 -> 0 | D16: =Input!$L40 -> 0 | E16: =Input!$J40 -> No | F16: =Input!$K40 -> No | G16: {=INDEX(LCI!H$2:H$73, MATCH($E16&$F16, LCI!$B$2:$B$73&LCI!$D$2:$D$73, 0))* IF(AND($E16="Truck", OR($F16="Electric", $F16="Electric_green")), $B$6, 1)* $C16* $D16} -> 0 | H16: {=INDEX(LCI!I$2:I$73, MATCH($E16&$F16, LCI!$B$2:$B$73&LCI!$D$2:$D$73, 0))* IF(AND($E16="Truck", OR($F16="Electric", $F16="Electric_green")), $B$6, 1)* $C16* $D16} -> 0 | I16: {=INDEX(LCI!J$2:J$73, MATCH($E16&$F16, LCI!$B$2:$B$73&LCI!$D$2:$D$73, 0))* IF(AND($E16="Truck", OR($F16="Electric", $F16="Electric_green")), $B$6, 1)* $C16* $D16} -> 0 | J16: {=INDEX(LCI!K$2:K$73, MATCH($E16&$F16, LCI!$B$2:$B$73&LCI!$D$2:$D$73, 0))* IF(AND($E16="Truck", OR($F16="Electric", $F16="Electric_green")), $B$6, 1)* $C16* $D16} -> 0 | K16: {=INDEX(LCI!L$2:L$73, MATCH($E16&$F16, LCI!$B$2:$B$73&LCI!$D$2:$D$73, 0))* IF(AND($E16="Truck", OR($F16="Electric", $F16="Electric_green")), $B$6, 1)* $C16* $D16} -> 0 | L16: {=INDEX(LCI!M$2:M$73, MATCH($E16&$F16, LCI!$B$2:$B$73&LCI!$D$2:$D$73, 0))* IF(AND($E16="Truck", OR($F16="Electric", $F16="Electric_green")), $B$6, 1)* $C16* $D16} -> 0 | M16: {=INDEX(LCI!N$2:N$73, MATCH($E16&$F16, LCI!$B$2:$B$73&LCI!$D$2:$D$73, 0))* IF(AND($E16="Truck", OR($F16="Electric", $F16="Electric_green")), $B$6, 1)* $C16* $D16} -> 0 | N16: {=INDEX(LCI!O$2:O$73, MATCH($E16&$F16, LCI!$B$2:$B$73&LCI!$D$2:$D$73, 0))* IF(AND($E16="Truck", OR($F16="Electric", $F16="Electric_green")), $B$6, 1)* $C16* $D16} -> 0 | ... Y16: {=INDEX(LCI!Z$2:Z$73, MATCH($E16&$F16, LCI!$B$2:$B$73&LCI!$D$2:$D$73, 0))* IF(AND($E16="Truck", OR($F16="Electric", $F16="Electric_green")), $B$6, 1)* $C16* $D16} -> 0
B17: =Input!A41 -> Virgin crushed coarse aggregate 2 (>2 mm) | C17: =+Input!B41 -> 0.2 | D17: =Input!$L41 -> 40 | E17: =Input!$J41 -> Ship | F17: =Input!$K41 -> Heavy_fuel_oil | G17: {=INDEX(LCI!H$2:H$73, MATCH($E17&$F17, LCI!$B$2:$B$73&LCI!$D$2:$D$73, 0))* IF(AND($E17="Truck", OR($F17="Electric", $F17="Electric_green")), $B$6, 1)* $C17* $D17} -> 0.0024049471 | H17: {=INDEX(LCI!I$2:I$73, MATCH($E17&$F17, LCI!$B$2:$B$73&LCI!$D$2:$D$73, 0))* IF(AND($E17="Truck", OR($F17="Electric", $F17="Electric_green")), $B$6, 1)* $C17* $D17} -> 0.081929003 | I17: {=INDEX(LCI!J$2:J$73, MATCH($E17&$F17, LCI!$B$2:$B$73&LCI!$D$2:$D$73, 0))* IF(AND($E17="Truck", OR($F17="Electric", $F17="Electric_green")), $B$6, 1)* $C17* $D17} -> 1.2526846e-05 | J17: {=INDEX(LCI!K$2:K$73, MATCH($E17&$F17, LCI!$B$2:$B$73&LCI!$D$2:$D$73, 0))* IF(AND($E17="Truck", OR($F17="Electric", $F17="Electric_green")), $B$6, 1)* $C17* $D17} -> 0.081872489 | K17: {=INDEX(LCI!L$2:L$73, MATCH($E17&$F17, LCI!$B$2:$B$73&LCI!$D$2:$D$73, 0))* IF(AND($E17="Truck", OR($F17="Electric", $F17="Electric_green")), $B$6, 1)* $C17* $D17} -> 4.3987399e-05 | L17: {=INDEX(LCI!M$2:M$73, MATCH($E17&$F17, LCI!$B$2:$B$73&LCI!$D$2:$D$73, 0))* IF(AND($E17="Truck", OR($F17="Electric", $F17="Electric_green")), $B$6, 1)* $C17* $D17} -> 0.070806164 | M17: {=INDEX(LCI!N$2:N$73, MATCH($E17&$F17, LCI!$B$2:$B$73&LCI!$D$2:$D$73, 0))* IF(AND($E17="Truck", OR($F17="Electric", $F17="Electric_green")), $B$6, 1)* $C17* $D17} -> 1.002455 | N17: {=INDEX(LCI!O$2:O$73, MATCH($E17&$F17, LCI!$B$2:$B$73&LCI!$D$2:$D$73, 0))* IF(AND($E17="Truck", OR($F17="Electric", $F17="Electric_green")), $B$6, 1)* $C17* $D17} -> 2.8968472e-06 | ... Y17: {=INDEX(LCI!Z$2:Z$73, MATCH($E17&$F17, LCI!$B$2:$B$73&LCI!$D$2:$D$73, 0))* IF(AND($E17="Truck", OR($F17="Electric", $F17="Electric_green")), $B$6, 1)* $C17* $D17} -> 0.0028870158
B18: =Input!A42 -> Virgin crushed coarse aggregate 3 (>2 mm) | C18: =+Input!B42 -> 0.1 | D18: =Input!$L42 -> 40 | E18: =Input!$J42 -> Ship | F18: =Input!$K42 -> Heavy_fuel_oil | G18: {=INDEX(LCI!H$2:H$73, MATCH($E18&$F18, LCI!$B$2:$B$73&LCI!$D$2:$D$73, 0))* IF(AND($E18="Truck", OR($F18="Electric", $F18="Electric_green")), $B$6, 1)* $C18* $D18} -> 0.0012024736 | H18: {=INDEX(LCI!I$2:I$73, MATCH($E18&$F18, LCI!$B$2:$B$73&LCI!$D$2:$D$73, 0))* IF(AND($E18="Truck", OR($F18="Electric", $F18="Electric_green")), $B$6, 1)* $C18* $D18} -> 0.040964501 | I18: {=INDEX(LCI!J$2:J$73, MATCH($E18&$F18, LCI!$B$2:$B$73&LCI!$D$2:$D$73, 0))* IF(AND($E18="Truck", OR($F18="Electric", $F18="Electric_green")), $B$6, 1)* $C18* $D18} -> 6.263423e-06 | J18: {=INDEX(LCI!K$2:K$73, MATCH($E18&$F18, LCI!$B$2:$B$73&LCI!$D$2:$D$73, 0))* IF(AND($E18="Truck", OR($F18="Electric", $F18="Electric_green")), $B$6, 1)* $C18* $D18} -> 0.040936244 | K18: {=INDEX(LCI!L$2:L$73, MATCH($E18&$F18, LCI!$B$2:$B$73&LCI!$D$2:$D$73, 0))* IF(AND($E18="Truck", OR($F18="Electric", $F18="Electric_green")), $B$6, 1)* $C18* $D18} -> 2.19937e-05 | L18: {=INDEX(LCI!M$2:M$73, MATCH($E18&$F18, LCI!$B$2:$B$73&LCI!$D$2:$D$73, 0))* IF(AND($E18="Truck", OR($F18="Electric", $F18="Electric_green")), $B$6, 1)* $C18* $D18} -> 0.035403082 | M18: {=INDEX(LCI!N$2:N$73, MATCH($E18&$F18, LCI!$B$2:$B$73&LCI!$D$2:$D$73, 0))* IF(AND($E18="Truck", OR($F18="Electric", $F18="Electric_green")), $B$6, 1)* $C18* $D18} -> 0.50122748 | N18: {=INDEX(LCI!O$2:O$73, MATCH($E18&$F18, LCI!$B$2:$B$73&LCI!$D$2:$D$73, 0))* IF(AND($E18="Truck", OR($F18="Electric", $F18="Electric_green")), $B$6, 1)* $C18* $D18} -> 1.4484236e-06 | ... Y18: {=INDEX(LCI!Z$2:Z$73, MATCH($E18&$F18, LCI!$B$2:$B$73&LCI!$D$2:$D$73, 0))* IF(AND($E18="Truck", OR($F18="Electric", $F18="Electric_green")), $B$6, 1)* $C18* $D18} -> 0.0014435079
B19: =Input!A43 -> Virgin crushed fine aggregate 1 (≤2 mm) | C19: =+Input!B43 -> 0.06 | D19: =Input!$L43 -> 22 | E19: =Input!$J43 -> Truck | F19: =Input!$K43 -> Diesel_Euro5 | G19: {=INDEX(LCI!H$2:H$73, MATCH($E19&$F19, LCI!$B$2:$B$73&LCI!$D$2:$D$73, 0))* IF(AND($E19="Truck", OR($F19="Electric", $F19="Electric_green")), $B$6, 1)* $C19* $D19} -> 0.00058441284 | H19: {=INDEX(LCI!I$2:I$73, MATCH($E19&$F19, LCI!$B$2:$B$73&LCI!$D$2:$D$73, 0))* IF(AND($E19="Truck", OR($F19="Electric", $F19="Electric_green")), $B$6, 1)* $C19* $D19} -> 0.21362345 | I19: {=INDEX(LCI!J$2:J$73, MATCH($E19&$F19, LCI!$B$2:$B$73&LCI!$D$2:$D$73, 0))* IF(AND($E19="Truck", OR($F19="Electric", $F19="Electric_green")), $B$6, 1)* $C19* $D19} -> 9.8734416e-05 | J19: {=INDEX(LCI!K$2:K$73, MATCH($E19&$F19, LCI!$B$2:$B$73&LCI!$D$2:$D$73, 0))* IF(AND($E19="Truck", OR($F19="Electric", $F19="Electric_green")), $B$6, 1)* $C19* $D19} -> 0.21350792 | K19: {=INDEX(LCI!L$2:L$73, MATCH($E19&$F19, LCI!$B$2:$B$73&LCI!$D$2:$D$73, 0))* IF(AND($E19="Truck", OR($F19="Electric", $F19="Electric_green")), $B$6, 1)* $C19* $D19} -> 1.6796868e-05 | L19: {=INDEX(LCI!M$2:M$73, MATCH($E19&$F19, LCI!$B$2:$B$73&LCI!$D$2:$D$73, 0))* IF(AND($E19="Truck", OR($F19="Electric", $F19="Electric_green")), $B$6, 1)* $C19* $D19} -> 0.18154861 | M19: {=INDEX(LCI!N$2:N$73, MATCH($E19&$F19, LCI!$B$2:$B$73&LCI!$D$2:$D$73, 0))* IF(AND($E19="Truck", OR($F19="Electric", $F19="Electric_green")), $B$6, 1)* $C19* $D19} -> 2.8722403 | N19: {=INDEX(LCI!O$2:O$73, MATCH($E19&$F19, LCI!$B$2:$B$73&LCI!$D$2:$D$73, 0))* IF(AND($E19="Truck", OR($F19="Electric", $F19="Electric_green")), $B$6, 1)* $C19* $D19} -> 4.91436e-06 | ... Y19: {=INDEX(LCI!Z$2:Z$73, MATCH($E19&$F19, LCI!$B$2:$B$73&LCI!$D$2:$D$73, 0))* IF(AND($E19="Truck", OR($F19="Electric", $F19="Electric_green")), $B$6, 1)* $C19* $D19} -> 0.0064828394
B20: =Input!A44 -> Virgin crushed fine aggregate 2 (≤2 mm) | C20: =+Input!B44 -> 0 | D20: =Input!$L44 -> 0 | E20: =Input!$J44 -> No | F20: =Input!$K44 -> No | G20: {=INDEX(LCI!H$2:H$73, MATCH($E20&$F20, LCI!$B$2:$B$73&LCI!$D$2:$D$73, 0))* IF(AND($E20="Truck", OR($F20="Electric", $F20="Electric_green")), $B$6, 1)* $C20* $D20} -> 0 | H20: {=INDEX(LCI!I$2:I$73, MATCH($E20&$F20, LCI!$B$2:$B$73&LCI!$D$2:$D$73, 0))* IF(AND($E20="Truck", OR($F20="Electric", $F20="Electric_green")), $B$6, 1)* $C20* $D20} -> 0 | I20: {=INDEX(LCI!J$2:J$73, MATCH($E20&$F20, LCI!$B$2:$B$73&LCI!$D$2:$D$73, 0))* IF(AND($E20="Truck", OR($F20="Electric", $F20="Electric_green")), $B$6, 1)* $C20* $D20} -> 0 | J20: {=INDEX(LCI!K$2:K$73, MATCH($E20&$F20, LCI!$B$2:$B$73&LCI!$D$2:$D$73, 0))* IF(AND($E20="Truck", OR($F20="Electric", $F20="Electric_green")), $B$6, 1)* $C20* $D20} -> 0 | K20: {=INDEX(LCI!L$2:L$73, MATCH($E20&$F20, LCI!$B$2:$B$73&LCI!$D$2:$D$73, 0))* IF(AND($E20="Truck", OR($F20="Electric", $F20="Electric_green")), $B$6, 1)* $C20* $D20} -> 0 | L20: {=INDEX(LCI!M$2:M$73, MATCH($E20&$F20, LCI!$B$2:$B$73&LCI!$D$2:$D$73, 0))* IF(AND($E20="Truck", OR($F20="Electric", $F20="Electric_green")), $B$6, 1)* $C20* $D20} -> 0 | M20: {=INDEX(LCI!N$2:N$73, MATCH($E20&$F20, LCI!$B$2:$B$73&LCI!$D$2:$D$73, 0))* IF(AND($E20="Truck", OR($F20="Electric", $F20="Electric_green")), $B$6, 1)* $C20* $D20} -> 0 | N20: {=INDEX(LCI!O$2:O$73, MATCH($E20&$F20, LCI!$B$2:$B$73&LCI!$D$2:$D$73, 0))* IF(AND($E20="Truck", OR($F20="Electric", $F20="Electric_green")), $B$6, 1)* $C20* $D20} -> 0 | ... Y20: {=INDEX(LCI!Z$2:Z$73, MATCH($E20&$F20, LCI!$B$2:$B$73&LCI!$D$2:$D$73, 0))* IF(AND($E20="Truck", OR($F20="Electric", $F20="Electric_green")), $B$6, 1)* $C20* $D20} -> 0
B21: =Input!A45 -> Virgin crushed fine aggregate 3 (≤2 mm) | C21: =+Input!B45 -> 0.03 | D21: =Input!$L45 -> 40 | E21: =Input!$J45 -> Truck | F21: =Input!$K45 -> Diesel_Euro5 | G21: {=INDEX(LCI!H$2:H$73, MATCH($E21&$F21, LCI!$B$2:$B$73&LCI!$D$2:$D$73, 0))* IF(AND($E21="Truck", OR($F21="Electric", $F21="Electric_green")), $B$6, 1)* $C21* $D21} -> 0.0005312844 | H21: {=INDEX(LCI!I$2:I$73, MATCH($E21&$F21, LCI!$B$2:$B$73&LCI!$D$2:$D$73, 0))* IF(AND($E21="Truck", OR($F21="Electric", $F21="Electric_green")), $B$6, 1)* $C21* $D21} -> 0.19420314 | I21: {=INDEX(LCI!J$2:J$73, MATCH($E21&$F21, LCI!$B$2:$B$73&LCI!$D$2:$D$73, 0))* IF(AND($E21="Truck", OR($F21="Electric", $F21="Electric_green")), $B$6, 1)* $C21* $D21} -> 8.975856e-05 | J21: {=INDEX(LCI!K$2:K$73, MATCH($E21&$F21, LCI!$B$2:$B$73&LCI!$D$2:$D$73, 0))* IF(AND($E21="Truck", OR($F21="Electric", $F21="Electric_green")), $B$6, 1)* $C21* $D21} -> 0.19409811 | K21: {=INDEX(LCI!L$2:L$73, MATCH($E21&$F21, LCI!$B$2:$B$73&LCI!$D$2:$D$73, 0))* IF(AND($E21="Truck", OR($F21="Electric", $F21="Electric_green")), $B$6, 1)* $C21* $D21} -> 1.526988e-05 | L21: {=INDEX(LCI!M$2:M$73, MATCH($E21&$F21, LCI!$B$2:$B$73&LCI!$D$2:$D$73, 0))* IF(AND($E21="Truck", OR($F21="Electric", $F21="Electric_green")), $B$6, 1)* $C21* $D21} -> 0.16504419 | M21: {=INDEX(LCI!N$2:N$73, MATCH($E21&$F21, LCI!$B$2:$B$73&LCI!$D$2:$D$73, 0))* IF(AND($E21="Truck", OR($F21="Electric", $F21="Electric_green")), $B$6, 1)* $C21* $D21} -> 2.6111275 | N21: {=INDEX(LCI!O$2:O$73, MATCH($E21&$F21, LCI!$B$2:$B$73&LCI!$D$2:$D$73, 0))* IF(AND($E21="Truck", OR($F21="Electric", $F21="Electric_green")), $B$6, 1)* $C21* $D21} -> 4.4676e-06 | ... Y21: {=INDEX(LCI!Z$2:Z$73, MATCH($E21&$F21, LCI!$B$2:$B$73&LCI!$D$2:$D$73, 0))* IF(AND($E21="Truck", OR($F21="Electric", $F21="Electric_green")), $B$6, 1)* $C21* $D21} -> 0.0058934904
B22: =Input!A46 -> Virgin natural fine aggregate 1 (≤2 mm) | C22: =+Input!B46 -> 0.02 | D22: =Input!$L46 -> 22 | E22: =Input!$J46 -> Train | F22: =Input!$K46 -> Electric | G22: {=INDEX(LCI!H$2:H$73, MATCH($E22&$F22, LCI!$B$2:$B$73&LCI!$D$2:$D$73, 0))* IF(AND($E22="Truck", OR($F22="Electric", $F22="Electric_green")), $B$6, 1)* $C22* $D22} -> 8.7140664e-05 | H22: {=INDEX(LCI!I$2:I$73, MATCH($E22&$F22, LCI!$B$2:$B$73&LCI!$D$2:$D$73, 0))* IF(AND($E22="Truck", OR($F22="Electric", $F22="Electric_green")), $B$6, 1)* $C22* $D22} -> 0.01589615 | I22: {=INDEX(LCI!J$2:J$73, MATCH($E22&$F22, LCI!$B$2:$B$73&LCI!$D$2:$D$73, 0))* IF(AND($E22="Truck", OR($F22="Electric", $F22="Electric_green")), $B$6, 1)* $C22* $D22} -> 2.1558908e-05 | J22: {=INDEX(LCI!K$2:K$73, MATCH($E22&$F22, LCI!$B$2:$B$73&LCI!$D$2:$D$73, 0))* IF(AND($E22="Truck", OR($F22="Electric", $F22="Electric_green")), $B$6, 1)* $C22* $D22} -> 0.015839287 | K22: {=INDEX(LCI!L$2:L$73, MATCH($E22&$F22, LCI!$B$2:$B$73&LCI!$D$2:$D$73, 0))* IF(AND($E22="Truck", OR($F22="Electric", $F22="Electric_green")), $B$6, 1)* $C22* $D22} -> 3.5304481e-05 | L22: {=INDEX(LCI!M$2:M$73, MATCH($E22&$F22, LCI!$B$2:$B$73&LCI!$D$2:$D$73, 0))* IF(AND($E22="Truck", OR($F22="Electric", $F22="Electric_green")), $B$6, 1)* $C22* $D22} -> 0.073714843 | M22: {=INDEX(LCI!N$2:N$73, MATCH($E22&$F22, LCI!$B$2:$B$73&LCI!$D$2:$D$73, 0))* IF(AND($E22="Truck", OR($F22="Electric", $F22="Electric_green")), $B$6, 1)* $C22* $D22} -> 0.26720181 | N22: {=INDEX(LCI!O$2:O$73, MATCH($E22&$F22, LCI!$B$2:$B$73&LCI!$D$2:$D$73, 0))* IF(AND($E22="Truck", OR($F22="Electric", $F22="Electric_green")), $B$6, 1)* $C22* $D22} -> 9.4585232e-06 | ... Y22: {=INDEX(LCI!Z$2:Z$73, MATCH($E22&$F22, LCI!$B$2:$B$73&LCI!$D$2:$D$73, 0))* IF(AND($E22="Truck", OR($F22="Electric", $F22="Electric_green")), $B$6, 1)* $C22* $D22} -> 0.0065600897
B23: =Input!A47 -> Virgin natural fine aggregate 2 (≤2 mm) | C23: =+Input!B47 -> 0.02 | D23: =Input!$L47 -> 30 | E23: =Input!$J47 -> Train | F23: =Input!$K47 -> Diesel | G23: {=INDEX(LCI!H$2:H$73, MATCH($E23&$F23, LCI!$B$2:$B$73&LCI!$D$2:$D$73, 0))* IF(AND($E23="Truck", OR($F23="Electric", $F23="Electric_green")), $B$6, 1)* $C23* $D23} -> 0.00034383283 | H23: {=INDEX(LCI!I$2:I$73, MATCH($E23&$F23, LCI!$B$2:$B$73&LCI!$D$2:$D$73, 0))* IF(AND($E23="Truck", OR($F23="Electric", $F23="Electric_green")), $B$6, 1)* $C23* $D23} -> 0.0364506 | I23: {=INDEX(LCI!J$2:J$73, MATCH($E23&$F23, LCI!$B$2:$B$73&LCI!$D$2:$D$73, 0))* IF(AND($E23="Truck", OR($F23="Electric", $F23="Electric_green")), $B$6, 1)* $C23* $D23} -> 1.0859079e-05 | J23: {=INDEX(LCI!K$2:K$73, MATCH($E23&$F23, LCI!$B$2:$B$73&LCI!$D$2:$D$73, 0))* IF(AND($E23="Truck", OR($F23="Electric", $F23="Electric_green")), $B$6, 1)* $C23* $D23} -> 0.036418937 | K23: {=INDEX(LCI!L$2:L$73, MATCH($E23&$F23, LCI!$B$2:$B$73&LCI!$D$2:$D$73, 0))* IF(AND($E23="Truck", OR($F23="Electric", $F23="Electric_green")), $B$6, 1)* $C23* $D23} -> 2.0803996e-05 | L23: {=INDEX(LCI!M$2:M$73, MATCH($E23&$F23, LCI!$B$2:$B$73&LCI!$D$2:$D$73, 0))* IF(AND($E23="Truck", OR($F23="Electric", $F23="Electric_green")), $B$6, 1)* $C23* $D23} -> 0.091105759 | M23: {=INDEX(LCI!N$2:N$73, MATCH($E23&$F23, LCI!$B$2:$B$73&LCI!$D$2:$D$73, 0))* IF(AND($E23="Truck", OR($F23="Electric", $F23="Electric_green")), $B$6, 1)* $C23* $D23} -> 0.45731693 | N23: {=INDEX(LCI!O$2:O$73, MATCH($E23&$F23, LCI!$B$2:$B$73&LCI!$D$2:$D$73, 0))* IF(AND($E23="Truck", OR($F23="Electric", $F23="Electric_green")), $B$6, 1)* $C23* $D23} -> 4.422922e-06 | ... Y23: {=INDEX(LCI!Z$2:Z$73, MATCH($E23&$F23, LCI!$B$2:$B$73&LCI!$D$2:$D$73, 0))* IF(AND($E23="Truck", OR($F23="Electric", $F23="Electric_green")), $B$6, 1)* $C23* $D23} -> 0.0036389378
B24: =Input!A48 -> Virgin natural fine aggregate 3 (≤2 mm) | C24: =+Input!B48 -> 0.02 | D24: =Input!$L48 -> 30 | E24: =Input!$J48 -> Train | F24: =Input!$K48 -> Diesel | G24: {=INDEX(LCI!H$2:H$73, MATCH($E24&$F24, LCI!$B$2:$B$73&LCI!$D$2:$D$73, 0))* IF(AND($E24="Truck", OR($F24="Electric", $F24="Electric_green")), $B$6, 1)* $C24* $D24} -> 0.00034383283 | H24: {=INDEX(LCI!I$2:I$73, MATCH($E24&$F24, LCI!$B$2:$B$73&LCI!$D$2:$D$73, 0))* IF(AND($E24="Truck", OR($F24="Electric", $F24="Electric_green")), $B$6, 1)* $C24* $D24} -> 0.0364506 | I24: {=INDEX(LCI!J$2:J$73, MATCH($E24&$F24, LCI!$B$2:$B$73&LCI!$D$2:$D$73, 0))* IF(AND($E24="Truck", OR($F24="Electric", $F24="Electric_green")), $B$6, 1)* $C24* $D24} -> 1.0859079e-05 | J24: {=INDEX(LCI!K$2:K$73, MATCH($E24&$F24, LCI!$B$2:$B$73&LCI!$D$2:$D$73, 0))* IF(AND($E24="Truck", OR($F24="Electric", $F24="Electric_green")), $B$6, 1)* $C24* $D24} -> 0.036418937 | K24: {=INDEX(LCI!L$2:L$73, MATCH($E24&$F24, LCI!$B$2:$B$73&LCI!$D$2:$D$73, 0))* IF(AND($E24="Truck", OR($F24="Electric", $F24="Electric_green")), $B$6, 1)* $C24* $D24} -> 2.0803996e-05 | L24: {=INDEX(LCI!M$2:M$73, MATCH($E24&$F24, LCI!$B$2:$B$73&LCI!$D$2:$D$73, 0))* IF(AND($E24="Truck", OR($F24="Electric", $F24="Electric_green")), $B$6, 1)* $C24* $D24} -> 0.091105759 | M24: {=INDEX(LCI!N$2:N$73, MATCH($E24&$F24, LCI!$B$2:$B$73&LCI!$D$2:$D$73, 0))* IF(AND($E24="Truck", OR($F24="Electric", $F24="Electric_green")), $B$6, 1)* $C24* $D24} -> 0.45731693 | N24: {=INDEX(LCI!O$2:O$73, MATCH($E24&$F24, LCI!$B$2:$B$73&LCI!$D$2:$D$73, 0))* IF(AND($E24="Truck", OR($F24="Electric", $F24="Electric_green")), $B$6, 1)* $C24* $D24} -> 4.422922e-06 | ... Y24: {=INDEX(LCI!Z$2:Z$73, MATCH($E24&$F24, LCI!$B$2:$B$73&LCI!$D$2:$D$73, 0))* IF(AND($E24="Truck", OR($F24="Electric", $F24="Electric_green")), $B$6, 1)* $C24* $D24} -> 0.0036389378
A25: Filler | B25: =Input!A49 -> Filler 1 | C25: =+Input!B49 -> 0.01 | D25: =Input!$L49 -> 20 | E25: =Input!$J49 -> Truck | F25: =Input!$K49 -> Biodiesel_4.5% | G25: {=INDEX(LCI!H$2:H$73, MATCH($E25&$F25, LCI!$B$2:$B$73&LCI!$D$2:$D$73, 0))* IF(AND($E25="Truck", OR($F25="Electric", $F25="Electric_green")), $B$6, 1)* $C25* $D25} -> 0.00011092509 | H25: {=INDEX(LCI!I$2:I$73, MATCH($E25&$F25, LCI!$B$2:$B$73&LCI!$D$2:$D$73, 0))* IF(AND($E25="Truck", OR($F25="Electric", $F25="Electric_green")), $B$6, 1)* $C25* $D25} -> 0.031780239 | I25: {=INDEX(LCI!J$2:J$73, MATCH($E25&$F25, LCI!$B$2:$B$73&LCI!$D$2:$D$73, 0))* IF(AND($E25="Truck", OR($F25="Electric", $F25="Electric_green")), $B$6, 1)* $C25* $D25} -> 4.417054e-05 | J25: {=INDEX(LCI!K$2:K$73, MATCH($E25&$F25, LCI!$B$2:$B$73&LCI!$D$2:$D$73, 0))* IF(AND($E25="Truck", OR($F25="Electric", $F25="Electric_green")), $B$6, 1)* $C25* $D25} -> 0.031733203 | K25: {=INDEX(LCI!L$2:L$73, MATCH($E25&$F25, LCI!$B$2:$B$73&LCI!$D$2:$D$73, 0))* IF(AND($E25="Truck", OR($F25="Electric", $F25="Electric_green")), $B$6, 1)* $C25* $D25} -> 2.8656716e-06 | L25: {=INDEX(LCI!M$2:M$73, MATCH($E25&$F25, LCI!$B$2:$B$73&LCI!$D$2:$D$73, 0))* IF(AND($E25="Truck", OR($F25="Electric", $F25="Electric_green")), $B$6, 1)* $C25* $D25} -> 0.057410278 | M25: {=INDEX(LCI!N$2:N$73, MATCH($E25&$F25, LCI!$B$2:$B$73&LCI!$D$2:$D$73, 0))* IF(AND($E25="Truck", OR($F25="Electric", $F25="Electric_green")), $B$6, 1)* $C25* $D25} -> 0.42416853 | N25: {=INDEX(LCI!O$2:O$73, MATCH($E25&$F25, LCI!$B$2:$B$73&LCI!$D$2:$D$73, 0))* IF(AND($E25="Truck", OR($F25="Electric", $F25="Electric_green")), $B$6, 1)* $C25* $D25} -> 9.369831e-07 | ... Y25: {=INDEX(LCI!Z$2:Z$73, MATCH($E25&$F25, LCI!$B$2:$B$73&LCI!$D$2:$D$73, 0))* IF(AND($E25="Truck", OR($F25="Electric", $F25="Electric_green")), $B$6, 1)* $C25* $D25} -> 0.0022649063
B26: =Input!A50 -> Filler 2 | C26: =+Input!B50 -> 0.01 | D26: =Input!$L50 -> 23 | E26: =Input!$J50 -> Truck | F26: =Input!$K50 -> Diesel_Euro5 | G26: {=INDEX(LCI!H$2:H$73, MATCH($E26&$F26, LCI!$B$2:$B$73&LCI!$D$2:$D$73, 0))* IF(AND($E26="Truck", OR($F26="Electric", $F26="Electric_green")), $B$6, 1)* $C26* $D26} -> 0.00010182951 | H26: {=INDEX(LCI!I$2:I$73, MATCH($E26&$F26, LCI!$B$2:$B$73&LCI!$D$2:$D$73, 0))* IF(AND($E26="Truck", OR($F26="Electric", $F26="Electric_green")), $B$6, 1)* $C26* $D26} -> 0.037222268 | I26: {=INDEX(LCI!J$2:J$73, MATCH($E26&$F26, LCI!$B$2:$B$73&LCI!$D$2:$D$73, 0))* IF(AND($E26="Truck", OR($F26="Electric", $F26="Electric_green")), $B$6, 1)* $C26* $D26} -> 1.7203724e-05 | J26: {=INDEX(LCI!K$2:K$73, MATCH($E26&$F26, LCI!$B$2:$B$73&LCI!$D$2:$D$73, 0))* IF(AND($E26="Truck", OR($F26="Electric", $F26="Electric_green")), $B$6, 1)* $C26* $D26} -> 0.037202138 | K26: {=INDEX(LCI!L$2:L$73, MATCH($E26&$F26, LCI!$B$2:$B$73&LCI!$D$2:$D$73, 0))* IF(AND($E26="Truck", OR($F26="Electric", $F26="Electric_green")), $B$6, 1)* $C26* $D26} -> 2.926727e-06 | L26: {=INDEX(LCI!M$2:M$73, MATCH($E26&$F26, LCI!$B$2:$B$73&LCI!$D$2:$D$73, 0))* IF(AND($E26="Truck", OR($F26="Electric", $F26="Electric_green")), $B$6, 1)* $C26* $D26} -> 0.03163347 | M26: {=INDEX(LCI!N$2:N$73, MATCH($E26&$F26, LCI!$B$2:$B$73&LCI!$D$2:$D$73, 0))* IF(AND($E26="Truck", OR($F26="Electric", $F26="Electric_green")), $B$6, 1)* $C26* $D26} -> 0.50046611 | N26: {=INDEX(LCI!O$2:O$73, MATCH($E26&$F26, LCI!$B$2:$B$73&LCI!$D$2:$D$73, 0))* IF(AND($E26="Truck", OR($F26="Electric", $F26="Electric_green")), $B$6, 1)* $C26* $D26} -> 8.5629e-07 | ... Y26: {=INDEX(LCI!Z$2:Z$73, MATCH($E26&$F26, LCI!$B$2:$B$73&LCI!$D$2:$D$73, 0))* IF(AND($E26="Truck", OR($F26="Electric", $F26="Electric_green")), $B$6, 1)* $C26* $D26} -> 0.0011295857
A27: Reclaimed Asphalt Pavement | B27: =Input!A51 -> RAP 1
B28: =Input!A52 -> RAP 2
A29: Recycled Waste | B29: =Input!A53 -> Other_waste 1
B30: =Input!A54 -> Other_waste 2
A31: Additive | B31: =Input!A55 -> Additive 1 | C31: =+Input!B55 -> 0.02 | D31: =Input!$L55 -> 23 | E31: =Input!$J55 -> Barge | F31: =Input!$K55 -> Diesel | G31: {=INDEX(LCI!H$2:H$73, MATCH($E31&$F31, LCI!$B$2:$B$73&LCI!$D$2:$D$73, 0))* IF(AND($E31="Truck", OR($F31="Electric", $F31="Electric_green")), $B$6, 1)* $C31* $D31} -> 0.00020354076 | H31: {=INDEX(LCI!I$2:I$73, MATCH($E31&$F31, LCI!$B$2:$B$73&LCI!$D$2:$D$73, 0))* IF(AND($E31="Truck", OR($F31="Electric", $F31="Electric_green")), $B$6, 1)* $C31* $D31} -> 0.023200164 | I31: {=INDEX(LCI!J$2:J$73, MATCH($E31&$F31, LCI!$B$2:$B$73&LCI!$D$2:$D$73, 0))* IF(AND($E31="Truck", OR($F31="Electric", $F31="Electric_green")), $B$6, 1)* $C31* $D31} -> 6.390327e-06 | J31: {=INDEX(LCI!K$2:K$73, MATCH($E31&$F31, LCI!$B$2:$B$73&LCI!$D$2:$D$73, 0))* IF(AND($E31="Truck", OR($F31="Electric", $F31="Electric_green")), $B$6, 1)* $C31* $D31} -> 0.023172256 | K31: {=INDEX(LCI!L$2:L$73, MATCH($E31&$F31, LCI!$B$2:$B$73&LCI!$D$2:$D$73, 0))* IF(AND($E31="Truck", OR($F31="Electric", $F31="Electric_green")), $B$6, 1)* $C31* $D31} -> 2.1517461e-05 | L31: {=INDEX(LCI!M$2:M$73, MATCH($E31&$F31, LCI!$B$2:$B$73&LCI!$D$2:$D$73, 0))* IF(AND($E31="Truck", OR($F31="Electric", $F31="Electric_green")), $B$6, 1)* $C31* $D31} -> 0.023488621 | M31: {=INDEX(LCI!N$2:N$73, MATCH($E31&$F31, LCI!$B$2:$B$73&LCI!$D$2:$D$73, 0))* IF(AND($E31="Truck", OR($F31="Electric", $F31="Electric_green")), $B$6, 1)* $C31* $D31} -> 0.28457003 | N31: {=INDEX(LCI!O$2:O$73, MATCH($E31&$F31, LCI!$B$2:$B$73&LCI!$D$2:$D$73, 0))* IF(AND($E31="Truck", OR($F31="Electric", $F31="Electric_green")), $B$6, 1)* $C31* $D31} -> 2.092006e-06 | ... Y31: {=INDEX(LCI!Z$2:Z$73, MATCH($E31&$F31, LCI!$B$2:$B$73&LCI!$D$2:$D$73, 0))* IF(AND($E31="Truck", OR($F31="Electric", $F31="Electric_green")), $B$6, 1)* $C31* $D31} -> 0.0022001175
B32: =Input!A56 -> Additive 2 | C32: =+Input!B56 -> 0.02 | D32: =Input!$L56 -> 21 | E32: =Input!$J56 -> Truck | F32: =Input!$K56 -> Diesel_Euro6 | G32: {=INDEX(LCI!H$2:H$73, MATCH($E32&$F32, LCI!$B$2:$B$73&LCI!$D$2:$D$73, 0))* IF(AND($E32="Truck", OR($F32="Electric", $F32="Electric_green")), $B$6, 1)* $C32* $D32} -> 9.942324e-05 | H32: {=INDEX(LCI!I$2:I$73, MATCH($E32&$F32, LCI!$B$2:$B$73&LCI!$D$2:$D$73, 0))* IF(AND($E32="Truck", OR($F32="Electric", $F32="Electric_green")), $B$6, 1)* $C32* $D32} -> 0.066672841 | I32: {=INDEX(LCI!J$2:J$73, MATCH($E32&$F32, LCI!$B$2:$B$73&LCI!$D$2:$D$73, 0))* IF(AND($E32="Truck", OR($F32="Electric", $F32="Electric_green")), $B$6, 1)* $C32* $D32} -> 3.1159926e-05 | J32: {=INDEX(LCI!K$2:K$73, MATCH($E32&$F32, LCI!$B$2:$B$73&LCI!$D$2:$D$73, 0))* IF(AND($E32="Truck", OR($F32="Electric", $F32="Electric_green")), $B$6, 1)* $C32* $D32} -> 0.066636378 | K32: {=INDEX(LCI!L$2:L$73, MATCH($E32&$F32, LCI!$B$2:$B$73&LCI!$D$2:$D$73, 0))* IF(AND($E32="Truck", OR($F32="Electric", $F32="Electric_green")), $B$6, 1)* $C32* $D32} -> 5.30313e-06 | L32: {=INDEX(LCI!M$2:M$73, MATCH($E32&$F32, LCI!$B$2:$B$73&LCI!$D$2:$D$73, 0))* IF(AND($E32="Truck", OR($F32="Electric", $F32="Electric_green")), $B$6, 1)* $C32* $D32} -> 0.057264459 | M32: {=INDEX(LCI!N$2:N$73, MATCH($E32&$F32, LCI!$B$2:$B$73&LCI!$D$2:$D$73, 0))* IF(AND($E32="Truck", OR($F32="Electric", $F32="Electric_green")), $B$6, 1)* $C32* $D32} -> 0.89734712 | N32: {=INDEX(LCI!O$2:O$73, MATCH($E32&$F32, LCI!$B$2:$B$73&LCI!$D$2:$D$73, 0))* IF(AND($E32="Truck", OR($F32="Electric", $F32="Electric_green")), $B$6, 1)* $C32* $D32} -> 1.5551298e-06 | ... Y32: {=INDEX(LCI!Z$2:Z$73, MATCH($E32&$F32, LCI!$B$2:$B$73&LCI!$D$2:$D$73, 0))* IF(AND($E32="Truck", OR($F32="Electric", $F32="Electric_green")), $B$6, 1)* $C32* $D32} -> 0.0020437994
