Workbook
Name Barge: 'Aux - Lists'!$D$5
Name Barge_tanker: 'Aux - Lists'!$E$5
Name Crusher_types_RAP: 'Aux - Lists'!$A$48:$A$49
Name Crusher_types_RCA: 'Aux - Lists'!$A$58:$A$59
Name Electric_component: 'Aux - Lists'!$A$169:$A$170
Name Excavator_Hitachi_ZX1357_160kW: 'Aux - Lists'!$C$146:$C$153
Name Excavator_types: 'Aux - Lists'!$A$145:$A$146
Name Milling_large_scale_project_Wirtgen_W250Fi_753kW: 'Aux - Lists'!$E$135:$E$142
Name Milling_medium_scale_project_Wirtgen_W210XPi_571kW: 'Aux - Lists'!$D$135:$D$142
Name Milling_small_scale_project_Wirtgen_W35Ri_45kW: 'Aux - Lists'!$C$135:$C$142
Name Milling_types: 'Aux - Lists'!$A$134:$A$137
Name Mobile_jaw_crusher_400tph_RAP: 'Aux - Lists'!$C$48:$C$55
Name Mobile_jaw_crusher_400tph_RCA: 'Aux - Lists'!$C$58:$C$65
Name Mobile_screener_500tph_RAP: 'Aux - Lists'!$C$91:$C$98
Name Mobile_screener_500tph_RCA: 'Aux - Lists'!$C$101:$C$108
Name No: 'Aux - Lists'!$B$5
Name No_crusher_RAP: 'Aux - Lists'!$B$48
Name No_crusher_RCA: 'Aux - Lists'!$B$58
Name No_excavator: 'Aux - Lists'!$B$145
Name No_milling_machine: 'Aux - Lists'!$B$134
Name No_paver: 'Aux - Lists'!$B$112
Name No_roller: 'Aux - Lists'!$B$123
Name No_screener_RAP: 'Aux - Lists'!$B$91
Name No_screener_RCA: 'Aux - Lists'!$B$101
Name No_stacker_RAP: 'Aux - Lists'!$B$68
Name No_stacker_RCA: 'Aux - Lists'!$B$80
Name No_sweeper_truck: 'Aux - Lists'!$B$156
Name No_wheel_loader: 'Aux - Lists'!$B$17
Name Paver_large_scale_project_354kW: 'Aux - Lists'!$E$112:$E$119
Name Paver_medium_scale_project_129kW: 'Aux - Lists'!$D$112:$D$119
Name Paver_small_scale_project_25kW: 'Aux - Lists'!$C$112:$C$119
Name Paver_types: 'Aux - Lists'!$A$112:$A$115
Name Roller_large_scale_project_100kW: 'Aux - Lists'!$E$124:$E$131
Name Roller_medium_scale_project_55kW: 'Aux - Lists'!$D$124:$D$131
Name Roller_small_scale_project_30kW: 'Aux - Lists'!$C$124:$C$131
Name Roller_types: 'Aux - Lists'!$A$123:$A$126
Name Screener_types_RAP: 'Aux - Lists'!$A$91:$A$92
Name Screener_types_RCA: 'Aux - Lists'!$A$101:$A$102
Name Ship: 'Aux - Lists'!$F$5
Name Stacker_types_RAP: 'Aux - Lists'!$A$68:$A$69
Name Stacker_types_RCA: 'Aux - Lists'!$A$80:$A$81
Name Sweeper_truck_volvo_186kW: 'Aux - Lists'!$C$157:$C$164
Name Tracked_stacker_500tph_RAP: 'Aux - Lists'!$C$68:$C$75
Name Tracked_stacker_500tph_RCA: 'Aux - Lists'!$C$80:$C$87
Name Train: 'Aux - Lists'!$G$5:$G$6
Name Transport_mode: 'Aux - Lists'!$A$5:$A$10
Name Truck: 'Aux - Lists'!$C$5:$C$13
Name Types_sweeper_truck: 'Aux - Lists'!$A$156:$A$157
Name Wheel_loader_338tph_Komatsu_WA500: 'Aux - Lists'!$C$17:$C$24
Name Wheel_loader_338tph_Komatsu_WA500_RAP: 'Aux - Lists'!$C$28:$C$35
Name Wheel_loader_338tph_Komatsu_WA500_RCA: 'Aux - Lists'!$C$38:$C$45
Name Wheel_loader_types: 'Aux - Lists'!$A$17:$A$18
Name Wheel_loader_types_RAP: 'Aux - Lists'!$A$28:$A$29
Name Wheel_loader_types_RCA: 'Aux - Lists'!$A$38:$A$39
Name Yes: 'Aux - Lists'!$B$169:$B$170

Sheet ReadMe
A2: This LCA-based tool has been developed by the University of Antwerp as part of the PIONEERS (Portable Innovation Open Network for Efficiency and Emissions Reduction Solutions) project using funding from the European Union’s Horizon 2020 research and innovation programme under Grant Agreement 101037564.
A4: https://pioneers-ports.eu/
A5: https://cordis.europa.eu/project/id/101037564
A12: Use of this spreadsheet is restricted to consortium partners during the duration of the project only (from Oct 1, 2021 to Sep 30, 2026). This spreadsheet contains confidential information that falls under the regulations of the collaboration agreement of the PIONEERS project.
A15: Version 2.1 (released date: March 31, 2025)
A17: For more information and access, contact the Sustainable Pavements and Asphalt Research (SuPAR) group at the University of Antwerp.

Sheet Input
A1: Data collection form for LCA-based tool
A4: 1. General Information | C4: Example
A5: Date | B5: 40409 | C5: 45747
A6: Mixture ID | B6: 801/64/2010/13RE-1234/0 | C6: 2221
A7: Mixture type (SB250) | B7: AB-3A1 | C7: APO-A
A8: Mixture type (EN 13108) | B8: AC 20 onderlaag 50/70 | C8: AC 20 base 70/100
A9: Total binder cotent (by weight of mix) | B9: 0.03716 | C9: 0.043
A10: Asphalt binder replacement | B10: =(B9-B39)/B9 -> 0.40365985
A13: 2. Mixture Production
A14: Asphalt plant location (city/town) | B14: straat 1, 1000 Gaurain-Ramecroix
A15: Plant type | B15: Batch with parallel drum
A16: Average hour plant production (t/h) | B16: 350
A17: Asphalt plant: primary energy source type for heating and drying | B17: Natural_gas | C17: 1 | D17: =IF(AND(C17 + C18 = 100%, OR(B18 <> "No", C18 = 0%)), "Correct", IF(B18 = "No", "Error", "Error: Check %")) -> Correct
A18: Asphalt plant: secondary energy source type for heating and drying | B18: No | C18: 0
A19: Asphalt plant: electric components | B19: Yes | C19: Electricity | D19: =IF(OR(AND(B19="Yes", C19<>"No"), AND(B19="No",C19="No")), "Correct", "Error") -> Correct
A20: Secondary energy source for asphalt plant operation & percentage | B20: No
A21: Mixture production temperature range (°C) | B21: 155⁰C - 185⁰C
A22: Mixture bulk density (SVM) (kg/m3) | B22: 2400
B25: Type | C25: Energy source
A26: Asphalt mix loading operation | B26: Wheel_loader_338tph_Komatsu_WA500 | C26: Diesel | D26: =IF(OR(AND(B26="No_wheel_loader", C26<>"No"), AND(C26="No", B26<>"No_wheel_loader")), "Error", "") | U26: =IF(OR(AND(B26="No_wheel_loader", C26<>"No"), AND(C26="No", B26<>"No_wheel_loader")), 1, 0) -> 0
A29: 3. Layer Specifications
A30: Layer | B30: Thickness (mm) | C30: Mass per FU (ton/m2)
A31: Wearing Course 1 | B31: 80 | C31: =($B$22/1000)*($B$31/1000) -> 0.192
A34: 4. Mixture Components and Transporation Distances
A35: - For virgin binder, enter the location and transportation mode and distance from the refinery - For aggregate and filler, enter the location and transportation mode and distance from the quarry - For waste, enter the location and transportation mode and distance from the processing plant - For additives, enter the location and transportation mode and distance from the factory
A36: Mixture Components | B36: % (by weight of mixture) | C36: Type | D36: Biogenic origin - type | E36: % Biogenic content (by weight of product) | F36: Biogenic status | G36: Stockpile covered? | H36: Transportation distance (km) from point of extraction to asphalt plant and fuel type
H37: Location (city/town) | I37: Transport status | J37: Route 1 | M37: Route 2 | P37: Route 3
J38: Mode of transport | K38: Energy source | L38: Distance (km) | M38: Mode of transport | N38: Energy source | O38: Distance (km) | P38: Mode of transport | Q38: Energy source | R38: Distance (km) | T38: List | U38: Check
A39: Virgin binder | B39: 0.02216 | C39: Conventional_Bitumen | D39: No | E39: 0 | F39: =IF(AND(D39="No",E39>0), "Check biogenic content","Correct") -> Correct | H39: Koudekerk-aan-de-Rijn | I39: =IF($B39=0%,"Do not fill Transport", "Fill Transport") -> Fill Transport | J39: Truck | K39: Diesel_Euro6 | L39: 262 | M39: No | N39: No | O39: 0 | P39: No | Q39: No | R39: 0 | U39: =+IF(B39>0,IF(K39="No",1,IF(SUM(L39,O39,R39)>0,0,2)),0) -> 0
A40: Virgin crushed coarse aggregate 1 (>2 mm) | B40: 0 | G40: No | H40: Productieproces | I40: =IF($B40=0%,"Do not fill Transport", "Fill Transport") -> Do not fill Transport | J40: Truck | K40: Diesel_Euro6 | L40: 0 | M40: No | N40: No | O40: 0 | P40: No | Q40: No | R40: 0 | U40: =+IF(B40>0,IF(K40="No",1,IF(SUM(L40,O40,R40)>0,0,2)),0) -> 0
A41: Virgin crushed coarse aggregate 2 (>2 mm) | B41: 0.102 | G41: No | H41: Soignies | I41: =IF($B41=0%,"Do not fill Transport", "Fill Transport") -> Fill Transport | J41: Barge | K41: Diesel | L41: 51 | M41: No | N41: No | O41: 0 | P41: No | Q41: No | R41: 0 | U41: =+IF(B41>0,IF(K41="No",1,IF(SUM(L41,O41,R41)>0,0,2)),0) -> 0
A42: Virgin crushed coarse aggregate 3 (>2 mm) | B42: 0.353 | G42: Yes | H42: Genk | I42: =IF($B42=0%,"Do not fill Transport", "Fill Transport") -> Fill Transport | J42: Truck | K42: Diesel_Euro6 | L42: 188 | M42: No | N42: No | O42: 0 | P42: No | Q42: No | R42: 0 | U42: =+IF(B42>0,IF(K42="No",1,IF(SUM(L42,O42,R42)>0,0,2)),0) -> 0
A43: Virgin crushed fine aggregate 1 (≤2 mm) | B43: 0 | G43: No | H43: Gaurain-Ramecroix | I43: =IF($B43=0%,"Do not fill Transport", "Fill Transport") -> Do not fill Transport | J43: No | K43: No | L43: 0 | M43: No | N43: No | O43: 0 | P43: No | Q43: No | R43: 0 | U43: =+IF(B43>0,IF(K43="No",1,IF(SUM(L43,O43,R43)>0,0,2)),0) -> 0
A44: Virgin crushed fine aggregate 2 (≤2 mm) | B44: 0 | G44: No | I44: =IF($B44=0%,"Do not fill Transport", "Fill Transport") -> Do not fill Transport | J44: No | K44: No | L44: 0 | M44: No | N44: No | O44: 0 | P44: No | Q44: No | R44: 0 | U44: =+IF(B44>0,IF(K44="No",1,IF(SUM(L44,O44,R44)>0,0,2)),0) -> 0
A45: Virgin crushed fine aggregate 3 (≤2 mm) | B45: 0 | G45: No | I45: =IF($B45=0%,"Do not fill Transport", "Fill Transport") -> Do not fill Transport | J45: No | K45: No | L45: 0 | M45: No | N45: No | O45: 0 | P45: No | Q45: No | R45: 0 | U45: =+IF(B45>0,IF(K45="No",1,IF(SUM(L45,O45,R45)>0,0,2)),0) -> 0
A46: Virgin natural fine aggregate 1 (≤2 mm) | B46: 0.153 | G46: No | H46: Neufvilles | I46: =IF($B46=0%,"Do not fill Transport", "Fill Transport") -> Fill Transport | J46: Barge | K46: Diesel | L46: 44 | M46: No | N46: No | O46: 0 | P46: No | Q46: No | R46: 0 | U46: =+IF(B46>0,IF(K46="No",1,IF(SUM(L46,O46,R46)>0,0,2)),0) -> 0
A47: Virgin natural fine aggregate 2 (≤2 mm) | B47: 0 | G47: No | I47: =IF($B47=0%,"Do not fill Transport", "Fill Transport") -> Do not fill Transport | J47: No | K47: No | L47: 0 | M47: No | N47: No | O47: 0 | P47: No | Q47: No | R47: 0 | U47: =+IF(B47>0,IF(K47="No",1,IF(SUM(L47,O47,R47)>0,0,2)),0) -> 0
A48: Virgin natural fine aggregate 3 (≤2 mm) | B48: 0 | G48: No | I48: =IF($B48=0%,"Do not fill Transport", "Fill Transport") -> Do not fill Transport | J48: No | K48: No | L48: 0 | M48: No | N48: No | O48: 0 | P48: No | Q48: No | R48: 0 | U48: =+IF(B48>0,IF(K48="No",1,IF(SUM(L48,O48,R48)>0,0,2)),0) -> 0
A49: Filler 1 | B49: 0.0055 | C49: Limestone_residue | G49: No | H49: Ankersmit Maastricht | I49: =IF($B49=0%,"Do not fill Transport", "Fill Transport") -> Fill Transport | J49: Truck | K49: Diesel_Euro6 | L49: 190 | M49: No | N49: No | O49: 0 | P49: No | Q49: No | R49: 0 | T49: =+IF(B49>0,IF(C49="No_filler",1,0),0) -> 0 | U49: =+IF(B49>0,IF(K49="No",1,IF(SUM(L49,O49,R49)>0,0,2)),0) -> 0
A50: Filler 2 | B50: 0 | C50: No_filler | G50: No | I50: =IF($B50=0%,"Do not fill Transport", "Fill Transport") -> Do not fill Transport | J50: No | K50: No | L50: 0 | M50: No | N50: No | O50: 0 | P50: No | Q50: No | R50: 0 | T50: =+IF(B50>0,IF(C50="No_filler",1,0),0) -> 0 | U50: =+IF(B50>0,IF(K50="No",1,IF(SUM(L50,O50,R50)>0,0,2)),0) -> 0
A51: RAP 1 | B51: 0.3 | C51: RAP | G51: No | H51: Iepermanlei 29, Antwerpen | I51: =IF($B51=0%,"Do not fill Transport", "Fill Transport") -> Fill Transport | J51: Truck | K51: Diesel_Euro6 | L51: 69 | M51: No | N51: No | O51: 0 | P51: No | Q51: No | R51: 0 | U51: =+IF(B51>0,IF(K51="No",1,IF(SUM(L51,O51,R51)>0,0,2)),0) -> 0
A52: RAP 2 | B52: 0 | G52: No | I52: =IF($B52=0%,"Do not fill Transport", "Fill Transport") -> Do not fill Transport | J52: No | K52: No | L52: 0 | M52: No | N52: No | O52: 0 | P52: No | Q52: No | R52: 0 | U52: =+IF(B52>0,IF(K52="No",1,IF(SUM(L52,O52,R52)>0,0,2)),0) -> 0
A53: Other_waste 1 | B53: 0 | C53: No_other_waste | G53: No | H53: Schoten | I53: =IF($B53=0%,"Do not fill Transport", "Fill Transport") -> Do not fill Transport | J53: No | K53: No | L53: 0 | M53: No | N53: No | O53: 0 | P53: No | Q53: No | R53: 0 | T53: =+IF(B53>0,IF(C53="No_other_waste",1,0),0) -> 0 | U53: =+IF(B53>0,IF(K53="No",1,IF(SUM(L53,O53,R53)>0,0,2)),0) -> 0
A54: Other_waste 2 | B54: 0 | C54: No_other_waste | G54: No | I54: =IF($B54=0%,"Do not fill Transport", "Fill Transport") -> Do not fill Transport | J54: No | K54: No | L54: 0 | M54: No | N54: No | O54: 0 | P54: No | Q54: No | R54: 0 | T54: =+IF(B54>0,IF(C54="No_other_waste",1,0),0) -> 0 | U54: =+IF(B54>0,IF(K54="No",1,IF(SUM(L54,O54,R54)>0,0,2)),0) -> 0
A55: Additive 1 | B55: 0.0033 | C55: Cellulose_fibres | G55: No | H55: Rosenberg, D. | I55: =IF($B55=0%,"Do not fill Transport", "Fill Transport") -> Fill Transport | J55: Truck | K55: Diesel_Euro6 | L55: 1239 | M55: No | N55: No | O55: 0 | P55: No | Q55: No | R55: 0 | T55: =+IF(B55>0,IF(C55="No_additives",1,0),0) -> 0 | U55: =+IF(B55>0,IF(K55="No",1,IF(SUM(L55,O55,R55)>0,0,2)),0) -> 0
A56: Additive 2 | B56: 0 | C56: No_additives | G56: No | I56: =IF($B56=0%,"Do not fill Transport", "Fill Transport") -> Do not fill Transport | J56: No | K56: No | L56: 0 | M56: No | N56: No | O56: 0 | P56: No | Q56: No | R56: 0 | T56: =+IF(B56>0,IF(C56="No_additives",1,0),0) -> 0 | U56: =+IF(B56>0,IF(K56="No",1,IF(SUM(L56,O56,R56)>0,0,2)),0) -> 0
A57: Additive 3 | B57: 0 | C57: No_additives | G57: No | I57: =IF($B57=0%,"Do not fill Transport", "Fill Transport") -> Do not fill Transport | J57: No | K57: No | L57: 0 | M57: No | N57: No | O57: 0 | P57: No | Q57: No | R57: 0 | T57: =+IF(B57>0,IF(C57="No_additives",1,0),0) -> 0 | U57: =+IF(B57>0,IF(K57="No",1,IF(SUM(L57,O57,R57)>0,0,2)),0) -> 0
A58: Total | B58: =SUM(B39:B57) -> 0.93896 | D58: Energy consumption to evaporate water | G58: =+'A3 - Production '!C189 -> 0.35375639 | L58: =IF(U58=0, "Correct", "Error: Fill in all transport information") -> Correct | U58: =+SUM(T39:U57) -> 0
B59: =IF(AND(B58>=99.9%, B58<=100.1%), "Correct", "Error: Percentage weight of Mixture") -> Error: Percentage weight of Mixture | C59: =+IF(SUM(T39:T57)=0,"Correct","Error: Select material type") -> Correct
A61: 5. Transportation of Asphalt Mix to Site
A62: Mixture Components | B62: Mode of transport | C62: Energy source | D62: Distance (km) | E62: Bruto (kg) | F62: Bruto (ton)
A63: Asphalt mix | B63: Truck | C63: Diesel_Euro6 | D63: 20 | E63: 20000 | F63: =E63/1000 -> 20 | U63: =IF(AND(B63<>"No",D63<=0),1,0) -> 0
A65: 6. Construction
A66: Paving width (m) | B66: 3.5
A67: Laydown operation | B67: Type | C67: Energy source
A68: Paving machine 1 | B68: No_paver | C68: No | D68: =IF(OR(AND(C68="No", B68="No_paver"), AND(B68="No_paver", C68="No"), AND(C68<>"No", B68<>"No_paver")), "", "Error") | U68: =+IF(B68<>"No_paver",IF(C68="No",1,0),0) -> 0
A69: Paving machine 2 | B69: Paver_medium_scale_project_129kW | C69: Diesel | D69: =IF(OR(AND(C69="No", B69="No_paver"), AND(B69="No_paver", C69="No"), AND(C69<>"No", B69<>"No_paver")), "", "Error") | U69: =+IF(B69<>"No_paver",IF(C69="No",1,0),0) -> 0
A70: Excavator | B70: Excavator_Hitachi_ZX1357_160kW | C70: Diesel | D70: =IF(OR(AND(C70="No", B70="No_excavator"), AND(B70="No_excavator", C70="No"), AND(C70<>"No", B70<>"No_excavator")), "", "Error") | U70: =+IF(B70<>"No_excavator",IF(C70="No",1,0),0) -> 0
A72: Compaction operation | B72: Type | C72: Energy source
A73: Roller 1 | B73: Roller_medium_scale_project_55kW | C73: Diesel | D73: =IF(OR(AND(C73="No", B73="No_roller"), AND(B73="No_roller", C73="No"), AND(C73<>"No", B73<>"No_roller")), "", "Error") | U73: =+IF(B73<>"No_roller",IF(C73="No",1,0),0) -> 0
A74: Roller 2 | B74: Roller_medium_scale_project_55kW | C74: Diesel | D74: =IF(OR(AND(C74="No", B74="No_roller"), AND(B74="No_roller", C74="No"), AND(C74<>"No", B74<>"No_roller")), "", "Error") | U74: =+IF(B74<>"No_roller",IF(C74="No",1,0),0) -> 0
A75: Roller 3 | B75: No_roller | C75: No | D75: =IF(OR(AND(C75="No", B75="No_roller"), AND(B75="No_roller", C75="No"), AND(C75<>"No", B75<>"No_roller")), "", "Error")
A76: Roller 4 | B76: No_roller | C76: No | D76: =IF(OR(AND(C76="No", B76="No_roller"), AND(B76="No_roller", C76="No"), AND(C76<>"No", B76<>"No_roller")), "", "Error")
A78: 7. Deconstruction
A79: Milling depth (m) | B79: =+B31/1000 -> 0.08 | C79: =IF(B79>0.35,"Error, milling depth of machines less than 0.35m", "OK") -> OK
A81: Asphalt milling operation | B81: Type | C81: Energy source
A82: Cold milling machine 1 | B82: No_milling_machine | C82: No | D82: =IF(AND(B82<>"No_milling_machine", C82="No"), "Error", "") | U82: =+IF(B82<>"No_milling_machine",IF(C82="No",1,0),0) -> 0
A83: Cold milling machine 2 | B83: No_milling_machine | C83: No | D83: =IF(AND(B83<>"No_milling_machine", C83="No"), "Error", "") | U83: =+IF(B83<>"No_milling_machine",IF(C83="No",1,0),0) -> 0
A84: Cold milling machine 3 | B84: Milling_medium_scale_project_Wirtgen_W210XPi_571kW | C84: Diesel | D84: =IF(AND(B84<>"No_milling_machine", C84="No"), "Error", "")
A85: Sweeper truck | B85: Sweeper_truck_volvo_186kW | C85: Diesel | D85: =IF(AND(B85<>"No_sweeper_truck", C85="No"), "Error", "") | U85: =+IF(B85<>"No_sweeper_truck",IF(C85="No",1,0),0) -> 0
U86: =U26+SUM(U63:U85) -> 0

Sheet Result Dashboard
A1: LCA results for declared unit (cradle-to-gate analysis: A1-A3, D)
A3: General Information
A4: Date | B4: =Input!$B$5 -> 40409 | D4: Impact results (per declared unit)
A5: Mixture ID | B5: =Input!$B$6 -> 801/64/2010/13RE-1234/0 | D5: Declared unit | E5: 1 ton of asphalt mixture
A6: Mixture type (SB250) | B6: =Input!$B$7 -> AB-3A1 | D6: Total PEF Score | E6: =IF(ABS('Aux - Check'!$B$11)>10^-10,"Error",Results!$M$47) -> Error | F6: mpt/ton
A7: Mixture type (EN 13108) | B7: =+Input!B8 -> AC 20 onderlaag 50/70 | D7: Global Warming | E7: =IF(ABS('Aux - Check'!$B$11)>10^-10,"Error",Results!$L$53) -> Error | F7: kgCO2-eq/ton
A8: Asphalt plant location | B8: =Input!$B$14 -> straat 1, 1000 Gaurain-Ramecroix
A9: Mix temperature range | B9: =Input!$B$21 -> 155⁰C - 185⁰C
A10: Total binder (by weight of mix) | B10: =Input!$B$9 -> 0.03716
A11: Asphalt binder replacement | B11: =+Input!B10 -> 0.40365985
A12: Bulk density [kg/m3] | B12: =Input!$B$22 -> 2400
A53: LCA results for functional unit (cradle-to-grave analysis: A1-C3, D)
A55: General Information
A56: Date | B56: =Input!$B$5 -> 40409 | D56: Impact results (per funtional unit)
A57: Mixture ID | B57: =Input!$B$6 -> 801/64/2010/13RE-1234/0 | D57: Functional unit | E57: =+CONCATENATE("1 m2 (",Input!B31/10,"-cm thick)") -> 1 m2 (8-cm thick)
A58: Mixture type (SB250) | B58: =Input!$B$7 -> AB-3A1 | D58: Total PEF Score | E58: =IF(E6="Error","Error",Results!$N$111) -> Error | F58: mpt/m2
A59: Mixture type (EN 13108) | B59: =Input!$B$8 -> AC 20 onderlaag 50/70 | D59: Global Warming | E59: =IF(E7="Error","Error",Results!$M$118) -> Error | F59: kgCO2-eq/m2
A60: Asphalt plant | B60: =Input!$B$14 -> straat 1, 1000 Gaurain-Ramecroix
A61: Mix temperature range | B61: =Input!$B$21 -> 155⁰C - 185⁰C
A62: Total binder | B62: =Input!$B$9 -> 0.03716
A63: Asphalt binder replacement | B63: =+Input!B10 -> 0.40365985
A64: Bulk density [kg/m3] | B64: =Input!$B$22 -> 2400
A105: LCA results for a modified declared unit (cradle-to-grave analysis: A1-C3, D)
A107: General Information
A108: Date | B108: =Input!$B$5 -> 40409 | D108: Impact results (per ton excl. module D)
A109: Mixture ID | B109: =Input!$B$6 -> 801/64/2010/13RE-1234/0 | D109: Declared unit | E109: =+CONCATENATE("1 ton (",Input!B31/10,"-cm thick)") -> 1 ton (8-cm thick)
A110: Mixture type (SB250) | B110: =Input!$B$7 -> AB-3A1 | D110: Total PEF Score | E110: =IF(E6="Error","Error",Results!$N$47) -> Error | F110: mpt/ton
A111: Mixture type (EN 13108) | B111: =Input!$B$8 -> AC 20 onderlaag 50/70 | D111: Global Warming | E111: =IF(E7="Error","Error",Results!$M$53) -> Error | F111: kgCO2-eq/ ton
A112: Asphalt plant | B112: =Input!$B$14 -> straat 1, 1000 Gaurain-Ramecroix
A113: Mix temperature range | B113: =Input!$B$21 -> 155⁰C - 185⁰C
A114: Total binder | B114: =Input!$B$9 -> 0.03716
A115: Asphalt binder replacement | B115: =+Input!$B$10 -> 0.40365985
A116: Bulk density [kg/m3] | B116: =Input!$B$22 -> 2400

Sheet Aux - Check
A2: Check machinery | B2: =+Input!U86 -> 0
A3: Check transportation | B3: =+Input!U58 -> 0
A4: Check sum of primary & secondary equals 100% | B4: =IF(Input!C17 + Input!C18 = 100%,0, 1) -> 0
A5: Check Asphalt plant: electric components | B5: =IF(OR(AND(Input!B19="Yes", Input!C19<>"No"), AND(Input!B19="No",Input!C19="No")), 0, 1) -> 0
A6: Check mix contents adds to 100% | B6: =IF(AND(Input!B58>=99.9%, Input!B58<=100.1%), 0, 1) -> 1
A7: Check asphalt mix components | B7: =IF( COUNTIFS( _xlfn.XLOOKUP(Input!$B$19,'Aux - Lists'!B168:C168,'Aux - Lists'!B169:C170,Input!$C$19), Input!$C$19)=0,1, 0) -> 0
A8: Checks asphalt mix loading operations | B8: =IF(COUNTIFS(_xlfn.XLOOKUP(Input!$B$26,'Aux - Lists'!B16:C16,'Aux - Lists'!B17:C24,Input!$C$26),Input!$C$26)=0,1,0) -> 0
A9: Check Results tab | B9: =+Results!B23+Results!B54+Results!B61+Results!B86+Results!B112+Results!B119+Results!B126+Results!B152+Results!B160 -> 3.6948222e-13
A10: Check table results in all life cycle phases | B10: ='A1 - Raw Material Supply'!$B$139+'A1 - Raw Material Supply'!$C$139+'A1 - Raw Material Supply'!$D$139+'C3'' - Secondary Raw Material '!B345+'A2 - Transport'!$B$143+'C2''- Transport Secondary'!B82+'A3 - Production '!$B$231+'A3 - Production '!$C$231+'A4 - Transport'!$B$42+'A5 - Construction'!$B$165+'C1 - Deconstruction'!$B$112+'D- Benefits & Burdens'!$B$213+'D- Benefits & Burdens'!C213 -> 0
B11: =+SUM(B2:B10) -> 1

Sheet Results
A1: Environmental impacts per ton of asphalt mix per life cycle stage
A3: Impact Categories | B3: Unit | C3: A1 - Primary Raw Material | D3: C3' - Secondary Raw Material | E3: A2 - Transport Primary Raw Material | F3: C2' - Transport Secondary Raw Material | G3: A3- Production | H3: A4- Transport | I3: A5- Construction | J3: C1 - Deconstruction | K3: D- Burdens & Savings | L3: Total: A1-A3,C2',C3' (excl D) | M3: Total A1-A5,C1,C2',C3' (excl. D)
A4: Acidification | B4: accumulated exceedance (AE) mol H+ -eq | C4: ='A1 - Raw Material Supply'!Z114 -> 0.07606603 | D4: ='C3'' - Secondary Raw Material '!F320 -> 0.00021323931 | E4: ='A2 - Transport'!Z118 -> 0.023580023 | F4: ='C2''- Transport Secondary'!H58 -> 0.0049001454 | G4: ='A3 - Production '!D206 -> 0.019088517 | H4: ='A4 - Transport'!B17 -> 0.0044454498 | I4: ='A5 - Construction'!E139 -> 0.0014781911 | J4: ='C1 - Deconstruction'!B87 -> 0.0011217073 | K4: ='D- Benefits & Burdens'!N161 -> -0.078398164 | L4: =+SUM(C4:G4) -> 0.12384795 | M4: =SUM(C4:J4) -> 0.1308933
A5: Climate change | B5: global warming potential (GWP100) kgCO2-Eq | C5: ='A1 - Raw Material Supply'!Z115 -> 14.605727 | D5: ='C3'' - Secondary Raw Material '!F321 -> 0.16679034 | E5: ='A2 - Transport'!Z119 -> 12.873445 | F5: ='C2''- Transport Secondary'!H59 -> 3.2860186 | G5: ='A3 - Production '!D207 -> 18.960239 | H5: ='A4 - Transport'!B18 -> 2.9811015 | I5: ='A5 - Construction'!E140 -> 1.1562033 | J5: ='C1 - Deconstruction'!B88 -> 0.8773708 | K5: ='D- Benefits & Burdens'!N162 -> -17.396908 | L5: =+SUM(C5:G5) -> 49.89222 | M5: =SUM(C5:J5) -> 54.906896
A6: Climate change: biogenic | B6: global warming potential (GWP100) kgCO2-Eq | C6: ='A1 - Raw Material Supply'!Z116 -> 0.15907702 | D6: ='C3'' - Secondary Raw Material '!F322 -> 3.4471332e-05 | E6: ='A2 - Transport'!Z120 -> 0.0059009661 | F6: ='C2''- Transport Secondary'!H60 -> 0.0015357392 | G6: ='A3 - Production '!D208 -> 0.0064771325 | H6: ='A4 - Transport'!B19 -> 0.0013932345 | I6: ='A5 - Construction'!E141 -> 0.0002389579 | J6: ='C1 - Deconstruction'!B89 -> 0.00018133029 | K6: ='D- Benefits & Burdens'!N163 -> -0.067189815 | L6: =+SUM(C6:G6) -> 0.17302533 | M6: =SUM(C6:J6) -> 0.17483886
A7: Climate change: fossil | B7: global warming potential (GWP100) kgCO2-Eq | C7: ='A1 - Raw Material Supply'!Z117 -> 14.447676 | D7: ='C3'' - Secondary Raw Material '!F323 -> 0.16674849 | E7: ='A2 - Transport'!Z121 -> 12.86601 | F7: ='C2''- Transport Secondary'!H61 -> 3.2842215 | G7: ='A3 - Production '!D209 -> 18.9503 | H7: ='A4 - Transport'!B20 -> 2.9794711 | I7: ='A5 - Construction'!E142 -> 1.1559132 | J7: ='C1 - Deconstruction'!B90 -> 0.87715067 | K7: ='D- Benefits & Burdens'!N164 -> -17.329856 | L7: =+SUM(C7:G7) -> 49.714957 | M7: =SUM(C7:J7) -> 54.727492
A8: Land use and land use change | B8: global warming potential (GWP100) kgCO2-Eq | C8: ='A1 - Raw Material Supply'!Z118 -> 0.0070618731 | D8: ='C3'' - Secondary Raw Material '!F324 -> 7.3759045e-06 | E8: ='A2 - Transport'!Z122 -> 0.0015343119 | F8: ='C2''- Transport Secondary'!H62 -> 0.00026136855 | G8: ='A3 - Production '!D210 -> 0.0034616186 | H8: ='A4 - Transport'!B21 -> 0.00023711557 | I8: ='A5 - Construction'!E143 -> 5.1130331e-05 | J8: ='C1 - Deconstruction'!B91 -> 3.8799629e-05 | K8: ='D- Benefits & Burdens'!N165 -> -0.0083879202 | L8: =+SUM(C8:G8) -> 0.012326548 | M8: =SUM(C8:J8) -> 0.012653594
A9: Ecotoxicity: freshwater | B9: comparative toxic unit for ecosystems (CTUe) | C9: ='A1 - Raw Material Supply'!Z119 -> 648.07216 | D9: ='C3'' - Secondary Raw Material '!F325 -> 0.073693079 | E9: ='A2 - Transport'!Z123 -> 11.149257 | F9: ='C2''- Transport Secondary'!H63 -> 2.8223197 | G9: ='A3 - Production '!D211 -> 10.578127 | H9: ='A4 - Transport'!B22 -> 2.5604303 | I9: ='A5 - Construction'!E144 -> 0.51084603 | J9: ='C1 - Deconstruction'!B92 -> 0.38764929 | K9: ='D- Benefits & Burdens'!N166 -> -679.37906 | L9: =+SUM(C9:G9) -> 672.69555 | M9: =SUM(C9:J9) -> 676.15448
A10: Energy resources: non-renewable | B10: abiotic depletion potential (ADP): fossil fuels MJ, net calorific value | C10: ='A1 - Raw Material Supply'!Z120 -> 1053.1269 | D10: ='C3'' - Secondary Raw Material '!F326 -> 2.2154215 | E10: ='A2 - Transport'!Z124 -> 172.54507 | F10: ='C2''- Transport Secondary'!H64 -> 44.226394 | G10: ='A3 - Production '!D212 -> 355.33723 | H10: ='A4 - Transport'!B23 -> 40.122526 | I10: ='A5 - Construction'!E145 -> 15.357471 | J10: ='C1 - Deconstruction'!B93 -> 11.65383 | K10: ='D- Benefits & Burdens'!N167 -> -1140.6957 | L10: =+SUM(C10:G10) -> 1627.451 | M10: =SUM(C10:J10) -> 1694.5849
A11: Eutrophication: freshwater | B11: fraction of nutrients reaching freshwater end compartment (P) | C11: ='A1 - Raw Material Supply'!Z121 -> 0.00038657618 | D11: ='C3'' - Secondary Raw Material '!F327 -> 1.7631993e-06 | E11: ='A2 - Transport'!Z125 -> 0.00034050525 | F11: ='C2''- Transport Secondary'!H65 -> 7.6645683e-05 | G11: ='A3 - Production '!D213 -> 0.00067523477 | H11: ='A4 - Transport'!B24 -> 6.9533556e-05 | I11: ='A5 - Construction'!E146 -> 1.2222632e-05 | J11: ='C1 - Deconstruction'!B94 -> 9.2749952e-06 | K11: ='D- Benefits & Burdens'!N168 -> -0.00074384614 | L11: =+SUM(C11:G11) -> 0.0014807251 | M11: =SUM(C11:J11) -> 0.0015717563
A12: Eutrophication: marine | B12: fraction of nutrients reaching marine end compartment (N) kg N-Eq | C12: ='A1 - Raw Material Supply'!Z122 -> 0.023205911 | D12: ='C3'' - Secondary Raw Material '!F328 -> 4.8220356e-05 | E12: ='A2 - Transport'!Z126 -> 0.0063826639 | F12: ='C2''- Transport Secondary'!H66 -> 0.001068062 | G12: ='A3 - Production '!D214 -> 0.0049703887 | H12: ='A4 - Transport'!B25 -> 0.00096895414 | I12: ='A5 - Construction'!E147 -> 0.00033426717 | J12: ='C1 - Deconstruction'!B95 -> 0.00025365457 | K12: ='D- Benefits & Burdens'!N169 -> -0.024154686 | L12: =+SUM(C12:G12) -> 0.035675245 | M12: =SUM(C12:J12) -> 0.037232121
A13: Eutrophication: terrestrial | B13: accumulated exceedance (AE) mol N-Eq | C13: ='A1 - Raw Material Supply'!Z123 -> 0.28032577 | D13: ='C3'' - Secondary Raw Material '!F329 -> 0.00052421469 | E13: ='A2 - Transport'!Z127 -> 0.06934929 | F13: ='C2''- Transport Secondary'!H67 -> 0.011560805 | G13: ='A3 - Production '!D215 -> 0.053551285 | H13: ='A4 - Transport'!B26 -> 0.010488052 | I13: ='A5 - Construction'!E148 -> 0.0036338961 | J13: ='C1 - Deconstruction'!B96 -> 0.0027575378 | K13: ='D- Benefits & Burdens'!N170 -> -0.28174334 | L13: =+SUM(C13:G13) -> 0.41531137 | M13: =SUM(C13:J13) -> 0.43219085
A14: Human toxicity: carcinogenic | B14: comparative toxic unit for human (CTUh) | C14: ='A1 - Raw Material Supply'!Z124 -> 1.1685486e-08 | D14: ='C3'' - Secondary Raw Material '!F330 -> 1.0192647e-11 | E14: ='A2 - Transport'!Z128 -> 1.1688925e-09 | F14: ='C2''- Transport Secondary'!H68 -> 2.9124279e-10 | G14: ='A3 - Production '!D216 -> 1.8958767e-09 | H14: ='A4 - Transport'!B27 -> 2.6421771e-10 | I14: ='A5 - Construction'!E149 -> 7.0656203e-11 | J14: ='C1 - Deconstruction'!B97 -> 5.36166e-11 | K14: ='D- Benefits & Burdens'!N171 -> -1.2277426e-08 | L14: =+SUM(C14:G14) -> 1.5051691e-08 | M14: =SUM(C14:J14) -> 1.5440181e-08
A15: Human toxicity: non-carcinogenic | B15: comparative toxic unit for human (CTUh) | C15: ='A1 - Raw Material Supply'!Z125 -> 3.4070688e-07 | D15: ='C3'' - Secondary Raw Material '!F331 -> 2.7167564e-10 | E15: ='A2 - Transport'!Z129 -> 9.0290244e-08 | F15: ='C2''- Transport Secondary'!H69 -> 2.3696946e-08 | G15: ='A3 - Production '!D217 -> 3.7539188e-08 | H15: ='A4 - Transport'!B28 -> 2.1498053e-08 | I15: ='A5 - Construction'!E150 -> 1.8832762e-09 | J15: ='C1 - Deconstruction'!B98 -> 1.4291012e-09 | K15: ='D- Benefits & Burdens'!N172 -> -3.6768655e-07 | L15: =+SUM(C15:G15) -> 4.9250493e-07 | M15: =SUM(C15:J15) -> 5.1731536e-07
... A22: Water use | B22: user deprivation potential (deprivation-weighted water consumption) m3 world eq deprived | C22: ='A1 - Raw Material Supply'!Z132 -> 3.5963311 | D22: ='C3'' - Secondary Raw Material '!F338 -> 0.0029984053 | E22: ='A2 - Transport'!Z136 -> 0.43325273 | F22: ='C2''- Transport Secondary'!H76 -> 0.10073011 | G22: ='A3 - Production '!D224 -> 0.82098728 | H22: ='A4 - Transport'!B35 -> 0.091383136 | I22: ='A5 - Construction'!E157 -> 0.020785174 | J22: ='C1 - Deconstruction'!B105 -> 0.015772576 | K22: ='D- Benefits & Burdens'!N179 -> -4.6045059 | L22: =+SUM(C22:G22) -> 4.9542996 | M22: =SUM(C22:J22) -> 5.0822405
A23: Check | B23: =+SUM(C23:K23) -> 0 | C23: =+SUM(C4:C22)-'A1 - Raw Material Supply'!D137 -> 0 | D23: =+SUM(D4:D22)-'C3'' - Secondary Raw Material '!B344 -> 0 | E23: =+SUM(E4:E22)-'A2 - Transport'!B142 -> 0 | F23: =+SUM(F4:F22)-'C2''- Transport Secondary'!B81 -> 0 | G23: =+SUM(G4:G22)-'A3 - Production '!B230 -> 0 | H23: =+SUM(H4:H22)-'A4 - Transport'!B41 -> 0 | I23: =+SUM(I4:I22)-'A5 - Construction'!B164 -> 0 | J23: =+SUM(J4:J22)-'C1 - Deconstruction'!B111 -> 0 | K23: =+SUM(K4:K22)-'D- Benefits & Burdens'!B212 -> 0
A25: Single score per ton of asphalt mix per life cycle stage
A26: The total single score per impact categories are multiplied by 1000 to convert them from Points scale to Millipoint scale
A27: Impact Categories | B27: Normalization factor [unit/person.year] | C27: Weighting factor [%] | D27: A1 - Primary Material | E27: C3' - Secondary Material | F27: A2 - Transport Primary | G27: C2' - Transport Secondary | H27: A3- Production | I27: A4- Transport | J27: A5- Construction | K27: C1 - Deconstruction | L27: D- Burdens & Savings | M27: Total: A1-A3,C2',C3' (excl D) | N27: Total A1-A5,C1,C2',C3' (excl. D) | O27: Total (incl. D)
A28: Acidification | B28: 55.6 | C28: 0.062 | D28: =(C4/$B28)*$C28 -> 8.4821832e-05 | E28: =(D4/$B28)*$C28 -> 2.3778484e-07 | F28: =(E4/$B28)*$C28 -> 2.629427e-05 | G28: =(F4/$B28)*$C28 -> 5.4641909e-06 | H28: =(G4/$B28)*$C28 -> 2.1285757e-05 | I28: =(H4/$B28)*$C28 -> 4.9571562e-06 | J28: =(I4/$B28)*$C28 -> 1.6483426e-06 | K28: =(J4/$B28)*$C28 -> 1.2508247e-06 | L28: =(K4/$B28)*$C28 -> -8.7422413e-05 | M28: =SUM(D28:H28)*1000 -> 0.13810383 | N28: =SUM(D28:K28)*1000 -> 0.14596016 | O28: =SUM(D28:L28)*1000 -> 0.058537745
A29: Climate change | B29: 8100 | C29: 0.2106 | D29: =(C5/$B29)*$C29 -> 0.0003797489 | E29: =(D5/$B29)*$C29 -> 4.3365488e-06 | F29: =(E5/$B29)*$C29 -> 0.00033470958 | G29: =(F5/$B29)*$C29 -> 8.5436483e-05 | H29: =(G5/$B29)*$C29 -> 0.00049296622 | I29: =(H5/$B29)*$C29 -> 7.7508638e-05 | J29: =(I5/$B29)*$C29 -> 3.0061286e-05 | K29: =(J5/$B29)*$C29 -> 2.2811641e-05 | L29: =(K5/$B29)*$C29 -> -0.0004523196 | M29: =SUM(D29:H29)*1000 -> 1.2971977 | N29: =SUM(D29:K29)*1000 -> 1.4275793 | O29: =SUM(D29:L29)*1000 -> 0.97525969
A30: Climate change: biogenic
A31: Climate change: fossil
A32: Land use and land use change
A33: Ecotoxicity: freshwater | B33: 42700 | C33: 0.0192 | D33: =(C9/$B33)*$C33 -> 0.00029140481 | E33: =(D9/$B33)*$C33 -> 3.3135998e-08 | F33: =(E9/$B33)*$C33 -> 5.0132492e-06 | G33: =(F9/$B33)*$C33 -> 1.2690524e-06 | H33: =(G9/$B33)*$C33 -> 4.7564411e-06 | I33: =(H9/$B33)*$C33 -> 1.1512942e-06 | J33: =(I9/$B33)*$C33 -> 2.2970126e-07 | K33: =(J9/$B33)*$C33 -> 1.74306e-07 | L33: =(K9/$B33)*$C33 -> -0.00030548192 | M33: =SUM(D33:H33)*1000 -> 0.30247669 | N33: =SUM(D33:K33)*1000 -> 0.30403199 | O33: =SUM(D33:L33)*1000 -> -0.0014499274
A34: Energy resources: non-renewable | B34: 65000 | C34: 0.0755 | D34: =(C10/$B34)*$C34 -> 0.0012232474 | E34: =(D10/$B34)*$C34 -> 2.5732973e-06 | F34: =(E10/$B34)*$C34 -> 0.00020041774 | G34: =(F10/$B34)*$C34 -> 5.1370657e-05 | H34: =(G10/$B34)*$C34 -> 0.00041273786 | I34: =(H10/$B34)*$C34 -> 4.6603857e-05 | J34: =(I10/$B34)*$C34 -> 1.7838293e-05 | K34: =(J10/$B34)*$C34 -> 1.3536371e-05 | L34: =(K10/$B34)*$C34 -> -0.001324962 | M34: =SUM(D34:H34)*1000 -> 1.890347 | N34: =SUM(D34:K34)*1000 -> 1.9683255 | O34: =SUM(D34:L34)*1000 -> 0.64336352
A35: Eutrophication: freshwater | B35: 1.61 | C35: 0.028 | D35: =(C11/$B35)*$C35 -> 6.723064e-06 | E35: =(D11/$B35)*$C35 -> 3.0664336e-08 | F35: =(E11/$B35)*$C35 -> 5.9218305e-06 | G35: =(F11/$B35)*$C35 -> 1.3329684e-06 | H35: =(G11/$B35)*$C35 -> 1.1743213e-05 | I35: =(H11/$B35)*$C35 -> 1.2092792e-06 | J35: =(I11/$B35)*$C35 -> 2.1256751e-07 | K35: =(J11/$B35)*$C35 -> 1.6130426e-07 | L35: =(K11/$B35)*$C35 -> -1.2936455e-05 | M35: =SUM(D35:H35)*1000 -> 0.025751741 | N35: =SUM(D35:K35)*1000 -> 0.027334892 | O35: =SUM(D35:L35)*1000 -> 0.014398437
A36: Eutrophication: marine | B36: 19.5 | C36: 0.0296 | D36: =(C12/$B36)*$C36 -> 3.5225382e-05 | E36: =(D12/$B36)*$C36 -> 7.3196027e-08 | F36: =(E12/$B36)*$C36 -> 9.6885564e-06 | G36: =(F12/$B36)*$C36 -> 1.6212634e-06 | H36: =(G12/$B36)*$C36 -> 7.5447951e-06 | I36: =(H12/$B36)*$C36 -> 1.4708227e-06 | J36: =(I12/$B36)*$C36 -> 5.0740043e-07 | K36: =(J12/$B36)*$C36 -> 3.8503464e-07 | L36: =(K12/$B36)*$C36 -> -3.6665575e-05 | M36: =SUM(D36:H36)*1000 -> 0.054153193 | N36: =SUM(D36:K36)*1000 -> 0.056516451 | O36: =SUM(D36:L36)*1000 -> 0.019850876
A37: Eutrophication: terrestrial | B37: 177 | C37: 0.0371 | D37: =(C13/$B37)*$C37 -> 5.8757549e-05 | E37: =(D13/$B37)*$C37 -> 1.0987777e-07 | F37: =(E13/$B37)*$C37 -> 1.4535925e-05 | G37: =(F13/$B37)*$C37 -> 2.423197e-06 | H37: =(G13/$B37)*$C37 -> 1.1224591e-05 | I37: =(H13/$B37)*$C37 -> 2.198343e-06 | J37: =(I13/$B37)*$C37 -> 7.6168104e-07 | K37: =(J13/$B37)*$C37 -> 5.7799238e-07 | L37: =(K13/$B37)*$C37 -> -5.9054677e-05 | M37: =SUM(D37:H37)*1000 -> 0.08705114 | N37: =SUM(D37:K37)*1000 -> 0.090589156 | O37: =SUM(D37:L37)*1000 -> 0.031534479
A38: Human toxicity: carcinogenic | B38: 1.69e-05 | C38: 0.0213 | D38: =(C14/$B38)*$C38 -> 1.4727861e-05 | E38: =(D14/$B38)*$C38 -> 1.2846354e-08 | F38: =(E14/$B38)*$C38 -> 1.4732196e-06 | G38: =(F14/$B38)*$C38 -> 3.6706932e-07 | H38: =(G14/$B38)*$C38 -> 2.3894778e-06 | I38: =(H14/$B38)*$C38 -> 3.3300812e-07 | J38: =(I14/$B38)*$C38 -> 8.9051901e-08 | K38: =(J14/$B38)*$C38 -> 6.7575951e-08 | L38: =(K14/$B38)*$C38 -> -1.5473915e-05 | M38: =SUM(D38:H38)*1000 -> 0.018970474 | N38: =SUM(D38:K38)*1000 -> 0.01946011 | O38: =SUM(D38:L38)*1000 -> 0.0039861949
A39: Human toxicity: non-carcinogenic | B39: 0.00023 | C39: 0.0184 | D39: =(C15/$B39)*$C39 -> 2.725655e-05 | E39: =(D15/$B39)*$C39 -> 2.1734051e-08 | F39: =(E15/$B39)*$C39 -> 7.2232195e-06 | G39: =(F15/$B39)*$C39 -> 1.8957557e-06 | H39: =(G15/$B39)*$C39 -> 3.0031351e-06 | I39: =(H15/$B39)*$C39 -> 1.7198442e-06 | J39: =(I15/$B39)*$C39 -> 1.5066209e-07 | K39: =(J15/$B39)*$C39 -> 1.143281e-07 | L39: =(K15/$B39)*$C39 -> -2.9414924e-05 | M39: =SUM(D39:H39)*1000 -> 0.039400395 | N39: =SUM(D39:K39)*1000 -> 0.041385229 | O39: =SUM(D39:L39)*1000 -> 0.011970305
A40: Ionising radiation: human health | B40: 4220 | C40: 0.0501 | D40: =(C16/$B40)*$C40 -> 4.3727996e-06 | E40: =(D16/$B40)*$C40 -> 7.897264e-09 | F40: =(E16/$B40)*$C40 -> 1.1288766e-06 | G40: =(F16/$B40)*$C40 -> 2.3808522e-07 | H40: =(G16/$B40)*$C40 -> 2.8902488e-05 | I40: =(H16/$B40)*$C40 -> 2.1599275e-07 | J40: =(I16/$B40)*$C40 -> 5.4744434e-08 | K40: =(J16/$B40)*$C40 -> 4.1542147e-08 | L40: =(K16/$B40)*$C40 -> -6.3374756e-06 | M40: =SUM(D40:H40)*1000 -> 0.034650147 | N40: =SUM(D40:K40)*1000 -> 0.034962426 | O40: =SUM(D40:L40)*1000 -> 0.02862495
A41: Land use | B41: 819000 | C41: 0.0794 | D41: =(C17/$B41)*$C41 -> 3.8640459e-05 | E41: =(D17/$B41)*$C41 -> 1.1042769e-08 | F41: =(E17/$B41)*$C41 -> 1.4877222e-06 | G41: =(F17/$B41)*$C41 -> 2.7045122e-07 | H41: =(G17/$B41)*$C41 -> 1.2147918e-06 | I41: =(H17/$B41)*$C41 -> 2.4535543e-07 | J41: =(I17/$B41)*$C41 -> 7.6549314e-08 | K41: =(J17/$B41)*$C41 -> 5.8088515e-08 | L41: =(K17/$B41)*$C41 -> -4.8188582e-05 | M41: =SUM(D41:H41)*1000 -> 0.041624467 | N41: =SUM(D41:K41)*1000 -> 0.042004461 | O41: =SUM(D41:L41)*1000 -> -0.0061841216
A42: Material resources: metals/minerals | B42: 65000 | C42: 0.0832 | D42: =(C18/$B42)*$C42 -> 2.6481788e-10 | E42: =(D18/$B42)*$C42 -> 3.3290156e-14 | F42: =(E18/$B42)*$C42 -> 1.8391028e-11 | G42: =(F18/$B42)*$C42 -> 4.64043e-12 | H42: =(G18/$B42)*$C42 -> 3.8298041e-11 | I42: =(H18/$B42)*$C42 -> 4.2098339e-12 | J42: =(I18/$B42)*$C42 -> 2.3076989e-13 | K42: =(J18/$B42)*$C42 -> 1.7511693e-13 | L42: =(K18/$B42)*$C42 -> -1.4360236e-11 | M42: =SUM(D42:H42)*1000 -> 3.2618067e-07 | N42: =SUM(D42:K42)*1000 -> 3.3079639e-07 | O42: =SUM(D42:L42)*1000 -> 3.1643615e-07
A43: Ozone depletion | B43: 0.0536 | C43: 0.0631 | D43: =(C19/$B43)*$C43 -> 4.8395478e-08 | E43: =(D19/$B43)*$C43 -> 4.4247185e-09 | F43: =(E19/$B43)*$C43 -> 3.3434921e-07 | G43: =(F19/$B43)*$C43 -> 8.601763e-08 | H43: =(G19/$B43)*$C43 -> 2.9924485e-06 | I43: =(H19/$B43)*$C43 -> 7.8035859e-08 | J43: =(I19/$B43)*$C43 -> 3.0672485e-08 | K43: =(J19/$B43)*$C43 -> 2.3275442e-08 | L43: =(K19/$B43)*$C43 -> -1.0627294e-07 | M43: =SUM(D43:H43)*1000 -> 0.0034656355 | N43: =SUM(D43:K43)*1000 -> 0.0035976193 | O43: =SUM(D43:L43)*1000 -> 0.0034913464
A44: Particulate matter formation | B44: 0.000595 | C44: 0.0896 | D44: =(C20/$B44)*$C44 -> 0.00019177259 | E44: =(D20/$B44)*$C44 -> 2.4738054e-07 | F44: =(E20/$B44)*$C44 -> 0.00011645631 | G44: =(F20/$B44)*$C44 -> 3.0671676e-05 | H44: =(G20/$B44)*$C44 -> 1.2813296e-05 | I44: =(H20/$B44)*$C44 -> 2.7825582e-05 | J44: =(I20/$B44)*$C44 -> 1.7148607e-06 | K44: =(J20/$B44)*$C44 -> 1.3013012e-06 | L44: =(K20/$B44)*$C44 -> -0.00020952499 | M44: =SUM(D44:H44)*1000 -> 0.35196126 | N44: =SUM(D44:K44)*1000 -> 0.382803 | O44: =SUM(D44:L44)*1000 -> 0.17327801
... A46: Water use | B46: 11500 | C46: 0.0851 | D46: =(C22/$B46)*$C46 -> 2.661285e-05 | E46: =(D22/$B46)*$C46 -> 2.2188199e-08 | F46: =(E22/$B46)*$C46 -> 3.2060702e-06 | G46: =(F22/$B46)*$C46 -> 7.4540283e-07 | H46: =(G22/$B46)*$C46 -> 6.0753059e-06 | I46: =(H22/$B46)*$C46 -> 6.7623521e-07 | J46: =(I22/$B46)*$C46 -> 1.5381029e-07 | K46: =(J22/$B46)*$C46 -> 1.1671706e-07 | L46: =(K22/$B46)*$C46 -> -3.4073344e-05 | M46: =SUM(D46:H46)*1000 -> 0.036661817 | N46: =SUM(D46:K46)*1000 -> 0.03760858 | O46: =SUM(D46:L46)*1000 -> 0.0035352361
A47: Total | C47: =SUM(C28:C46) -> 1 | D47: =SUM(D28:D46)*1000 -> 2.4866622 | E47: =SUM(E28:E46)*1000 -> 0.0082057025 | F47: =SUM(F28:F46)*1000 -> 0.77406938 | G47: =SUM(G28:G46)*1000 -> 0.19325055 | H47: =SUM(H28:H46)*1000 -> 1.0409458 | I47: =SUM(I28:I46)*1000 -> 0.17531839 | J47: =SUM(J28:J46)*1000 -> 0.056882553 | K47: =SUM(K28:K46)*1000 -> 0.043164633 | L47: =SUM(L28:L46)*1000 -> -2.7324625 | M47: =+SUM(M28:M46) -> 4.5031336 | N47: =+SUM(N28:N46) -> 4.7784991 | O47: =SUM(O28:O46) -> 2.0460367
A50: Global warming impact per ton of asphalt mix per life cycle stage
A51: Same as row 5
A52: Impact category | B52: Unit | C52: A1 - Primary Material | D52: C3' - Secondary Material | E52: A2 - Transport Primary | F52: C2' - Transport Secondary | G52: A3- Production | H52: A4- Transport | I52: A5- Construction | J52: C1 - Deconstruction | K52: D- Burden & Savings | L52: Total: A1-A3,C2',C3' (excl D) | M52: Total A1-A5,C1,C2',C3' (excl. D)
A53: Climate change | B53: Global warming potential (GWP100) kgCO2-Eq | C53: ='A1 - Raw Material Supply'!F54 -> 14.605727 | D53: ='C3'' - Secondary Raw Material '!F321 -> 0.16679034 | E53: =+'A2 - Transport'!Z119 -> 12.873445 | F53: =+'C2''- Transport Secondary'!H59 -> 3.2860186 | G53: ='A3 - Production '!D207 -> 18.960239 | H53: ='A4 - Transport'!B18 -> 2.9811015 | I53: ='A5 - Construction'!E140 -> 1.1562033 | J53: ='C1 - Deconstruction'!B88 -> 0.8773708 | K53: ='D- Benefits & Burdens'!N162 -> -17.396908 | L53: =SUM(C53:G53) -> 49.89222 | M53: =SUM(C53:J53) -> 54.906896
A54: Check | B54: =+SUM(C54:M54) -> 0 | C54: =+C5-C53 -> 0 | D54: =+D5-D53 -> 0 | E54: =+E5-E53 -> 0 | F54: =+F5-F53 -> 0 | G54: =+G5-G53 -> 0 | H54: =+H5-H53 -> 0 | I54: =+I5-I53 -> 0 | J54: =+J5-J53 -> 0 | ... M54: =+M5-M53 -> 0
A56: Global warming impact per ton of mix per process (A1-A3, D)
A57: Used for Result Dashboard - Figure I-4 (bottom right) | O57: Plant
A58: Impact categories | B58: Unit/ton | C58: Aggregate | E58: Virgin binder | G58: Filler | I58: RAP | K58: Other Waste | M58: Additiv | P58: Burden & Savings
B59: Life cycle stage | C59: A1 - Primary Material | D59: A2 - Transport Primary | E59: A1 - Primary Material | F59: A2 - Transport Primary | G59: A1 - Primary Material | H59: A2 - Transport Primary | I59: C3' - Secondary Material | J59: C2' - Transport Secondary | K59: C3' - Secondary Material | L59: C2' - Transport Secondary | M59: A1 - Primary Material | N59: A2 - Transport Primary | O59: A3 - Production | P59: D - Burden & Savings
A60: Climate change | B60: Global warming potential (GWP100) kgCO2-Eq | C60: ='A1 - Raw Material Supply'!K115 -> 2.0850272 | D60: ='A2 - Transport'!L119 -> 11.136837 | E60: ='A1 - Raw Material Supply'!O115 -> 11.7448 | F60: ='A2 - Transport'!B119 -> 0.92165995 | G60: ='A1 - Raw Material Supply'!N115 -> 0.12166438 | H60: ='A2 - Transport'!O119 -> 0.16588838 | I60: ='C3'' - Secondary Raw Material '!B321 -> 0.16679034 | J60: ='C2''- Transport Secondary'!$D$59 -> 3.2860186 | K60: ='C3'' - Secondary Raw Material '!C321+'C3'' - Secondary Raw Material '!D321+'C3'' - Secondary Raw Material '!E321 -> 0 | L60: ='C2''- Transport Secondary'!$G$59 -> 0 | M60: ='A1 - Raw Material Supply'!Y$115 -> 0.65423526 | N60: ='A2 - Transport'!$Y$119 -> 0.6490601 | O60: ='A3 - Production '!D207 -> 18.960239 | P60: ='D- Benefits & Burdens'!N162 -> -17.396908
A61: Check | B61: =+SUM(C60:O60)-SUM(C53:G53) -> 0
A63: Environmental impacts per ton of mix per process
A65: Impact categories | B65: Unit/ton | C65: Aggregates | F65: Virgin binder | I65: Filler | L65: RAP | O65: Other Waste | R65: Additives | U65: Asphalt Plant | V65: Transport- Asphalt Mix | W65: Construction: Paver | X65: Construction: Excavator | Y65: Construction: Roller | Z65: Total Construction | AA65: Total Deconstruction | AB65: Burdens | AD65: Total Burdens | AE65: Savings | AM65: Total Savings | AN65: Total Module D
B66: Life cycle stage | C66: A1 | D66: A2 | E66: Total | F66: A1 | G66: A2 | H66: Total | I66: A1 | J66: A2 | K66: Total | L66: C3' | M66: C2' | N66: Total | O66: C3' | P66: C2' | Q66: Total | R66: A1 | S66: A2 | T66: Total | U66: A3 | V66: A4 | W66: A5 | X66: A5 | Y66: A5 | AB66: A2' - Tansport | AC66: C3' - Waste processing | AE66: Avoided binder | AF66: Avoided filler | AG66: Avoided aggregate | AH66: Avoided sand | AI66: Transport: Avoided binder | AJ66: Transport: Avoided filler | AK66: Transport: Avoided aggregate | AL66: Transport: Avoided sand
A67: Acidification | B67: accumulated exceedance (AE) mol H+ -eq | C67: ='A1 - Raw Material Supply'!K114 -> 0.031803157 | D67: ='A2 - Transport'!L118 -> 0.020990374 | E67: =SUM(C67:D67) -> 0.052793532 | F67: ='A1 - Raw Material Supply'!O114 -> 0.0381152 | G67: ='A2 - Transport'!B118 -> 0.001374389 | H67: =SUM(F67:G67) -> 0.039489589 | I67: ='A1 - Raw Material Supply'!N114 -> 0.00093081697 | J67: ='A2 - Transport'!O118 -> 0.00024737449 | K67: =SUM(I67:J67) -> 0.0011781915 | L67: ='C3'' - Secondary Raw Material '!B320 -> 0.00021323931 | M67: ='C2''- Transport Secondary'!D58 -> 0.0049001454 | N67: =SUM(L67:M67) -> 0.0051133847 | O67: ='C3'' - Secondary Raw Material '!C320+'C3'' - Secondary Raw Material '!D320+'C3'' - Secondary Raw Material '!E320 -> 0 | P67: ='C2''- Transport Secondary'!G58 -> 0 | Q67: =SUM(O67:P67) -> 0 | R67: ='A1 - Raw Material Supply'!Y114 -> 0.0052168552 | S67: ='A2 - Transport'!Y118 -> 0.00096788524 | T67: =SUM(R67:S67) -> 0.0061847404 | U67: ='A3 - Production '!D206 -> 0.019088517 | V67: ='A4 - Transport'!B17 -> 0.0044454498 | W67: ='A5 - Construction'!B139 -> 0.00052131187 | X67: ='A5 - Construction'!C139 -> 0.000701015 | Y67: ='A5 - Construction'!D139 -> 0.00025586425 | Z67: =SUM(W67:Y67) -> 0.0014781911 | AA67: ='C1 - Deconstruction'!B87 -> 0.0011217073 | AB67: ='D- Benefits & Burdens'!B161 -> 0.021384197 | AC67: ='D- Benefits & Burdens'!C161 -> 0.00097208323 | AD67: =SUM(AB67:AC67) -> 0.02235628 | AE67: ='D- Benefits & Burdens'!D161 -> -0.040179888 | AF67: ='D- Benefits & Burdens'!E161 -> -0.0072480856 | AG67: ='D- Benefits & Burdens'!F161 -> -0.014655669 | AH67: ='D- Benefits & Burdens'!G161 -> -0.0089310864 | AI67: ='D- Benefits & Burdens'!H161 -> -0.0027097385 | AJ67: ='D- Benefits & Burdens'!I161 -> -0.0036026422 | AK67: ='D- Benefits & Burdens'!J161 -> -0.015256924 | AL67: ='D- Benefits & Burdens'!K161 -> -0.0081704103 | AM67: =SUM(AE67:AL67) -> -0.10075444 | AN67: =AD67+AM67 -> -0.078398164
A68: Climate change | B68: global warming potential (GWP100) kgCO2-Eq | C68: ='A1 - Raw Material Supply'!K115 -> 2.0850272 | D68: ='A2 - Transport'!L119 -> 11.136837 | E68: =SUM(C68:D68) -> 13.221864 | F68: ='A1 - Raw Material Supply'!O115 -> 11.7448 | G68: ='A2 - Transport'!B119 -> 0.92165995 | H68: =SUM(F68:G68) -> 12.66646 | I68: ='A1 - Raw Material Supply'!N115 -> 0.12166438 | J68: ='A2 - Transport'!O119 -> 0.16588838 | K68: =SUM(I68:J68) -> 0.28755276 | L68: ='C3'' - Secondary Raw Material '!B321 -> 0.16679034 | M68: ='C2''- Transport Secondary'!D59 -> 3.2860186 | N68: =SUM(L68:M68) -> 3.4528089 | O68: ='C3'' - Secondary Raw Material '!C321+'C3'' - Secondary Raw Material '!D321+'C3'' - Secondary Raw Material '!E321 -> 0 | P68: ='C2''- Transport Secondary'!G59 -> 0 | Q68: =SUM(O68:P68) -> 0 | R68: ='A1 - Raw Material Supply'!Y115 -> 0.65423526 | S68: ='A2 - Transport'!Y119 -> 0.6490601 | T68: =SUM(R68:S68) -> 1.3032954 | U68: ='A3 - Production '!D207 -> 18.960239 | V68: ='A4 - Transport'!B18 -> 2.9811015 | W68: ='A5 - Construction'!B140 -> 0.40775682 | X68: ='A5 - Construction'!C140 -> 0.54831601 | Y68: ='A5 - Construction'!D140 -> 0.20013048 | Z68: =SUM(W68:Y68) -> 1.1562033 | AA68: ='C1 - Deconstruction'!B88 -> 0.8773708 | AB68: ='D- Benefits & Burdens'!B162 -> 7.8166763 | AC68: ='D- Benefits & Burdens'!C162 -> 0.76033865 | AD68: =SUM(AB68:AC68) -> 8.577015 | AE68: ='D- Benefits & Burdens'!D162 -> -12.381012 | AF68: ='D- Benefits & Burdens'!E162 -> -0.94737621 | AG68: ='D- Benefits & Burdens'!F162 -> -0.7616068 | AH68: ='D- Benefits & Burdens'!G162 -> -1.0130155 | AI68: ='D- Benefits & Burdens'!H162 -> -0.99050476 | AJ68: ='D- Benefits & Burdens'!I162 -> -1.3168925 | AK68: ='D- Benefits & Burdens'!J162 -> -5.5769424 | AL68: ='D- Benefits & Burdens'!K162 -> -2.9865724 | AM68: =SUM(AE68:AL68) -> -25.973923 | AN68: =AD68+AM68 -> -17.396908
A69: Climate change: biogenic | B69: global warming potential (GWP100) kgCO2-Eq | C69: ='A1 - Raw Material Supply'!K116 -> 0.0037755165 | D69: ='A2 - Transport'!L120 -> 0.0050893524 | E69: =SUM(C69:D69) -> 0.0088648689 | F69: ='A1 - Raw Material Supply'!O116 -> 0.046536 | G69: ='A2 - Transport'!B120 -> 0.00043074295 | H69: =SUM(F69:G69) -> 0.046966743 | I69: ='A1 - Raw Material Supply'!N116 -> 0.0018973974 | J69: ='A2 - Transport'!O120 -> 7.7528863e-05 | K69: =SUM(I69:J69) -> 0.0019749263 | L69: ='C3'' - Secondary Raw Material '!B322 -> 3.4471332e-05 | M69: ='C2''- Transport Secondary'!D60 -> 0.0015357392 | N69: =SUM(L69:M69) -> 0.0015702105 | O69: ='C3'' - Secondary Raw Material '!C322+'C3'' - Secondary Raw Material '!D322+'C3'' - Secondary Raw Material '!E322 -> 0 | P69: ='C2''- Transport Secondary'!G60 -> 0 | Q69: =SUM(O69:P69) -> 0 | R69: ='A1 - Raw Material Supply'!Y116 -> 0.10686811 | S69: ='A2 - Transport'!Y120 -> 0.00030334188 | T69: =SUM(R69:S69) -> 0.10717145 | U69: ='A3 - Production '!D208 -> 0.0064771325 | V69: ='A4 - Transport'!B19 -> 0.0013932345 | W69: ='A5 - Construction'!B141 -> 8.4272991e-05 | X69: ='A5 - Construction'!C141 -> 0.00011332301 | Y69: ='A5 - Construction'!D141 -> 4.1361893e-05 | Z69: =SUM(W69:Y69) -> 0.0002389579 | AA69: ='C1 - Deconstruction'!B89 -> 0.00018133029 | AB69: ='D- Benefits & Burdens'!B163 -> 0.003612782 | AC69: ='D- Benefits & Burdens'!C163 -> 0.00015714271 | AD69: =SUM(AB69:AC69) -> 0.0037699248 | AE69: ='D- Benefits & Burdens'!D163 -> -0.04905684 | AF69: ='D- Benefits & Burdens'!E163 -> -0.014774654 | AG69: ='D- Benefits & Burdens'!F163 -> -0.0023475425 | AH69: ='D- Benefits & Burdens'!G163 -> 0.00024371336 | AI69: ='D- Benefits & Burdens'!H163 -> -0.00045780043 | AJ69: ='D- Benefits & Burdens'!I163 -> -0.00060865324 | AK69: ='D- Benefits & Burdens'!J163 -> -0.0025776016 | AL69: ='D- Benefits & Burdens'!K163 -> -0.001380361 | AM69: =SUM(AE69:AL69) -> -0.070959739 | AN69: =AD69+AM69 -> -0.067189815
A70: Climate change: fossil | B70: global warming potential (GWP100) kgCO2-Eq | C70: ='A1 - Raw Material Supply'!K117 -> 2.0807188 | D70: ='A2 - Transport'!L121 -> 11.130351 | E70: =SUM(C70:D70) -> 13.21107 | F70: ='A1 - Raw Material Supply'!O117 -> 11.70048 | G70: ='A2 - Transport'!B121 -> 0.9211559 | H70: =SUM(F70:G70) -> 12.621636 | I70: ='A1 - Raw Material Supply'!N117 -> 0.11956136 | J70: ='A2 - Transport'!O121 -> 0.16579765 | K70: =SUM(I70:J70) -> 0.28535902 | L70: ='C3'' - Secondary Raw Material '!B323 -> 0.16674849 | M70: ='C2''- Transport Secondary'!D61 -> 3.2842215 | N70: =SUM(L70:M70) -> 3.45097 | O70: ='C3'' - Secondary Raw Material '!C323+'C3'' - Secondary Raw Material '!D323+'C3'' - Secondary Raw Material '!E323 -> 0 | P70: ='C2''- Transport Secondary'!G61 -> 0 | Q70: =SUM(O70:P70) -> 0 | R70: ='A1 - Raw Material Supply'!Y117 -> 0.54691622 | S70: ='A2 - Transport'!Y121 -> 0.64870514 | T70: =SUM(R70:S70) -> 1.1956214 | U70: ='A3 - Production '!D209 -> 18.9503 | V70: ='A4 - Transport'!B20 -> 2.9794711 | W70: ='A5 - Construction'!B142 -> 0.40765451 | X70: ='A5 - Construction'!C142 -> 0.54817844 | Y70: ='A5 - Construction'!D142 -> 0.20008027 | Z70: =SUM(W70:Y70) -> 1.1559132 | AA70: ='C1 - Deconstruction'!B90 -> 0.87715067 | AB70: ='D- Benefits & Burdens'!B164 -> 7.8124489 | AC70: ='D- Benefits & Burdens'!C164 -> 0.76014788 | AD70: =SUM(AB70:AC70) -> 8.5725968 | AE70: ='D- Benefits & Burdens'!D164 -> -12.334291 | AF70: ='D- Benefits & Burdens'!E164 -> -0.93100043 | AG70: ='D- Benefits & Burdens'!F164 -> -0.7590089 | AH70: ='D- Benefits & Burdens'!G164 -> -1.0131198 | AI70: ='D- Benefits & Burdens'!H164 -> -0.98996907 | AJ70: ='D- Benefits & Burdens'!I164 -> -1.3161803 | AK70: ='D- Benefits & Burdens'!J164 -> -5.5739263 | AL70: ='D- Benefits & Burdens'!K164 -> -2.9849572 | AM70: =SUM(AE70:AL70) -> -25.902453 | AN70: =AD70+AM70 -> -17.329856
A71: Land use and land use change | B71: global warming potential (GWP100) kgCO2-Eq | C71: ='A1 - Raw Material Supply'!K118 -> 0.00053292283 | D71: ='A2 - Transport'!L122 -> 0.0013961828 | E71: =SUM(C71:D71) -> 0.0019291056 | F71: ='A1 - Raw Material Supply'!O118 -> 0.0058724 | G71: ='A2 - Transport'!B122 -> 7.3308449e-05 | H71: =SUM(F71:G71) -> 0.0059457084 | I71: ='A1 - Raw Material Supply'!N118 -> 0.00020562003 | J71: ='A2 - Transport'!O122 -> 1.3194692e-05 | K71: =SUM(I71:J71) -> 0.00021881472 | L71: ='C3'' - Secondary Raw Material '!B324 -> 7.3759045e-06 | M71: ='C2''- Transport Secondary'!D62 -> 0.00026136855 | N71: =SUM(L71:M71) -> 0.00026874445 | O71: ='C3'' - Secondary Raw Material '!C324+'C3'' - Secondary Raw Material '!D324+'C3'' - Secondary Raw Material '!E324 -> 0 | P71: ='C2''- Transport Secondary'!G62 -> 0 | Q71: =SUM(O71:P71) -> 0 | R71: ='A1 - Raw Material Supply'!Y118 -> 0.00045093023 | S71: ='A2 - Transport'!Y122 -> 5.1625971e-05 | T71: =SUM(R71:S71) -> 0.00050255621 | U71: ='A3 - Production '!D210 -> 0.0034616186 | V71: ='A4 - Transport'!B21 -> 0.00023711557 | W71: ='A5 - Construction'!B143 -> 1.8032072e-05 | X71: ='A5 - Construction'!C143 -> 2.4247966e-05 | Y71: ='A5 - Construction'!D143 -> 8.8502926e-06 | Z71: =SUM(W71:Y71) -> 5.1130331e-05 | AA71: ='C1 - Deconstruction'!B91 -> 3.8799629e-05 | AB71: ='D- Benefits & Burdens'!B165 -> 0.00061461267 | AC71: ='D- Benefits & Burdens'!C165 -> 3.3624161e-05 | AD71: =SUM(AB71:AC71) -> 0.00064823683 | AE71: ='D- Benefits & Burdens'!D165 -> -0.006190506 | AF71: ='D- Benefits & Burdens'!E165 -> -0.001601122 | AG71: ='D- Benefits & Burdens'!F165 -> -0.00025036189 | AH71: ='D- Benefits & Burdens'!G165 -> -0.00013940481 | AI71: ='D- Benefits & Burdens'!H165 -> -7.7881794e-05 | AJ71: ='D- Benefits & Burdens'!I165 -> -0.00010354513 | AK71: ='D- Benefits & Burdens'!J165 -> -0.000438506 | AL71: ='D- Benefits & Burdens'!K165 -> -0.00023482938 | AM71: =SUM(AE71:AL71) -> -0.009036157 | AN71: =AD71+AM71 -> -0.0083879202
A72: Ecotoxicity: freshwater | B72: comparative toxic unit for ecosystems (CTUe) | C72: ='A1 - Raw Material Supply'!K119 -> 13.399997 | D72: ='A2 - Transport'!L123 -> 9.6577064 | E72: =SUM(C72:D72) -> 23.057703 | F72: ='A1 - Raw Material Supply'!O119 -> 631.56 | G72: ='A2 - Transport'!B123 -> 0.79160206 | H72: =SUM(F72:G72) -> 632.3516 | I72: ='A1 - Raw Material Supply'!N119 -> 0.37977549 | J72: ='A2 - Transport'!O123 -> 0.14247943 | K72: =SUM(I72:J72) -> 0.52225491 | L72: ='C3'' - Secondary Raw Material '!B325 -> 0.073693079 | M72: ='C2''- Transport Secondary'!D63 -> 2.8223197 | N72: =SUM(L72:M72) -> 2.8960128 | O72: ='C3'' - Secondary Raw Material '!C325+'C3'' - Secondary Raw Material '!D325+'C3'' - Secondary Raw Material '!E325 -> 0 | P72: ='C2''- Transport Secondary'!G63 -> 0 | Q72: =SUM(O72:P72) -> 0 | R72: ='A1 - Raw Material Supply'!Y119 -> 2.7323847 | S72: ='A2 - Transport'!Y123 -> 0.5574695 | T72: =SUM(R72:S72) -> 3.2898542 | U72: ='A3 - Production '!D211 -> 10.578127 | V72: ='A4 - Transport'!B22 -> 2.5604303 | W72: ='A5 - Construction'!B144 -> 0.18015945 | X72: ='A5 - Construction'!C144 -> 0.2422628 | Y72: ='A5 - Construction'!D144 -> 0.088423774 | Z72: =SUM(W72:Y72) -> 0.51084603 | AA72: ='C1 - Deconstruction'!B92 -> 0.38764929 | AB72: ='D- Benefits & Burdens'!B166 -> 6.6430288 | AC72: ='D- Benefits & Burdens'!C166 -> 0.3359409 | AD72: =SUM(AB72:AC72) -> 6.9789697 | AE72: ='D- Benefits & Burdens'!D166 -> -665.7714 | AF72: ='D- Benefits & Burdens'!E166 -> -2.9572358 | AG72: ='D- Benefits & Burdens'!F166 -> -7.5255545 | AH72: ='D- Benefits & Burdens'!G166 -> -0.86515576 | AI72: ='D- Benefits & Burdens'!H166 -> -0.84178381 | AJ72: ='D- Benefits & Burdens'!I166 -> -1.1191655 | AK72: ='D- Benefits & Burdens'!J166 -> -4.7395834 | AL72: ='D- Benefits & Burdens'!K166 -> -2.5381486 | AM72: =SUM(AE72:AL72) -> -686.35803 | AN72: =AD72+AM72 -> -679.37906
A73: Energy resources: non-renewable | B73: abiotic depletion potential (ADP): fossil fuels MJ, net calorific value | C73: ='A1 - Raw Material Supply'!K120 -> 28.60961 | D73: ='A2 - Transport'!L124 -> 149.17213 | E73: =SUM(C73:D73) -> 177.78174 | F73: ='A1 - Raw Material Supply'!O120 -> 1014.928 | G73: ='A2 - Transport'!B124 -> 12.404585 | H73: =SUM(F73:G73) -> 1027.3326 | I73: ='A1 - Raw Material Supply'!N120 -> 2.0373321 | J73: ='A2 - Transport'!O124 -> 2.2326851 | K73: =SUM(I73:J73) -> 4.2700172 | L73: ='C3'' - Secondary Raw Material '!B326 -> 2.2154215 | M73: ='C2''- Transport Secondary'!D64 -> 44.226394 | N73: =SUM(L73:M73) -> 46.441815 | O73: ='C3'' - Secondary Raw Material '!C326+'C3'' - Secondary Raw Material '!D326+'C3'' - Secondary Raw Material '!E326 -> 0 | P73: ='C2''- Transport Secondary'!G64 -> 0 | Q73: =SUM(O73:P73) -> 0 | R73: ='A1 - Raw Material Supply'!Y120 -> 7.5519829 | S73: ='A2 - Transport'!Y124 -> 8.7356742 | T73: =SUM(R73:S73) -> 16.287657 | U73: ='A3 - Production '!D212 -> 355.33723 | V73: ='A4 - Transport'!B23 -> 40.122526 | W73: ='A5 - Construction'!B145 -> 5.4161005 | X73: ='A5 - Construction'!C145 -> 7.2831023 | Y73: ='A5 - Construction'!D145 -> 2.6582677 | Z73: =SUM(W73:Y73) -> 15.357471 | AA73: ='C1 - Deconstruction'!B93 -> 11.65383 | AB73: ='D- Benefits & Burdens'!B167 -> 105.09788 | AC73: ='D- Benefits & Burdens'!C167 -> 10.09933 | AD73: =SUM(AB73:AC73) -> 115.19721 | AE73: ='D- Benefits & Burdens'!D167 -> -1069.9063 | AF73: ='D- Benefits & Burdens'!E167 -> -15.864298 | AG73: ='D- Benefits & Burdens'!F167 -> -10.791774 | AH73: ='D- Benefits & Burdens'!G167 -> -13.16744 | AI73: ='D- Benefits & Burdens'!H167 -> -13.317675 | AJ73: ='D- Benefits & Burdens'!I167 -> -17.706069 | AK73: ='D- Benefits & Burdens'!J167 -> -74.983896 | AL73: ='D- Benefits & Burdens'!K167 -> -40.155486 | AM73: =SUM(AE73:AL73) -> -1255.893 | AN73: =AD73+AM73 -> -1140.6957
A74: Eutrophication: freshwater | B74: fraction of nutrients reaching freshwater end compartment (P) | C74: ='A1 - Raw Material Supply'!K121 -> 0.00013109461 | D74: ='A2 - Transport'!L125 -> 0.00029999923 | E74: =SUM(C74:D74) -> 0.00043109384 | F74: ='A1 - Raw Material Supply'!O121 -> 9.8612e-06 | G74: ='A2 - Transport'!B125 -> 2.1497522e-05 | H74: =SUM(F74:G74) -> 3.1358722e-05 | I74: ='A1 - Raw Material Supply'!N121 -> 7.3105915e-05 | J74: ='A2 - Transport'!O125 -> 3.869311e-06 | K74: =SUM(I74:J74) -> 7.6975226e-05 | L74: ='C3'' - Secondary Raw Material '!B327 -> 1.7631993e-06 | M74: ='C2''- Transport Secondary'!D65 -> 7.6645683e-05 | N74: =SUM(L74:M74) -> 7.8408882e-05 | O74: ='C3'' - Secondary Raw Material '!C327+'C3'' - Secondary Raw Material '!D327+'C3'' - Secondary Raw Material '!E327 -> 0 | P74: ='C2''- Transport Secondary'!G65 -> 0 | Q74: =SUM(O74:P74) -> 0 | R74: ='A1 - Raw Material Supply'!Y121 -> 0.00017251446 | S74: ='A2 - Transport'!Y125 -> 1.5139189e-05 | T74: =SUM(R74:S74) -> 0.00018765364 | U74: ='A3 - Production '!D213 -> 0.00067523477 | V74: ='A4 - Transport'!B24 -> 6.9533556e-05 | W74: ='A5 - Construction'!B146 -> 4.3105407e-06 | X74: ='A5 - Construction'!C146 -> 5.7964413e-06 | Y74: ='A5 - Construction'!D146 -> 2.1156496e-06 | Z74: =SUM(W74:Y74) -> 1.2222632e-05 | AA74: ='C1 - Deconstruction'!B94 -> 9.2749952e-06 | AB74: ='D- Benefits & Burdens'!B168 -> 0.0001798209 | AC74: ='D- Benefits & Burdens'!C168 -> 8.0378072e-06 | AD74: =SUM(AB74:AC74) -> 0.00018785871 | AE74: ='D- Benefits & Burdens'!D168 -> -1.0395378e-05 | AF74: ='D- Benefits & Burdens'!E168 -> -0.00056926114 | AG74: ='D- Benefits & Burdens'!F168 -> -5.6275216e-05 | AH74: ='D- Benefits & Burdens'!G168 -> -4.5690198e-05 | AI74: ='D- Benefits & Burdens'!H168 -> -2.2786342e-05 | AJ74: ='D- Benefits & Burdens'!I168 -> -3.0294818e-05 | AK74: ='D- Benefits & Burdens'!J168 -> -0.00012829632 | AL74: ='D- Benefits & Burdens'!K168 -> -6.8705433e-05 | AM74: =SUM(AE74:AL74) -> -0.00093170484 | AN74: =AD74+AM74 -> -0.00074384614
A75: Eutrophication: marine | B75: fraction of nutrients reaching marine end compartment (N) kg N-Eq | C75: ='A1 - Raw Material Supply'!K122 -> 0.0121253 | D75: ='A2 - Transport'!L126 -> 0.0058182101 | E75: =SUM(C75:D75) -> 0.01794351 | F75: ='A1 - Raw Material Supply'!O122 -> 0.00983904 | G75: ='A2 - Transport'!B126 -> 0.00029956922 | H75: =SUM(F75:G75) -> 0.010138609 | I75: ='A1 - Raw Material Supply'!N122 -> 0.00021080261 | J75: ='A2 - Transport'!O126 -> 5.3919074e-05 | K75: =SUM(I75:J75) -> 0.00026472168 | L75: ='C3'' - Secondary Raw Material '!B328 -> 4.8220356e-05 | M75: ='C2''- Transport Secondary'!D66 -> 0.001068062 | N75: =SUM(L75:M75) -> 0.0011162824 | O75: ='C3'' - Secondary Raw Material '!C328+'C3'' - Secondary Raw Material '!D328+'C3'' - Secondary Raw Material '!E328 -> 0 | P75: ='C2''- Transport Secondary'!G66 -> 0 | Q75: =SUM(O75:P75) -> 0 | R75: ='A1 - Raw Material Supply'!Y122 -> 0.001030768 | S75: ='A2 - Transport'!Y126 -> 0.00021096547 | T75: =SUM(R75:S75) -> 0.0012417335 | U75: ='A3 - Production '!D214 -> 0.0049703887 | V75: ='A4 - Transport'!B25 -> 0.00096895414 | W75: ='A5 - Construction'!B147 -> 0.0001178856 | X75: ='A5 - Construction'!C147 -> 0.00015852233 | Y75: ='A5 - Construction'!D147 -> 5.7859244e-05 | Z75: =SUM(W75:Y75) -> 0.00033426717 | AA75: ='C1 - Deconstruction'!B95 -> 0.00025365457 | AB75: ='D- Benefits & Burdens'!B169 -> 0.0076726482 | AC75: ='D- Benefits & Burdens'!C169 -> 0.00021981969 | AD75: =SUM(AB75:AC75) -> 0.0078924679 | AE75: ='D- Benefits & Burdens'!D169 -> -0.010372018 | AF75: ='D- Benefits & Burdens'!E169 -> -0.0016414777 | AG75: ='D- Benefits & Burdens'!F169 -> -0.0052644061 | AH75: ='D- Benefits & Burdens'!G169 -> -0.0040986454 | AI75: ='D- Benefits & Burdens'!H169 -> -0.00097225396 | AJ75: ='D- Benefits & Burdens'!I169 -> -0.0012926277 | AK75: ='D- Benefits & Burdens'!J169 -> -0.0054741831 | AL75: ='D- Benefits & Burdens'!K169 -> -0.0029315425 | AM75: =SUM(AE75:AL75) -> -0.032047154 | AN75: =AD75+AM75 -> -0.024154686
A76: Eutrophication: terrestrial | B76: accumulated exceedance (AE) mol N-Eq | C76: ='A1 - Raw Material Supply'!K123 -> 0.15955034 | D76: ='A2 - Transport'!L127 -> 0.063239589 | E76: =SUM(C76:D76) -> 0.22278993 | F76: ='A1 - Raw Material Supply'!O123 -> 0.1076976 | G76: ='A2 - Transport'!B127 -> 0.0032425657 | H76: =SUM(F76:G76) -> 0.11094017 | I76: ='A1 - Raw Material Supply'!N123 -> 0.0024985976 | J76: ='A2 - Transport'!O127 -> 0.00058362518 | K76: =SUM(I76:J76) -> 0.0030822227 | L76: ='C3'' - Secondary Raw Material '!B329 -> 0.00052421469 | M76: ='C2''- Transport Secondary'!D67 -> 0.011560805 | N76: =SUM(L76:M76) -> 0.01208502 | O76: ='C3'' - Secondary Raw Material '!C329+'C3'' - Secondary Raw Material '!D329+'C3'' - Secondary Raw Material '!E329 -> 0 | P76: ='C2''- Transport Secondary'!G67 -> 0 | Q76: =SUM(O76:P76) -> 0 | R76: ='A1 - Raw Material Supply'!Y123 -> 0.010579232 | S76: ='A2 - Transport'!Y127 -> 0.0022835103 | T76: =SUM(R76:S76) -> 0.012862742 | U76: ='A3 - Production '!D215 -> 0.053551285 | V76: ='A4 - Transport'!B26 -> 0.010488052 | W76: ='A5 - Construction'!B148 -> 0.0012815617 | X76: ='A5 - Construction'!C148 -> 0.0017233331 | Y76: ='A5 - Construction'!D148 -> 0.00062900128 | Z76: =SUM(W76:Y76) -> 0.0036338961 | AA76: ='C1 - Deconstruction'!B96 -> 0.0027575378 | AB76: ='D- Benefits & Burdens'!B170 -> 0.083696896 | AC76: ='D- Benefits & Burdens'!C170 -> 0.0023897109 | AD76: =SUM(AB76:AC76) -> 0.086086607 | AE76: ='D- Benefits & Burdens'!D170 -> -0.11353154 | AF76: ='D- Benefits & Burdens'!E170 -> -0.019456079 | AG76: ='D- Benefits & Burdens'!F170 -> -0.073426905 | AH76: ='D- Benefits & Burdens'!G170 -> -0.045015356 | AI76: ='D- Benefits & Burdens'!H170 -> -0.010605809 | AJ76: ='D- Benefits & Burdens'!I170 -> -0.014100598 | AK76: ='D- Benefits & Burdens'!J170 -> -0.059714993 | AL76: ='D- Benefits & Burdens'!K170 -> -0.031978661 | AM76: =SUM(AE76:AL76) -> -0.36782995 | AN76: =AD76+AM76 -> -0.28174334
A77: Human toxicity: carcinogenic | B77: comparative toxic unit for human (CTUh) | C77: ='A1 - Raw Material Supply'!K124 -> 3.258267e-10 | D77: ='A2 - Transport'!L128 -> 1.0149754e-09 | E77: =SUM(C77:D77) -> 1.3408021e-09 | F77: ='A1 - Raw Material Supply'!O124 -> 1.099136e-08 | G77: ='A2 - Transport'!B128 -> 8.1687553e-11 | H77: =SUM(F77:G77) -> 1.1073048e-08 | I77: ='A1 - Raw Material Supply'!N124 -> 2.5071045e-11 | J77: ='A2 - Transport'!O128 -> 1.4702837e-11 | K77: =SUM(I77:J77) -> 3.9773881e-11 | L77: ='C3'' - Secondary Raw Material '!B330 -> 1.0192647e-11 | M77: ='C2''- Transport Secondary'!D68 -> 2.9124279e-10 | N77: =SUM(L77:M77) -> 3.0143544e-10 | O77: ='C3'' - Secondary Raw Material '!C330+'C3'' - Secondary Raw Material '!D330+'C3'' - Secondary Raw Material '!E330 -> 0 | P77: ='C2''- Transport Secondary'!G68 -> 0 | Q77: =SUM(O77:P77) -> 0 | R77: ='A1 - Raw Material Supply'!Y124 -> 3.4322818e-10 | S77: ='A2 - Transport'!Y128 -> 5.7526782e-11 | T77: =SUM(R77:S77) -> 4.0075496e-10 | U77: ='A3 - Production '!D216 -> 1.8958767e-09 | V77: ='A4 - Transport'!B27 -> 2.6421771e-10 | W77: ='A5 - Construction'!B149 -> 2.4918237e-11 | X77: ='A5 - Construction'!C149 -> 3.3507885e-11 | Y77: ='A5 - Construction'!D149 -> 1.2230081e-11 | Z77: =SUM(W77:Y77) -> 7.0656203e-11 | AA77: ='C1 - Deconstruction'!B97 -> 5.36166e-11 | AB77: ='D- Benefits & Burdens'!B171 -> 7.3063893e-10 | AC77: ='D- Benefits & Burdens'!C171 -> 4.6464702e-11 | AD77: =SUM(AB77:AC77) -> 7.7710363e-10 | AE77: ='D- Benefits & Burdens'!D171 -> -1.1586758e-08 | AF77: ='D- Benefits & Burdens'!E171 -> -1.9522321e-10 | AG77: ='D- Benefits & Burdens'!F171 -> -1.372537e-10 | AH77: ='D- Benefits & Burdens'!G171 -> -1.1917001e-10 | AI77: ='D- Benefits & Burdens'!H171 -> -9.2584278e-11 | AJ77: ='D- Benefits & Burdens'!I171 -> -1.2309233e-10 | AK77: ='D- Benefits & Burdens'!J171 -> -5.2128693e-10 | AL77: ='D- Benefits & Burdens'!K171 -> -2.7916034e-10 | AM77: =SUM(AE77:AL77) -> -1.3054529e-08 | AN77: =AD77+AM77 -> -1.2277426e-08
A78: Human toxicity: non-carcinogenic | B78: comparative toxic unit for human (CTUh) | C78: ='A1 - Raw Material Supply'!K125 -> 7.6706463e-09 | D78: ='A2 - Transport'!L129 -> 7.7766785e-08 | E78: =SUM(C78:D78) -> 8.5437432e-08 | F78: ='A1 - Raw Material Supply'!O125 -> 3.16888e-07 | G78: ='A2 - Transport'!B129 -> 6.6465011e-09 | H78: =SUM(F78:G78) -> 3.235345e-07 | I78: ='A1 - Raw Material Supply'!N125 -> 9.5260511e-10 | J78: ='A2 - Transport'!O129 -> 1.1962951e-09 | K78: =SUM(I78:J78) -> 2.1489002e-09 | L78: ='C3'' - Secondary Raw Material '!B331 -> 2.7167564e-10 | M78: ='C2''- Transport Secondary'!D69 -> 2.3696946e-08 | N78: =SUM(L78:M78) -> 2.3968622e-08 | O78: ='C3'' - Secondary Raw Material '!C331+'C3'' - Secondary Raw Material '!D331+'C3'' - Secondary Raw Material '!E331 -> 0 | P78: ='C2''- Transport Secondary'!G69 -> 0 | Q78: =SUM(O78:P78) -> 0 | R78: ='A1 - Raw Material Supply'!Y125 -> 1.5195627e-08 | S78: ='A2 - Transport'!Y129 -> 4.680662e-09 | T78: =SUM(R78:S78) -> 1.9876289e-08 | U78: ='A3 - Production '!D217 -> 3.7539188e-08 | V78: ='A4 - Transport'!B28 -> 2.1498053e-08 | W78: ='A5 - Construction'!B150 -> 6.6417272e-10 | X78: ='A5 - Construction'!C150 -> 8.9312188e-10 | Y78: ='A5 - Construction'!D150 -> 3.2598156e-10 | Z78: =SUM(W78:Y78) -> 1.8832762e-09 | AA78: ='C1 - Deconstruction'!B98 -> 1.4291012e-09 | AB78: ='D- Benefits & Burdens'!B172 -> 5.6020755e-08 | AC78: ='D- Benefits & Burdens'!C172 -> 1.2384739e-09 | AD78: =SUM(AB78:AC78) -> 5.7259229e-08 | AE78: ='D- Benefits & Burdens'!D172 -> -3.3405372e-07 | AF78: ='D- Benefits & Burdens'!E172 -> -7.4177454e-09 | AG78: ='D- Benefits & Burdens'!F172 -> -3.6435167e-09 | AH78: ='D- Benefits & Burdens'!G172 -> -1.9208638e-09 | AI78: ='D- Benefits & Burdens'!H172 -> -7.0987747e-09 | AJ78: ='D- Benefits & Burdens'!I172 -> -9.4379384e-09 | AK78: ='D- Benefits & Burdens'!J172 -> -3.9968973e-08 | AL78: ='D- Benefits & Burdens'!K172 -> -2.1404243e-08 | AM78: =SUM(AE78:AL78) -> -4.2494578e-07 | AN78: =AD78+AM78 -> -3.6768655e-07
... A85: Water use | B85: user deprivation potential (deprivation-weighted water consumption) m3 world eq deprived | C85: ='A1 - Raw Material Supply'!K132 -> 2.8524174 | D85: ='A2 - Transport'!L136 -> 0.38001847 | E85: =SUM(C85:D85) -> 3.2324359 | F85: ='A1 - Raw Material Supply'!O132 -> 0.1597736 | G85: ='A2 - Transport'!B136 -> 0.028252704 | H85: =SUM(F85:G85) -> 0.1880263 | I85: ='A1 - Raw Material Supply'!N132 -> 0.25392573 | J85: ='A2 - Transport'!O136 -> 0.0050851675 | K85: =SUM(I85:J85) -> 0.2590109 | L85: ='C3'' - Secondary Raw Material '!B338 -> 0.0029984053 | M85: ='C2''- Transport Secondary'!D76 -> 0.10073011 | N85: =SUM(L85:M85) -> 0.10372852 | O85: ='C3'' - Secondary Raw Material '!C338+'C3'' - Secondary Raw Material '!D338+'C3'' - Secondary Raw Material '!E338 -> 0 | P85: ='C2''- Transport Secondary'!G76 -> 0 | Q85: =SUM(O85:P85) -> 0 | R85: ='A1 - Raw Material Supply'!Y132 -> 0.33021434 | S85: ='A2 - Transport'!Y136 -> 0.019896387 | T85: =SUM(R85:S85) -> 0.35011073 | U85: ='A3 - Production '!D224 -> 0.82098728 | V85: ='A4 - Transport'!B35 -> 0.091383136 | W85: ='A5 - Construction'!B157 -> 0.007330282 | X85: ='A5 - Construction'!C157 -> 0.0098571276 | Y85: ='A5 - Construction'!D157 -> 0.0035977641 | Z85: =SUM(W85:Y85) -> 0.020785174 | AA85: ='C1 - Deconstruction'!B105 -> 0.015772576 | AB85: ='D- Benefits & Burdens'!B179 -> 0.23721299 | AC85: ='D- Benefits & Burdens'!C179 -> 0.013668678 | AD85: =SUM(AB85:AC85) -> 0.25088167 | AE85: ='D- Benefits & Burdens'!D179 -> -0.16842848 | AF85: ='D- Benefits & Burdens'!E179 -> -1.9772689 | AG85: ='D- Benefits & Burdens'!F179 -> -1.083789 | AH85: ='D- Benefits & Burdens'!G179 -> -1.2960012 | AI85: ='D- Benefits & Burdens'!H179 -> -0.030058887 | AJ85: ='D- Benefits & Burdens'!I179 -> -0.039963788 | AK85: ='D- Benefits & Burdens'!J179 -> -0.16924369 | AL85: ='D- Benefits & Burdens'!K179 -> -0.090633631 | AM85: =SUM(AE85:AL85) -> -4.8553875 | AN85: =AD85+AM85 -> -4.6045059
A86: Check | B86: =+SUM(C67:C85,F67:F85,I67:I85,R67:R85)-SUM(C4:C22)+SUM(L67:L85,O67:O85)-SUM(D4:D22)+SUM(D67:D85,G67:G85,J67:J85,S67:S85)-SUM(E4:E22)+SUM(M67:M85,P67:P85)-SUM(F4:F22)+SUM(U67:U85)-SUM(G4:G22)+SUM(V67:V85)-SUM(H4:H22)+SUM(Z67:Z85)-SUM(I4:I22)+SUM(AA67:AA85)-SUM(J4:J22)+SUM(AN67:AN85)-SUM(K4:K22) -> 0 | U86: =+SUM(U67:U85)-SUM(G4:G22) -> 0 | V86: =+SUM(V67:V85)-SUM(H4:H22) -> 0 | Z86: =+SUM(Z67:Z85)-SUM(I4:I22) -> 0 | AA86: =+SUM(AA67:AA85)-SUM(J4:J22) -> 0 | AN86: =+SUM(AN67:AN85)-SUM(K4:K22) -> 0
A89: Single score per m2 per life cycle stage
A90: The total single score per impact categories are multiplied by 1000 to convert them from Points scale to Millipoint scale
A91: Impact Categories | B91: Normalization factor [unit/person.year] | C91: Weighting factor [%] | D91: A1 - Primary Material | E91: C3' - Secondary Material | F91: A2 - Transport Primary | G91: C2' - Transport Secondary | H91: A3- Production | I91: A4- Transport | J91: A5- Construction | K91: C1 - Deconstruction | L91: D- Burdens & Savings | M91: Total: A1-A3,C2',C3' (excl D) | N91: Total A1-A5,C1,C2',C3' (excl. D) | O91: Total (incl. D)
A92: Acidification | B92: 55.6 | C92: 0.062 | D92: =((C4/$B92)*$C92)*Input!$C$31 -> 1.6285792e-05 | E92: =((D4/$B92)*$C92)*Input!$C$31 -> 4.565469e-08 | F92: =((E4/$B92)*$C92)*Input!$C$31 -> 5.0484998e-06 | G92: =((F4/$B92)*$C92)*Input!$C$31 -> 1.0491247e-06 | H92: =((G4/$B92)*$C92)*Input!$C$31 -> 4.0868653e-06 | I92: =((H4/$B92)*$C92)*Input!$C$31 -> 9.51774e-07 | J92: =((I4/$B92)*$C92)*Input!$C$31 -> 3.1648178e-07 | K92: =((J4/$B92)*$C92)*Input!$C$31 -> 2.4015835e-07 | L92: =((K4/$B92)*$C92)*Input!$C$31 -> -1.6785103e-05 | M92: =(SUM(D92:H92))*1000 -> 0.026515936 | N92: =SUM(D92:K92)*1000 -> 0.02802435 | O92: =SUM(D92:L92)*1000 -> 0.011239247
A93: Climate change | B93: 8100 | C93: 0.2106 | D93: =((C5/$B93)*$C93)*Input!$C$31 -> 7.2911789e-05 | E93: =((D5/$B93)*$C93)*Input!$C$31 -> 8.3261737e-07 | F93: =((E5/$B93)*$C93)*Input!$C$31 -> 6.4264238e-05 | G93: =((F5/$B93)*$C93)*Input!$C$31 -> 1.6403805e-05 | H93: =((G5/$B93)*$C93)*Input!$C$31 -> 9.4649514e-05 | I93: =((H5/$B93)*$C93)*Input!$C$31 -> 1.4881658e-05 | J93: =((I5/$B93)*$C93)*Input!$C$31 -> 5.7717669e-06 | K93: =((J5/$B93)*$C93)*Input!$C$31 -> 4.379835e-06 | L93: =((K5/$B93)*$C93)*Input!$C$31 -> -8.6845362e-05 | M93: =(SUM(D93:H93))*1000 -> 0.24906196 | N93: =SUM(D93:K93)*1000 -> 0.27409522 | O93: =SUM(D93:L93)*1000 -> 0.18724986
A94: Climate change: biogenic
A95: Climate change: fossil
A96: Land use and land use change
A97: Ecotoxicity: freshwater | B97: 42700 | C97: 0.0192 | D97: =((C9/$B97)*$C97)*Input!$C$31 -> 5.5949724e-05 | E97: =((D9/$B97)*$C97)*Input!$C$31 -> 6.3621117e-09 | F97: =((E9/$B97)*$C97)*Input!$C$31 -> 9.6254385e-07 | G97: =((F9/$B97)*$C97)*Input!$C$31 -> 2.4365807e-07 | H97: =((G9/$B97)*$C97)*Input!$C$31 -> 9.1323669e-07 | I97: =((H9/$B97)*$C97)*Input!$C$31 -> 2.2104848e-07 | J97: =((I9/$B97)*$C97)*Input!$C$31 -> 4.4102642e-08 | K97: =((J9/$B97)*$C97)*Input!$C$31 -> 3.3466753e-08 | L97: =((K9/$B97)*$C97)*Input!$C$31 -> -5.8652528e-05 | M97: =(SUM(D97:H97))*1000 -> 0.058075524 | N97: =SUM(D97:K97)*1000 -> 0.058374142 | O97: =SUM(D97:L97)*1000 -> -0.00027838605
A98: Energy resources: non-renewable | B98: 65000 | C98: 0.0755 | D98: =((C10/$B98)*$C98)*Input!$C$31 -> 0.00023486351 | E98: =((D10/$B98)*$C98)*Input!$C$31 -> 4.9407309e-07 | F98: =((E10/$B98)*$C98)*Input!$C$31 -> 3.8480205e-05 | G98: =((F10/$B98)*$C98)*Input!$C$31 -> 9.8631662e-06 | H98: =((G10/$B98)*$C98)*Input!$C$31 -> 7.9245669e-05 | I98: =((H10/$B98)*$C98)*Input!$C$31 -> 8.9479406e-06 | J98: =((I10/$B98)*$C98)*Input!$C$31 -> 3.4249522e-06 | K98: =((J10/$B98)*$C98)*Input!$C$31 -> 2.5989833e-06 | L98: =((K10/$B98)*$C98)*Input!$C$31 -> -0.0002543927 | M98: =(SUM(D98:H98))*1000 -> 0.36294662 | N98: =SUM(D98:K98)*1000 -> 0.3779185 | O98: =SUM(D98:L98)*1000 -> 0.1235258
A99: Eutrophication: freshwater | B99: 1.61 | C99: 0.028 | D99: =((C11/$B99)*$C99)*Input!$C$31 -> 1.2908283e-06 | E99: =((D11/$B99)*$C99)*Input!$C$31 -> 5.8875525e-09 | F99: =((E11/$B99)*$C99)*Input!$C$31 -> 1.1369915e-06 | G99: =((F11/$B99)*$C99)*Input!$C$31 -> 2.5592993e-07 | H99: =((G11/$B99)*$C99)*Input!$C$31 -> 2.254697e-06 | I99: =((H11/$B99)*$C99)*Input!$C$31 -> 2.3218161e-07 | J99: =((I11/$B99)*$C99)*Input!$C$31 -> 4.0812961e-08 | K99: =((J11/$B99)*$C99)*Input!$C$31 -> 3.0970419e-08 | L99: =((K11/$B99)*$C99)*Input!$C$31 -> -2.4837993e-06 | M99: =(SUM(D99:H99))*1000 -> 0.0049443342 | N99: =SUM(D99:K99)*1000 -> 0.0052482992 | O99: =SUM(D99:L99)*1000 -> 0.0027644999
A100: Eutrophication: marine | B100: 19.5 | C100: 0.0296 | D100: =((C12/$B100)*$C100)*Input!$C$31 -> 6.7632734e-06 | E100: =((D12/$B100)*$C100)*Input!$C$31 -> 1.4053637e-08 | F100: =((E12/$B100)*$C100)*Input!$C$31 -> 1.8602028e-06 | G100: =((F12/$B100)*$C100)*Input!$C$31 -> 3.1128257e-07 | H100: =((G12/$B100)*$C100)*Input!$C$31 -> 1.4486007e-06 | I100: =((H12/$B100)*$C100)*Input!$C$31 -> 2.8239796e-07 | J100: =((I12/$B100)*$C100)*Input!$C$31 -> 9.7420882e-08 | K100: =((J12/$B100)*$C100)*Input!$C$31 -> 7.392665e-08 | L100: =((K12/$B100)*$C100)*Input!$C$31 -> -7.0397904e-06 | M100: =(SUM(D100:H100))*1000 -> 0.010397413 | N100: =SUM(D100:K100)*1000 -> 0.010851159 | O100: =SUM(D100:L100)*1000 -> 0.0038113682
A101: Eutrophication: terrestrial | B101: 177 | C101: 0.0371 | D101: =((C13/$B101)*$C101)*Input!$C$31 -> 1.1281449e-05 | E101: =((D13/$B101)*$C101)*Input!$C$31 -> 2.1096531e-08 | F101: =((E13/$B101)*$C101)*Input!$C$31 -> 2.7908975e-06 | G101: =((F13/$B101)*$C101)*Input!$C$31 -> 4.6525382e-07 | H101: =((G13/$B101)*$C101)*Input!$C$31 -> 2.1551215e-06 | I101: =((H13/$B101)*$C101)*Input!$C$31 -> 4.2208187e-07 | J101: =((I13/$B101)*$C101)*Input!$C$31 -> 1.4624276e-07 | K101: =((J13/$B101)*$C101)*Input!$C$31 -> 1.1097454e-07 | L101: =((K13/$B101)*$C101)*Input!$C$31 -> -1.1338498e-05 | M101: =(SUM(D101:H101))*1000 -> 0.016713819 | N101: =SUM(D101:K101)*1000 -> 0.017393118 | O101: =SUM(D101:L101)*1000 -> 0.00605462 | R101: =+Results!B23+Results!B54+Results!B61+Results!B86+Results!B112+Results!B119+Results!B126+Results!B152+Results!B160 -> 3.6948222e-13
A102: Human toxicity: carcinogenic | B102: 1.69e-05 | C102: 0.0213 | D102: =((C14/$B102)*$C102)*Input!$C$31 -> 2.8277493e-06 | E102: =((D14/$B102)*$C102)*Input!$C$31 -> 2.4664999e-09 | F102: =((E14/$B102)*$C102)*Input!$C$31 -> 2.8285816e-07 | G102: =((F14/$B102)*$C102)*Input!$C$31 -> 7.0477309e-08 | H102: =((G14/$B102)*$C102)*Input!$C$31 -> 4.5877973e-07 | I102: =((H14/$B102)*$C102)*Input!$C$31 -> 6.3937559e-08 | J102: =((I14/$B102)*$C102)*Input!$C$31 -> 1.7097965e-08 | K102: =((J14/$B102)*$C102)*Input!$C$31 -> 1.2974583e-08 | L102: =((K14/$B102)*$C102)*Input!$C$31 -> -2.9709917e-06 | M102: =(SUM(D102:H102))*1000 -> 0.003642331 | N102: =SUM(D102:K102)*1000 -> 0.0037363411 | O102: =SUM(D102:L102)*1000 -> 0.00076534942
A103: Human toxicity: non-carcinogenic | B103: 0.00023 | C103: 0.0184 | D103: =((C15/$B103)*$C103)*Input!$C$31 -> 5.2332577e-06 | E103: =((D15/$B103)*$C103)*Input!$C$31 -> 4.1729378e-09 | F103: =((E15/$B103)*$C103)*Input!$C$31 -> 1.3868581e-06 | G103: =((F15/$B103)*$C103)*Input!$C$31 -> 3.6398509e-07 | H103: =((G15/$B103)*$C103)*Input!$C$31 -> 5.7660194e-07 | I103: =((H15/$B103)*$C103)*Input!$C$31 -> 3.3021009e-07 | J103: =((I15/$B103)*$C103)*Input!$C$31 -> 2.8927122e-08 | K103: =((J15/$B103)*$C103)*Input!$C$31 -> 2.1950994e-08 | L103: =((K15/$B103)*$C103)*Input!$C$31 -> -5.6476653e-06 | M103: =(SUM(D103:H103))*1000 -> 0.0075648758 | N103: =SUM(D103:K103)*1000 -> 0.007945964 | O103: =SUM(D103:L103)*1000 -> 0.0022982986
A104: Ionising radiation: human health | B104: 4220 | C104: 0.0501 | D104: =((C16/$B104)*$C104)*Input!$C$31 -> 8.3957753e-07 | E104: =((D16/$B104)*$C104)*Input!$C$31 -> 1.5162747e-09 | F104: =((E16/$B104)*$C104)*Input!$C$31 -> 2.167443e-07 | G104: =((F16/$B104)*$C104)*Input!$C$31 -> 4.5712363e-08 | H104: =((G16/$B104)*$C104)*Input!$C$31 -> 5.5492777e-06 | I104: =((H16/$B104)*$C104)*Input!$C$31 -> 4.1470609e-08 | J104: =((I16/$B104)*$C104)*Input!$C$31 -> 1.0510931e-08 | K104: =((J16/$B104)*$C104)*Input!$C$31 -> 7.9760923e-09 | L104: =((K16/$B104)*$C104)*Input!$C$31 -> -1.2167953e-06 | M104: =(SUM(D104:H104))*1000 -> 0.0066528281 | N104: =SUM(D104:K104)*1000 -> 0.0067127858 | O104: =SUM(D104:L104)*1000 -> 0.0054959904
A105: Land use | B105: 819000 | C105: 0.0794 | D105: =((C17/$B105)*$C105)*Input!$C$31 -> 7.4189682e-06 | E105: =((D17/$B105)*$C105)*Input!$C$31 -> 2.1202117e-09 | F105: =((E17/$B105)*$C105)*Input!$C$31 -> 2.8564266e-07 | G105: =((F17/$B105)*$C105)*Input!$C$31 -> 5.1926634e-08 | H105: =((G17/$B105)*$C105)*Input!$C$31 -> 2.3324003e-07 | I105: =((H17/$B105)*$C105)*Input!$C$31 -> 4.7108244e-08 | J105: =((I17/$B105)*$C105)*Input!$C$31 -> 1.4697468e-08 | K105: =((J17/$B105)*$C105)*Input!$C$31 -> 1.1152995e-08 | L105: =((K17/$B105)*$C105)*Input!$C$31 -> -9.2522078e-06 | M105: =(SUM(D105:H105))*1000 -> 0.0079918977 | N105: =SUM(D105:K105)*1000 -> 0.0080648564 | O105: =SUM(D105:L105)*1000 -> -0.0011873513
A106: Material resources: metals/minerals | B106: 65000 | C106: 0.0832 | D106: =((C18/$B106)*$C106)*Input!$C$31 -> 5.0845032e-11 | E106: =((D18/$B106)*$C106)*Input!$C$31 -> 6.39171e-15 | F106: =((E18/$B106)*$C106)*Input!$C$31 -> 3.5310773e-12 | G106: =((F18/$B106)*$C106)*Input!$C$31 -> 8.9096255e-13 | H106: =((G18/$B106)*$C106)*Input!$C$31 -> 7.3532238e-12 | I106: =((H18/$B106)*$C106)*Input!$C$31 -> 8.0828811e-13 | J106: =((I18/$B106)*$C106)*Input!$C$31 -> 4.430782e-14 | K106: =((J18/$B106)*$C106)*Input!$C$31 -> 3.362245e-14 | L106: =((K18/$B106)*$C106)*Input!$C$31 -> -2.7571653e-12 | M106: =(SUM(D106:H106))*1000 -> 6.2626688e-08 | N106: =SUM(D106:K106)*1000 -> 6.3512906e-08 | O106: =SUM(D106:L106)*1000 -> 6.0755741e-08
A107: Ozone depletion | B107: 0.0536 | C107: 0.0631 | D107: =((C19/$B107)*$C107)*Input!$C$31 -> 9.2919318e-09 | E107: =((D19/$B107)*$C107)*Input!$C$31 -> 8.4954596e-10 | F107: =((E19/$B107)*$C107)*Input!$C$31 -> 6.4195049e-08 | G107: =((F19/$B107)*$C107)*Input!$C$31 -> 1.6515385e-08 | H107: =((G19/$B107)*$C107)*Input!$C$31 -> 5.7455011e-07 | I107: =((H19/$B107)*$C107)*Input!$C$31 -> 1.4982885e-08 | J107: =((I19/$B107)*$C107)*Input!$C$31 -> 5.8891172e-09 | K107: =((J19/$B107)*$C107)*Input!$C$31 -> 4.4688849e-09 | L107: =((K19/$B107)*$C107)*Input!$C$31 -> -2.0404404e-08 | M107: =(SUM(D107:H107))*1000 -> 0.00066540202 | N107: =SUM(D107:K107)*1000 -> 0.00069074291 | O107: =SUM(D107:L107)*1000 -> 0.0006703385
A108: Particulate matter formation | B108: 0.000595 | C108: 0.0896 | D108: =((C20/$B108)*$C108)*Input!$C$31 -> 3.6820338e-05 | E108: =((D20/$B108)*$C108)*Input!$C$31 -> 4.7497064e-08 | F108: =((E20/$B108)*$C108)*Input!$C$31 -> 2.2359612e-05 | G108: =((F20/$B108)*$C108)*Input!$C$31 -> 5.8889618e-06 | H108: =((G20/$B108)*$C108)*Input!$C$31 -> 2.4601529e-06 | I108: =((H20/$B108)*$C108)*Input!$C$31 -> 5.3425117e-06 | J108: =((I20/$B108)*$C108)*Input!$C$31 -> 3.2925326e-07 | K108: =((J20/$B108)*$C108)*Input!$C$31 -> 2.4984982e-07 | L108: =((K20/$B108)*$C108)*Input!$C$31 -> -4.0228799e-05 | M108: =(SUM(D108:H108))*1000 -> 0.067576562 | N108: =SUM(D108:K108)*1000 -> 0.073498176 | O108: =SUM(D108:L108)*1000 -> 0.033269378
A109: Photochemical oxidant formation: human health | B109: 40.6 | C109: 0.0478 | D109: =((C21/$B109)*$C109)*Input!$C$31 -> 1.9833873e-05 | E109: =((D21/$B109)*$C109)*Input!$C$31 -> 9.2867227e-08 | F109: =((E21/$B109)*$C109)*Input!$C$31 -> 8.866263e-06 | G109: =((F21/$B109)*$C109)*Input!$C$31 -> 1.9311888e-06 | H109: =((G21/$B109)*$C109)*Input!$C$31 -> 4.0888138e-06 | I109: =((H21/$B109)*$C109)*Input!$C$31 -> 1.7519894e-06 | J109: =((I21/$B109)*$C109)*Input!$C$31 -> 6.4376268e-07 | K109: =((J21/$B109)*$C109)*Input!$C$31 -> 4.8851147e-07 | L109: =((K21/$B109)*$C109)*Input!$C$31 -> -2.1216063e-05 | M109: =(SUM(D109:H109))*1000 -> 0.034813006 | N109: =SUM(D109:K109)*1000 -> 0.037697269 | O109: =SUM(D109:L109)*1000 -> 0.016481206
A110: Water use | B110: 11500 | C110: 0.0851 | D110: =((C22/$B110)*$C110)*Input!$C$31 -> 5.1096672e-06 | E110: =((D22/$B110)*$C110)*Input!$C$31 -> 4.2601343e-09 | F110: =((E22/$B110)*$C110)*Input!$C$31 -> 6.1556547e-07 | G110: =((F22/$B110)*$C110)*Input!$C$31 -> 1.4311734e-07 | H110: =((G22/$B110)*$C110)*Input!$C$31 -> 1.1664587e-06 | I110: =((H22/$B110)*$C110)*Input!$C$31 -> 1.2983716e-07 | J110: =((I22/$B110)*$C110)*Input!$C$31 -> 2.9531575e-08 | K110: =((J22/$B110)*$C110)*Input!$C$31 -> 2.2409676e-08 | L110: =((K22/$B110)*$C110)*Input!$C$31 -> -6.542082e-06 | M110: =(SUM(D110:H110))*1000 -> 0.0070390689 | N110: =SUM(D110:K110)*1000 -> 0.0072208473 | O110: =SUM(D110:L110)*1000 -> 0.00067876533
A111: Total | C111: =SUM(C92:C110) -> 1 | D111: =SUM(D92:D110)*1000 -> 0.47743913 | E111: =SUM(E92:E110)*1000 -> 0.0015754949 | F111: =SUM(F92:F110)*1000 -> 0.14862132 | G111: =SUM(G92:G110)*1000 -> 0.037104106 | H111: =SUM(H92:H110)*1000 -> 0.19986159 | I111: =SUM(I92:I110)*1000 -> 0.033661131 | J111: =SUM(J92:J110)*1000 -> 0.01092145 | K111: =SUM(K92:K110)*1000 -> 0.0082876096 | L111: =SUM(L92:L110)*1000 -> -0.52463279 | M111: =SUM(M92:M110) -> 0.86460164 | N111: =SUM(N92:N110) -> 0.91747183 | O111: =SUM(O92:O110) -> 0.39283904
A112: Check | B112: =+SUM(D47:L47)*Input!$C$31-SUM(Results!D111:L111) -> 0 | D112: =+D47*Input!$C$31-D111 -> 0 | E112: =+E47*Input!$C$31-E111 -> 0 | F112: =+F47*Input!$C$31-F111 -> 0 | G112: =+G47*Input!$C$31-G111 -> 0 | H112: =+H47*Input!$C$31-H111 -> 0 | I112: =+I47*Input!$C$31-I111 -> 0 | J112: =+J47*Input!$C$31-J111 -> 0 | K112: =+K47*Input!$C$31-K111 -> 0 | ... O112: =+O47*Input!$C$31-O111 -> 0
A115: Global warming impact per m2 per life cycle stage (A1-D)
A117: Impact Categories | B117: Unit | C117: A1 - Primary Material | D117: C3' - Secondary Material | E117: A2 - Transport Primary | F117: C2' - Transport Secondary | G117: A3- Production | H117: A4- Transport | I117: A5- Construction | J117: C1 - Deconstruction | K117: D- Burden & Savings | L117: Total: A1-A3,C2',C3' (excl D) | M117: Total A1-A5,C1,C2',C3' (excl. D)
A118: Climate change | B118: Global warming potential (GWP100) kgCO2-Eq/m2 | C118: ='A1 - Raw Material Supply'!$Z$115*Input!$C$31 -> 2.8042996 | D118: ='C3'' - Secondary Raw Material '!$F$321*Input!$C$31 -> 0.032023745 | E118: ='A2 - Transport'!$Z$119*Input!$C$31 -> 2.4717015 | F118: =('C2''- Transport Secondary'!$D$59+'C2''- Transport Secondary'!$G$59)*Input!$C$31 -> 0.63091557 | G118: ='A3 - Production '!$D$207*Input!$C$31 -> 3.6403659 | H118: ='A4 - Transport'!$B$18*Input!$C$31 -> 0.57237148 | I118: ='A5 - Construction'!$E$140*Input!$C$31 -> 0.22199103 | J118: ='C1 - Deconstruction'!$B$88*Input!$C$31 -> 0.16845519 | K118: ='D- Benefits & Burdens'!$N$162*Input!$C$31 -> -3.3402062 | L118: =SUM(C118:G118) -> 9.5793063 | M118: =SUM(C118:J118) -> 10.542124
A119: Check | B119: =+SUM(E134,H134,K134,N134,Q134,T134,U134,V134,Z134,AA134,AD134,AM134)-SUM(C118:K118) -> 0 | L119: =+L118-L53*Input!$C$31 -> 0 | M119: =+M118-M53*Input!$C$31 -> 0
A121: Global warming impact per m2 per process (A1-D)
A122: Used for Result Dashboard - Figure II-4 (bottom right) | O122: Plant | P122: Mix | Q122: Construction | R122: Deconstruction
A123: Impact categories | B123: Unit/m2 | C123: Agg | E123: Virgin binder | G123: Filler | I123: RAP | K123: Other Waste | M123: Additiv | S123: Burdens | U123: Savings
C124: A1 - Primary Material | D124: A2 - Transport Primary | E124: A1 - Primary Material | F124: A2 - Transport Primary | G124: A1 - Primary Material | H124: A2 - Transport Primary | I124: C3' - Secondary Material | J124: C2' - Transport Secondary | K124: C3' - Secondary Material | L124: C2' - Transport Secondary | M124: A1 - Primary Material | N124: A2 - Transport Primary | O124: A3 - Production | P124: A4 - Transport | Q124: A5 - Construction | R124: C1 - Deconstruction | S124: C3' - Secondary Raw Material | T124: A2' - Transport | U124: Binder | V124: Filler | W124: Aggregate | X124: Sand | Y124: A2' - Transport: Binder | Z124: A2' - Transport: Filler | AA124: A2' - Transport: Aggregate | AB124: A2' - Transport: Sand
A125: Climate change | B125: Global warming potential (GWP100) kgCO2-Eq/m2 | C125: =C68*Input!$C$31 -> 0.40032523 | D125: =D68*Input!$C$31 -> 2.1382727 | E125: =F68*Input!$C$31 -> 2.2550016 | F125: =G68*Input!$C$31 -> 0.17695871 | G125: =I68*Input!$C$31 -> 0.023359561 | H125: =J68*Input!$C$31 -> 0.031850569 | I125: =L68*Input!C31 -> 0.032023745 | J125: =M68*Input!C31 -> 0.63091557 | K125: =O68*Input!$C$31 -> 0 | L125: =P68*Input!$C$31 -> 0 | M125: =R68*Input!$C$31 -> 0.12561317 | N125: =S68*Input!$C$31 -> 0.12461954 | O125: =U68*Input!$C$31 -> 3.6403659 | P125: =V68*Input!$C$31 -> 0.57237148 | Q125: =Z68*Input!$C$31 -> 0.22199103 | R125: =AA68*Input!$C$31 -> 0.16845519 | S125: =$AC$68*Input!$C$31 -> 0.14598502 | T125: =$AB$68*Input!$C$31 -> 1.5008019 | U125: =AE68*Input!$C$31 -> -2.3771543 | V125: =AF68*Input!$C$31 -> -0.18189623 | W125: =AG68*Input!$C$31 -> -0.14622851 | X125: =AH68*Input!$C$31 -> -0.19449897 | Y125: =AI68*Input!$C$31 -> -0.19017691 | Z125: =AJ68*Input!$C$31 -> -0.25284335 | AA125: =AK68*Input!$C$31 -> -1.0707729 | AB125: =AL68*Input!$C$31 -> -0.5734219
A126: Check | B126: =+SUM(C118:J118)-SUM(C125:R125) -> 0
...

Sheet DDN_Results_TP
A1: Asphalt Transport Results
A2: Bruto (ton) | B2: =Input!$F$63 -> 20
A3: Transport distance | B3: =Input!$D$63 -> 20
A5: Impacts
A6: Impact categories | B6: =" Impacts per ton for "&B3&" km." -> Impacts per ton for 20 km. | C6: =" Impacts for "&B2&" ton." -> Impacts for 20 ton.
A8: Acidification | B8: ='A4 - Transport'!$B$17 -> 0.0044454498 | C8: =$B$2*B8 -> 0.088908996
A9: Climate change | B9: ='A4 - Transport'!$B$18 -> 2.9811015 | C9: =$B$2*B9 -> 59.622029
A10: Climate change: biogenic | B10: ='A4 - Transport'!$B$19 -> 0.0013932345 | C10: =$B$2*B10 -> 0.02786469
A11: Climate change: fossil | B11: ='A4 - Transport'!$B$20 -> 2.9794711 | C11: =$B$2*B11 -> 59.589422
A12: Land use and land use change | B12: ='A4 - Transport'!$B$21 -> 0.00023711557 | C12: =$B$2*B12 -> 0.0047423114
A13: Ecotoxicity: freshwater | B13: ='A4 - Transport'!$B$22 -> 2.5604303 | C13: =$B$2*B13 -> 51.208606
A14: Energy resources: non-renewable | B14: ='A4 - Transport'!$B$23 -> 40.122526 | C14: =$B$2*B14 -> 802.45052
A15: Eutrophication: freshwater | B15: ='A4 - Transport'!$B$24 -> 6.9533556e-05 | C15: =$B$2*B15 -> 0.0013906711
A16: Eutrophication: marine | B16: ='A4 - Transport'!$B$25 -> 0.00096895414 | C16: =$B$2*B16 -> 0.019379083
A17: Eutrophication: terrestrial | B17: ='A4 - Transport'!$B$26 -> 0.010488052 | C17: =$B$2*B17 -> 0.20976103
A18: Human toxicity: carcinogenic | B18: ='A4 - Transport'!$B$27 -> 2.6421771e-10 | C18: =$B$2*B18 -> 5.2843542e-09
A19: Human toxicity: non-carcinogenic | B19: ='A4 - Transport'!$B$28 -> 2.1498053e-08 | C19: =$B$2*B19 -> 4.2996105e-07
A20: Ionising radiation: human health | B20: ='A4 - Transport'!$B$29 -> 0.018193402 | C20: =$B$2*B20 -> 0.36386803
A21: Land use | B21: ='A4 - Transport'!$B$30 -> 2.5308073 | C21: =$B$2*B21 -> 50.616146
A22: Material resources: metals/minerals | B22: ='A4 - Transport'!$B$31 -> 3.2889328e-06 | C22: =$B$2*B22 -> 6.5778655e-05
A23: Ozone depletion | B23: ='A4 - Transport'!$B$32 -> 6.6287196e-08 | C23: =$B$2*B23 -> 1.3257439e-06
A24: Particulate matter formation | B24: ='A4 - Transport'!$B$33 -> 1.8477925e-07 | C24: =$B$2*B24 -> 3.6955851e-06
A25: Photochemical oxidant formation: human health | B25: ='A4 - Transport'!$B$34 -> 0.0077504763 | C25: =$B$2*B25 -> 0.15500953
A26: Water use | B26: ='A4 - Transport'!$B$35 -> 0.091383136 | C26: =$B$2*B26 -> 1.8276627
A28: Single Score
A29: Impact Category | B29: =" Single Score (mPt) per ton for "&B3&" km." -> Single Score (mPt) per ton for 20 km. | C29: =" Single Score (mPt) for "&B2&" ton." -> Single Score (mPt) for 20 ton.
A30: Acidification | B30: =Results!$I$28*1000 -> 0.0049571562 | C30: =$B$2*B30 -> 0.099143125
A31: Climate change | B31: =Results!$I$29*1000 -> 0.077508638 | C31: =$B$2*B31 -> 1.5501728
A32: Ecotoxicity: freshwater | B32: =Results!$I$33*1000 -> 0.0011512942 | C32: =$B$2*B32 -> 0.023025884
A33: Energy resources: non-renewable | B33: =Results!$I$34*1000 -> 0.046603857 | C33: =$B$2*B33 -> 0.93207715
A34: Eutrophication: freshwater | B34: =Results!$I$35*1000 -> 0.0012092792 | C34: =$B$2*B34 -> 0.024185585
A35: Eutrophication: marine | B35: =Results!$I$36*1000 -> 0.0014708227 | C35: =$B$2*B35 -> 0.029416454
A36: Eutrophication: terrestrial | B36: =Results!$I$37*1000 -> 0.002198343 | C36: =$B$2*B36 -> 0.043966861
A37: Human toxicity: carcinogenic | B37: =Results!$I$38*1000 -> 0.00033300812 | C37: =$B$2*B37 -> 0.0066601624
A38: Human toxicity: non-carcinogenic | B38: =Results!$I$39*1000 -> 0.0017198442 | C38: =$B$2*B38 -> 0.034396884
A39: Ionising radiation: human health | B39: =Results!$I$40*1000 -> 0.00021599275 | C39: =$B$2*B39 -> 0.0043198551
A40: Land use | B40: =Results!$I$41*1000 -> 0.00024535543 | C40: =$B$2*B40 -> 0.0049071087
A41: Material resources: metals/minerals | B41: =Results!$I$42*1000 -> 4.2098339e-09 | C41: =$B$2*B41 -> 8.4196678e-08
A42: Ozone depletion | B42: =Results!$I$43*1000 -> 7.8035859e-05 | C42: =$B$2*B42 -> 0.0015607172
A43: Particulate matter formation | B43: =Results!$I$44*1000 -> 0.027825582 | C43: =$B$2*B43 -> 0.55651163
A44: Photochemical oxidant formation: human health | B44: =Results!$I$45*1000 -> 0.009124945 | C44: =$B$2*B44 -> 0.1824989
A45: Water use | B45: =Results!$I$46*1000 -> 0.00067623521 | C45: =$B$2*B45 -> 0.013524704
A46: Total Single Score | B46: =SUM(B30:B45) -> 0.17531839 | C46: =SUM(C30:C45) -> 3.5063679

Sheet A1 - Raw Material Supply
A2: Impacts: Asphalt mix components
A3: Components | B3: Materials | C3: Mass (ton] | D3: List | E3: acidification | accumulated exceedance (AE) mol H+ -eq | F3: climate change | global warming potential (GWP100) kgCO2-Eq | G3: climate change: biogenic | global warming potential (GWP100) kgCO2-Eq | H3: climate change: fossil | global warming potential (GWP100) kgCO2-Eq | I3: land use and land use change | global warming potential (GWP100) kgCO2-Eq | J3: ecotoxicity: freshwater | comparative toxic unit for ecosystems (CTUe) | K3: energy resources: non-renewable | abiotic depletion potential (ADP): fossil fuels MJ, net calorific value | L3: eutrophication: freshwater | fraction of nutrients reaching freshwater end compartment (P) | M3: eutrophication: marine | fraction of nutrients reaching marine end compartment (N) kg N-Eq | N3: eutrophication: terrestrial | accumulated exceedance (AE) mol N-Eq | O3: human toxicity: carcinogenic | comparative toxic unit for human (CTUh) | P3: human toxicity: non-carcinogenic | comparative toxic unit for human (CTUh) | Q3: ionising radiation: human health | human exposure efficiency relative to u235 kBq U235-Eq | R3: land use | soil quality index dimensionless | S3: material resources: metals/minerals | abiotic depletion potential (ADP): elements (ultimate reserves) kg Sb-Eq | T3: ozone depletion|ozone depletion potential (ODP) kg CFC-11-Eq | U3: particulate matter formation | impact on human health | V3: photochemical oxidant formation: human health | tropospheric ozone concentration increase kg NMVOC-Eq | W3: water use | user deprivation potential (deprivation-weighted water consumption) m3 world eq deprived
A4: Binder | B4: =Input!A39 -> Virgin binder | C4: =+Input!B39*(1-Input!E39) -> 0.02216 | D4: =Input!$C$39 -> Conventional_Bitumen | E4: {=INDEX(LCI!H$2:H$137,MATCH('A1 - Raw Material Supply'!$B4&'A1 - Raw Material Supply'!$D4,LCI!$B2:$B137&LCI!$D2:$D137,0))*$C4} -> 0.0381152 | F4: {=INDEX(LCI!I$2:I$137,MATCH('A1 - Raw Material Supply'!$B4&'A1 - Raw Material Supply'!$D4,LCI!$B2:$B137&LCI!$D2:$D137,0))*$C4} -> 11.7448 | G4: {=INDEX(LCI!J$2:J$137,MATCH('A1 - Raw Material Supply'!$B4&'A1 - Raw Material Supply'!$D4,LCI!$B2:$B137&LCI!$D2:$D137,0))*$C4} -> 0.046536 | H4: {=INDEX(LCI!K$2:K$137,MATCH('A1 - Raw Material Supply'!$B4&'A1 - Raw Material Supply'!$D4,LCI!$B2:$B137&LCI!$D2:$D137,0))*$C4} -> 11.70048 | I4: {=INDEX(LCI!L$2:L$137,MATCH('A1 - Raw Material Supply'!$B4&'A1 - Raw Material Supply'!$D4,LCI!$B2:$B137&LCI!$D2:$D137,0))*$C4} -> 0.0058724 | J4: {=INDEX(LCI!M$2:M$137,MATCH('A1 - Raw Material Supply'!$B4&'A1 - Raw Material Supply'!$D4,LCI!$B2:$B137&LCI!$D2:$D137,0))*$C4} -> 631.56 | K4: {=INDEX(LCI!N$2:N$137,MATCH('A1 - Raw Material Supply'!$B4&'A1 - Raw Material Supply'!$D4,LCI!$B2:$B137&LCI!$D2:$D137,0))*$C4} -> 1014.928 | L4: {=INDEX(LCI!O$2:O$137,MATCH('A1 - Raw Material Supply'!$B4&'A1 - Raw Material Supply'!$D4,LCI!$B2:$B137&LCI!$D2:$D137,0))*$C4} -> 9.8612e-06 | ... W4: {=INDEX(LCI!Z$2:Z$137,MATCH('A1 - Raw Material Supply'!$B4&'A1 - Raw Material Supply'!$D4,LCI!$B2:$B137&LCI!$D2:$D137,0))*$C4} -> 0.1597736
A5: Aggregate | B5: =Input!A40 -> Virgin crushed coarse aggregate 1 (>2 mm) | C5: =+Input!B40*(1-Input!E40) -> 0 | E5: =INDEX(LCI!H$2:H$130,MATCH('A1 - Raw Material Supply'!$B5,LCI!$D$2:$D$130,0))*$C5 -> 0 | F5: =INDEX(LCI!I$2:I$130,MATCH('A1 - Raw Material Supply'!$B5,LCI!$D$2:$D$130,0))*$C5 -> 0 | G5: =INDEX(LCI!J$2:J$130,MATCH('A1 - Raw Material Supply'!$B5,LCI!$D$2:$D$130,0))*$C5 -> 0 | H5: =INDEX(LCI!K$2:K$130,MATCH('A1 - Raw Material Supply'!$B5,LCI!$D$2:$D$130,0))*$C5 -> 0 | I5: =INDEX(LCI!L$2:L$130,MATCH('A1 - Raw Material Supply'!$B5,LCI!$D$2:$D$130,0))*$C5 -> 0 | J5: =INDEX(LCI!M$2:M$130,MATCH('A1 - Raw Material Supply'!$B5,LCI!$D$2:$D$130,0))*$C5 -> 0 | K5: =INDEX(LCI!N$2:N$130,MATCH('A1 - Raw Material Supply'!$B5,LCI!$D$2:$D$130,0))*$C5 -> 0 | L5: =INDEX(LCI!O$2:O$130,MATCH('A1 - Raw Material Supply'!$B5,LCI!$D$2:$D$130,0))*$C5 -> 0 | ... W5: =INDEX(LCI!Z$2:Z$130,MATCH('A1 - Raw Material Supply'!$B5,LCI!$D$2:$D$130,0))*$C5 -> 0
B6: =Input!A41 -> Virgin crushed coarse aggregate 2 (>2 mm) | C6: =+Input!B41*(1-Input!E41) -> 0.102 | E6: =INDEX(LCI!H$2:H$130,MATCH('A1 - Raw Material Supply'!$B6,LCI!$D$2:$D$130,0))*$C6 -> 0.0055525776 | F6: =INDEX(LCI!I$2:I$130,MATCH('A1 - Raw Material Supply'!$B6,LCI!$D$2:$D$130,0))*$C6 -> 0.28854915 | G6: =INDEX(LCI!J$2:J$130,MATCH('A1 - Raw Material Supply'!$B6,LCI!$D$2:$D$130,0))*$C6 -> 0.00088941089 | H6: =INDEX(LCI!K$2:K$130,MATCH('A1 - Raw Material Supply'!$B6,LCI!$D$2:$D$130,0))*$C6 -> 0.28756488 | I6: =INDEX(LCI!L$2:L$130,MATCH('A1 - Raw Material Supply'!$B6,LCI!$D$2:$D$130,0))*$C6 -> 9.485434e-05 | J6: =INDEX(LCI!M$2:M$130,MATCH('A1 - Raw Material Supply'!$B6,LCI!$D$2:$D$130,0))*$C6 -> 2.8511987 | K6: =INDEX(LCI!N$2:N$130,MATCH('A1 - Raw Material Supply'!$B6,LCI!$D$2:$D$130,0))*$C6 -> 4.0886678 | L6: =INDEX(LCI!O$2:O$130,MATCH('A1 - Raw Material Supply'!$B6,LCI!$D$2:$D$130,0))*$C6 -> 2.132093e-05 | ... W6: =INDEX(LCI!Z$2:Z$130,MATCH('A1 - Raw Material Supply'!$B6,LCI!$D$2:$D$130,0))*$C6 -> 0.41061397
B7: =Input!A42 -> Virgin crushed coarse aggregate 3 (>2 mm) | C7: =+Input!B42*(1-Input!E42) -> 0.353 | E7: =INDEX(LCI!H$2:H$130,MATCH('A1 - Raw Material Supply'!$B7,LCI!$D$2:$D$130,0))*$C7 -> 0.019216273 | F7: =INDEX(LCI!I$2:I$130,MATCH('A1 - Raw Material Supply'!$B7,LCI!$D$2:$D$130,0))*$C7 -> 0.99860636 | G7: =INDEX(LCI!J$2:J$130,MATCH('A1 - Raw Material Supply'!$B7,LCI!$D$2:$D$130,0))*$C7 -> 0.0030780593 | H7: =INDEX(LCI!K$2:K$130,MATCH('A1 - Raw Material Supply'!$B7,LCI!$D$2:$D$130,0))*$C7 -> 0.99520003 | I7: =INDEX(LCI!L$2:L$130,MATCH('A1 - Raw Material Supply'!$B7,LCI!$D$2:$D$130,0))*$C7 -> 0.00032827041 | J7: =INDEX(LCI!M$2:M$130,MATCH('A1 - Raw Material Supply'!$B7,LCI!$D$2:$D$130,0))*$C7 -> 9.8673837 | K7: =INDEX(LCI!N$2:N$130,MATCH('A1 - Raw Material Supply'!$B7,LCI!$D$2:$D$130,0))*$C7 -> 14.149997 | L7: =INDEX(LCI!O$2:O$130,MATCH('A1 - Raw Material Supply'!$B7,LCI!$D$2:$D$130,0))*$C7 -> 7.3787142e-05 | ... W7: =INDEX(LCI!Z$2:Z$130,MATCH('A1 - Raw Material Supply'!$B7,LCI!$D$2:$D$130,0))*$C7 -> 1.4210464
B8: =Input!A43 -> Virgin crushed fine aggregate 1 (≤2 mm) | C8: =+Input!B43*(1-Input!E43) -> 0 | E8: =INDEX(LCI!H$2:H$130,MATCH('A1 - Raw Material Supply'!$B8,LCI!$D$2:$D$130,0))*$C8 -> 0 | F8: =INDEX(LCI!I$2:I$130,MATCH('A1 - Raw Material Supply'!$B8,LCI!$D$2:$D$130,0))*$C8 -> 0 | G8: =INDEX(LCI!J$2:J$130,MATCH('A1 - Raw Material Supply'!$B8,LCI!$D$2:$D$130,0))*$C8 -> 0 | H8: =INDEX(LCI!K$2:K$130,MATCH('A1 - Raw Material Supply'!$B8,LCI!$D$2:$D$130,0))*$C8 -> 0 | I8: =INDEX(LCI!L$2:L$130,MATCH('A1 - Raw Material Supply'!$B8,LCI!$D$2:$D$130,0))*$C8 -> 0 | J8: =INDEX(LCI!M$2:M$130,MATCH('A1 - Raw Material Supply'!$B8,LCI!$D$2:$D$130,0))*$C8 -> 0 | K8: =INDEX(LCI!N$2:N$130,MATCH('A1 - Raw Material Supply'!$B8,LCI!$D$2:$D$130,0))*$C8 -> 0 | L8: =INDEX(LCI!O$2:O$130,MATCH('A1 - Raw Material Supply'!$B8,LCI!$D$2:$D$130,0))*$C8 -> 0 | ... W8: =INDEX(LCI!Z$2:Z$130,MATCH('A1 - Raw Material Supply'!$B8,LCI!$D$2:$D$130,0))*$C8 -> 0
B9: =Input!A44 -> Virgin crushed fine aggregate 2 (≤2 mm) | C9: =+Input!B44*(1-Input!E44) -> 0 | E9: =INDEX(LCI!H$2:H$130,MATCH('A1 - Raw Material Supply'!$B9,LCI!$D$2:$D$130,0))*$C9 -> 0 | F9: =INDEX(LCI!I$2:I$130,MATCH('A1 - Raw Material Supply'!$B9,LCI!$D$2:$D$130,0))*$C9 -> 0 | G9: =INDEX(LCI!J$2:J$130,MATCH('A1 - Raw Material Supply'!$B9,LCI!$D$2:$D$130,0))*$C9 -> 0 | H9: =INDEX(LCI!K$2:K$130,MATCH('A1 - Raw Material Supply'!$B9,LCI!$D$2:$D$130,0))*$C9 -> 0 | I9: =INDEX(LCI!L$2:L$130,MATCH('A1 - Raw Material Supply'!$B9,LCI!$D$2:$D$130,0))*$C9 -> 0 | J9: =INDEX(LCI!M$2:M$130,MATCH('A1 - Raw Material Supply'!$B9,LCI!$D$2:$D$130,0))*$C9 -> 0 | K9: =INDEX(LCI!N$2:N$130,MATCH('A1 - Raw Material Supply'!$B9,LCI!$D$2:$D$130,0))*$C9 -> 0 | L9: =INDEX(LCI!O$2:O$130,MATCH('A1 - Raw Material Supply'!$B9,LCI!$D$2:$D$130,0))*$C9 -> 0 | ... W9: =INDEX(LCI!Z$2:Z$130,MATCH('A1 - Raw Material Supply'!$B9,LCI!$D$2:$D$130,0))*$C9 -> 0
B10: =Input!A45 -> Virgin crushed fine aggregate 3 (≤2 mm) | C10: =+Input!B45*(1-Input!E45) -> 0 | E10: =INDEX(LCI!H$2:H$130,MATCH('A1 - Raw Material Supply'!$B10,LCI!$D$2:$D$130,0))*$C10 -> 0 | F10: =INDEX(LCI!I$2:I$130,MATCH('A1 - Raw Material Supply'!$B10,LCI!$D$2:$D$130,0))*$C10 -> 0 | G10: =INDEX(LCI!J$2:J$130,MATCH('A1 - Raw Material Supply'!$B10,LCI!$D$2:$D$130,0))*$C10 -> 0 | H10: =INDEX(LCI!K$2:K$130,MATCH('A1 - Raw Material Supply'!$B10,LCI!$D$2:$D$130,0))*$C10 -> 0 | I10: =INDEX(LCI!L$2:L$130,MATCH('A1 - Raw Material Supply'!$B10,LCI!$D$2:$D$130,0))*$C10 -> 0 | J10: =INDEX(LCI!M$2:M$130,MATCH('A1 - Raw Material Supply'!$B10,LCI!$D$2:$D$130,0))*$C10 -> 0 | K10: =INDEX(LCI!N$2:N$130,MATCH('A1 - Raw Material Supply'!$B10,LCI!$D$2:$D$130,0))*$C10 -> 0 | L10: =INDEX(LCI!O$2:O$130,MATCH('A1 - Raw Material Supply'!$B10,LCI!$D$2:$D$130,0))*$C10 -> 0 | ... W10: =INDEX(LCI!Z$2:Z$130,MATCH('A1 - Raw Material Supply'!$B10,LCI!$D$2:$D$130,0))*$C10 -> 0
B11: =Input!A46 -> Virgin natural fine aggregate 1 (≤2 mm) | C11: =+Input!B46*(1-Input!E46) -> 0.153 | E11: =INDEX(LCI!H$2:H$130,MATCH('A1 - Raw Material Supply'!$B11,LCI!$D$2:$D$130,0))*$C11 -> 0.0070343064 | F11: =INDEX(LCI!I$2:I$130,MATCH('A1 - Raw Material Supply'!$B11,LCI!$D$2:$D$130,0))*$C11 -> 0.79787172 | G11: =INDEX(LCI!J$2:J$130,MATCH('A1 - Raw Material Supply'!$B11,LCI!$D$2:$D$130,0))*$C11 -> -0.00019195363 | H11: =INDEX(LCI!K$2:K$130,MATCH('A1 - Raw Material Supply'!$B11,LCI!$D$2:$D$130,0))*$C11 -> 0.79795388 | I11: =INDEX(LCI!L$2:L$130,MATCH('A1 - Raw Material Supply'!$B11,LCI!$D$2:$D$130,0))*$C11 -> 0.00010979808 | J11: =INDEX(LCI!M$2:M$130,MATCH('A1 - Raw Material Supply'!$B11,LCI!$D$2:$D$130,0))*$C11 -> 0.68141438 | K11: =INDEX(LCI!N$2:N$130,MATCH('A1 - Raw Material Supply'!$B11,LCI!$D$2:$D$130,0))*$C11 -> 10.370945 | L11: =INDEX(LCI!O$2:O$130,MATCH('A1 - Raw Material Supply'!$B11,LCI!$D$2:$D$130,0))*$C11 -> 3.5986534e-05 | ... W11: =INDEX(LCI!Z$2:Z$130,MATCH('A1 - Raw Material Supply'!$B11,LCI!$D$2:$D$130,0))*$C11 -> 1.0207571
B12: =Input!A47 -> Virgin natural fine aggregate 2 (≤2 mm) | C12: =+Input!B47*(1-Input!E47) -> 0 | E12: =INDEX(LCI!H$2:H$130,MATCH('A1 - Raw Material Supply'!$B12,LCI!$D$2:$D$130,0))*$C12 -> 0 | F12: =INDEX(LCI!I$2:I$130,MATCH('A1 - Raw Material Supply'!$B12,LCI!$D$2:$D$130,0))*$C12 -> 0 | G12: =INDEX(LCI!J$2:J$130,MATCH('A1 - Raw Material Supply'!$B12,LCI!$D$2:$D$130,0))*$C12 -> 0 | H12: =INDEX(LCI!K$2:K$130,MATCH('A1 - Raw Material Supply'!$B12,LCI!$D$2:$D$130,0))*$C12 -> 0 | I12: =INDEX(LCI!L$2:L$130,MATCH('A1 - Raw Material Supply'!$B12,LCI!$D$2:$D$130,0))*$C12 -> 0 | J12: =INDEX(LCI!M$2:M$130,MATCH('A1 - Raw Material Supply'!$B12,LCI!$D$2:$D$130,0))*$C12 -> 0 | K12: =INDEX(LCI!N$2:N$130,MATCH('A1 - Raw Material Supply'!$B12,LCI!$D$2:$D$130,0))*$C12 -> 0 | L12: =INDEX(LCI!O$2:O$130,MATCH('A1 - Raw Material Supply'!$B12,LCI!$D$2:$D$130,0))*$C12 -> 0 | ... W12: =INDEX(LCI!Z$2:Z$130,MATCH('A1 - Raw Material Supply'!$B12,LCI!$D$2:$D$130,0))*$C12 -> 0
B13: =Input!A48 -> Virgin natural fine aggregate 3 (≤2 mm) | C13: =+Input!B48*(1-Input!E48) -> 0 | E13: =INDEX(LCI!H$2:H$130,MATCH('A1 - Raw Material Supply'!$B13,LCI!$D$2:$D$130,0))*$C13 -> 0 | F13: =INDEX(LCI!I$2:I$130,MATCH('A1 - Raw Material Supply'!$B13,LCI!$D$2:$D$130,0))*$C13 -> 0 | G13: =INDEX(LCI!J$2:J$130,MATCH('A1 - Raw Material Supply'!$B13,LCI!$D$2:$D$130,0))*$C13 -> 0 | H13: =INDEX(LCI!K$2:K$130,MATCH('A1 - Raw Material Supply'!$B13,LCI!$D$2:$D$130,0))*$C13 -> 0 | I13: =INDEX(LCI!L$2:L$130,MATCH('A1 - Raw Material Supply'!$B13,LCI!$D$2:$D$130,0))*$C13 -> 0 | J13: =INDEX(LCI!M$2:M$130,MATCH('A1 - Raw Material Supply'!$B13,LCI!$D$2:$D$130,0))*$C13 -> 0 | K13: =INDEX(LCI!N$2:N$130,MATCH('A1 - Raw Material Supply'!$B13,LCI!$D$2:$D$130,0))*$C13 -> 0 | L13: =INDEX(LCI!O$2:O$130,MATCH('A1 - Raw Material Supply'!$B13,LCI!$D$2:$D$130,0))*$C13 -> 0 | ... W13: =INDEX(LCI!Z$2:Z$130,MATCH('A1 - Raw Material Supply'!$B13,LCI!$D$2:$D$130,0))*$C13 -> 0
A14: Filler | B14: =Input!A49 -> Filler 1 | C14: =+Input!B49*(1-Input!E49) -> 0.0055 | D14: =Input!$C$49 -> Limestone_residue | E14: {=INDEX(LCI!H$2:H$130,MATCH('A1 - Raw Material Supply'!$B$14&'A1 - Raw Material Supply'!$D$14,LCI!$B$2:$B$130&LCI!$D$2:$D$130,0))*$C14} -> 0.00093081697 | F14: {=INDEX(LCI!I$2:I$130,MATCH('A1 - Raw Material Supply'!$B$14&'A1 - Raw Material Supply'!$D$14,LCI!$B$2:$B$130&LCI!$D$2:$D$130,0))*$C14} -> 0.12166438 | G14: {=INDEX(LCI!J$2:J$130,MATCH('A1 - Raw Material Supply'!$B$14&'A1 - Raw Material Supply'!$D$14,LCI!$B$2:$B$130&LCI!$D$2:$D$130,0))*$C14} -> 0.0018973974 | H14: {=INDEX(LCI!K$2:K$130,MATCH('A1 - Raw Material Supply'!$B$14&'A1 - Raw Material Supply'!$D$14,LCI!$B$2:$B$130&LCI!$D$2:$D$130,0))*$C14} -> 0.11956136 | I14: {=INDEX(LCI!L$2:L$130,MATCH('A1 - Raw Material Supply'!$B$14&'A1 - Raw Material Supply'!$D$14,LCI!$B$2:$B$130&LCI!$D$2:$D$130,0))*$C14} -> 0.00020562003 | J14: {=INDEX(LCI!M$2:M$130,MATCH('A1 - Raw Material Supply'!$B$14&'A1 - Raw Material Supply'!$D$14,LCI!$B$2:$B$130&LCI!$D$2:$D$130,0))*$C14} -> 0.37977549 | K14: {=INDEX(LCI!N$2:N$130,MATCH('A1 - Raw Material Supply'!$B$14&'A1 - Raw Material Supply'!$D$14,LCI!$B$2:$B$130&LCI!$D$2:$D$130,0))*$C14} -> 2.0373321 | L14: {=INDEX(LCI!O$2:O$130,MATCH('A1 - Raw Material Supply'!$B$14&'A1 - Raw Material Supply'!$D$14,LCI!$B$2:$B$130&LCI!$D$2:$D$130,0))*$C14} -> 7.3105915e-05 | ... W14: {=INDEX(LCI!Z$2:Z$130,MATCH('A1 - Raw Material Supply'!$B$14&'A1 - Raw Material Supply'!$D$14,LCI!$B$2:$B$130&LCI!$D$2:$D$130,0))*$C14} -> 0.25392573
B15: =Input!A50 -> Filler 2 | C15: =+Input!B50*(1-Input!E50) -> 0 | D15: =Input!$C$50 -> No_filler | E15: {=INDEX(LCI!H$2:H$130,MATCH('A1 - Raw Material Supply'!$B$15&'A1 - Raw Material Supply'!$D$15,LCI!$B$2:$B$130&LCI!$D$2:$D$130,0))*$C15} -> 0 | F15: {=INDEX(LCI!I$2:I$130,MATCH('A1 - Raw Material Supply'!$B$15&'A1 - Raw Material Supply'!$D$15,LCI!$B$2:$B$130&LCI!$D$2:$D$130,0))*$C15} -> 0 | G15: {=INDEX(LCI!J$2:J$130,MATCH('A1 - Raw Material Supply'!$B$15&'A1 - Raw Material Supply'!$D$15,LCI!$B$2:$B$130&LCI!$D$2:$D$130,0))*$C15} -> 0 | H15: {=INDEX(LCI!K$2:K$130,MATCH('A1 - Raw Material Supply'!$B$15&'A1 - Raw Material Supply'!$D$15,LCI!$B$2:$B$130&LCI!$D$2:$D$130,0))*$C15} -> 0 | I15: {=INDEX(LCI!L$2:L$130,MATCH('A1 - Raw Material Supply'!$B$15&'A1 - Raw Material Supply'!$D$15,LCI!$B$2:$B$130&LCI!$D$2:$D$130,0))*$C15} -> 0 | J15: {=INDEX(LCI!M$2:M$130,MATCH('A1 - Raw Material Supply'!$B$15&'A1 - Raw Material Supply'!$D$15,LCI!$B$2:$B$130&LCI!$D$2:$D$130,0))*$C15} -> 0 | K15: {=INDEX(LCI!N$2:N$130,MATCH('A1 - Raw Material Supply'!$B$15&'A1 - Raw Material Supply'!$D$15,LCI!$B$2:$B$130&LCI!$D$2:$D$130,0))*$C15} -> 0 | L15: {=INDEX(LCI!O$2:O$130,MATCH('A1 - Raw Material Supply'!$B$15&'A1 - Raw Material Supply'!$D$15,LCI!$B$2:$B$130&LCI!$D$2:$D$130,0))*$C15} -> 0 | ... W15: {=INDEX(LCI!Z$2:Z$130,MATCH('A1 - Raw Material Supply'!$B$15&'A1 - Raw Material Supply'!$D$15,LCI!$B$2:$B$130&LCI!$D$2:$D$130,0))*$C15} -> 0
A16: Reclaimed Asphalt Pavement | B16: =Input!A51 -> RAP 1
B17: =Input!A52 -> RAP 2
A18: Recycled Waste | B18: =Input!A53 -> Other_waste 1
B19: =Input!A54 -> Other_waste 2
A20: Additive | B20: =Input!A55 -> Additive 1 | C20: =+Input!B55*(1-Input!E55) -> 0.0033 | D20: =Input!$C$55 -> Cellulose_fibres | E20: {=INDEX(LCI!H$2:H$130,MATCH('A1 - Raw Material Supply'!$B$20&'A1 - Raw Material Supply'!$D$20,LCI!$B$2:$B$130&LCI!$D$2:$D$130,0))*$C$20} -> 0.0052168552 | F20: {=INDEX(LCI!I$2:I$130,MATCH('A1 - Raw Material Supply'!$B$20&'A1 - Raw Material Supply'!$D$20,LCI!$B$2:$B$130&LCI!$D$2:$D$130,0))*$C$20} -> 0.65423526 | G20: {=INDEX(LCI!J$2:J$130,MATCH('A1 - Raw Material Supply'!$B$20&'A1 - Raw Material Supply'!$D$20,LCI!$B$2:$B$130&LCI!$D$2:$D$130,0))*$C$20} -> 0.10686811 | H20: {=INDEX(LCI!K$2:K$130,MATCH('A1 - Raw Material Supply'!$B$20&'A1 - Raw Material Supply'!$D$20,LCI!$B$2:$B$130&LCI!$D$2:$D$130,0))*$C$20} -> 0.54691622 | I20: {=INDEX(LCI!L$2:L$130,MATCH('A1 - Raw Material Supply'!$B$20&'A1 - Raw Material Supply'!$D$20,LCI!$B$2:$B$130&LCI!$D$2:$D$130,0))*$C$20} -> 0.00045093023 | J20: {=INDEX(LCI!M$2:M$130,MATCH('A1 - Raw Material Supply'!$B$20&'A1 - Raw Material Supply'!$D$20,LCI!$B$2:$B$130&LCI!$D$2:$D$130,0))*$C$20} -> 2.7323847 | K20: {=INDEX(LCI!N$2:N$130,MATCH('A1 - Raw Material Supply'!$B$20&'A1 - Raw Material Supply'!$D$20,LCI!$B$2:$B$130&LCI!$D$2:$D$130,0))*$C$20} -> 7.5519829 | L20: {=INDEX(LCI!O$2:O$130,MATCH('A1 - Raw Material Supply'!$B$20&'A1 - Raw Material Supply'!$D$20,LCI!$B$2:$B$130&LCI!$D$2:$D$130,0))*$C$20} -> 0.00017251446 | ... W20: {=INDEX(LCI!Z$2:Z$130,MATCH('A1 - Raw Material Supply'!$B$20&'A1 - Raw Material Supply'!$D$20,LCI!$B$2:$B$130&LCI!$D$2:$D$130,0))*$C$20} -> 0.33021434
B21: =Input!A56 -> Additive 2 | C21: =+Input!B56*(1-Input!E56) -> 0 | D21: =Input!$C$56 -> No_additives | E21: {=INDEX(LCI!H$2:H$130,MATCH('A1 - Raw Material Supply'!$B$21&'A1 - Raw Material Supply'!$D$21,LCI!$B$2:$B$130&LCI!$D$2:$D$130,0))*$C$21} -> 0 | F21: {=INDEX(LCI!I$2:I$130,MATCH('A1 - Raw Material Supply'!$B$21&'A1 - Raw Material Supply'!$D$21,LCI!$B$2:$B$130&LCI!$D$2:$D$130,0))*$C$21} -> 0 | G21: {=INDEX(LCI!J$2:J$130,MATCH('A1 - Raw Material Supply'!$B$21&'A1 - Raw Material Supply'!$D$21,LCI!$B$2:$B$130&LCI!$D$2:$D$130,0))*$C$21} -> 0 | H21: {=INDEX(LCI!K$2:K$130,MATCH('A1 - Raw Material Supply'!$B$21&'A1 - Raw Material Supply'!$D$21,LCI!$B$2:$B$130&LCI!$D$2:$D$130,0))*$C$21} -> 0 | I21: {=INDEX(LCI!L$2:L$130,MATCH('A1 - Raw Material Supply'!$B$21&'A1 - Raw Material Supply'!$D$21,LCI!$B$2:$B$130&LCI!$D$2:$D$130,0))*$C$21} -> 0 | J21: {=INDEX(LCI!M$2:M$130,MATCH('A1 - Raw Material Supply'!$B$21&'A1 - Raw Material Supply'!$D$21,LCI!$B$2:$B$130&LCI!$D$2:$D$130,0))*$C$21} -> 0 | K21: {=INDEX(LCI!N$2:N$130,MATCH('A1 - Raw Material Supply'!$B$21&'A1 - Raw Material Supply'!$D$21,LCI!$B$2:$B$130&LCI!$D$2:$D$130,0))*$C$21} -> 0 | L21: {=INDEX(LCI!O$2:O$130,MATCH('A1 - Raw Material Supply'!$B$21&'A1 - Raw Material Supply'!$D$21,LCI!$B$2:$B$130&LCI!$D$2:$D$130,0))*$C$21} -> 0 | ... W21: {=INDEX(LCI!Z$2:Z$130,MATCH('A1 - Raw Material Supply'!$B$21&'A1 - Raw Material Supply'!$D$21,LCI!$B$2:$B$130&LCI!$D$2:$D$130,0))*$C$21} -> 0
B22: =Input!A57 -> Additive 3 | C22: =+Input!B57*(1-Input!E57) -> 0 | D22: =Input!$C$57 -> No_additives | E22: {=INDEX(LCI!H$2:H$130,MATCH('A1 - Raw Material Supply'!$B$22&'A1 - Raw Material Supply'!$D$22,LCI!$B$2:$B$130&LCI!$D$2:$D$130,0))*$C$22} -> 0 | F22: {=INDEX(LCI!I$2:I$130,MATCH('A1 - Raw Material Supply'!$B$22&'A1 - Raw Material Supply'!$D$22,LCI!$B$2:$B$130&LCI!$D$2:$D$130,0))*$C$22} -> 0 | G22: {=INDEX(LCI!J$2:J$130,MATCH('A1 - Raw Material Supply'!$B$22&'A1 - Raw Material Supply'!$D$22,LCI!$B$2:$B$130&LCI!$D$2:$D$130,0))*$C$22} -> 0 | H22: {=INDEX(LCI!K$2:K$130,MATCH('A1 - Raw Material Supply'!$B$22&'A1 - Raw Material Supply'!$D$22,LCI!$B$2:$B$130&LCI!$D$2:$D$130,0))*$C$22} -> 0 | I22: {=INDEX(LCI!L$2:L$130,MATCH('A1 - Raw Material Supply'!$B$22&'A1 - Raw Material Supply'!$D$22,LCI!$B$2:$B$130&LCI!$D$2:$D$130,0))*$C$22} -> 0 | J22: {=INDEX(LCI!M$2:M$130,MATCH('A1 - Raw Material Supply'!$B$22&'A1 - Raw Material Supply'!$D$22,LCI!$B$2:$B$130&LCI!$D$2:$D$130,0))*$C$22} -> 0 | K22: {=INDEX(LCI!N$2:N$130,MATCH('A1 - Raw Material Supply'!$B$22&'A1 - Raw Material Supply'!$D$22,LCI!$B$2:$B$130&LCI!$D$2:$D$130,0))*$C$22} -> 0 | L22: {=INDEX(LCI!O$2:O$130,MATCH('A1 - Raw Material Supply'!$B$22&'A1 - Raw Material Supply'!$D$22,LCI!$B$2:$B$130&LCI!$D$2:$D$130,0))*$C$22} -> 0 | ... W22: {=INDEX(LCI!Z$2:Z$130,MATCH('A1 - Raw Material Supply'!$B$22&'A1 - Raw Material Supply'!$D$22,LCI!$B$2:$B$130&LCI!$D$2:$D$130,0))*$C$22} -> 0
A23: Total | C23: =SUM(C4:C22) -> 0.63896 | E23: =SUM(E4:E22) -> 0.07606603 | F23: =SUM(F4:F22) -> 14.605727 | G23: =SUM(G4:G22) -> 0.15907702 | H23: =SUM(H4:H22) -> 14.447676 | I23: =SUM(I4:I22) -> 0.0070618731 | J23: =SUM(J4:J22) -> 648.07216 | K23: =SUM(K4:K22) -> 1053.1269 | L23: =SUM(L4:L22) -> 0.00038657618 | ... W23: =SUM(W4:W22) -> 3.5963311
A26: Impacts: Biogenic asphalt mix components
A27: Components | B27: Materials | C27: Mass (ton] | D27: List | E27: acidification | accumulated exceedance (AE) mol H+ -eq | F27: climate change | global warming potential (GWP100) kgCO2-Eq | G27: climate change: biogenic | global warming potential (GWP100) kgCO2-Eq | H27: climate change: fossil | global warming potential (GWP100) kgCO2-Eq | I27: land use and land use change | global warming potential (GWP100) kgCO2-Eq | J27: ecotoxicity: freshwater | comparative toxic unit for ecosystems (CTUe) | K27: energy resources: non-renewable | abiotic depletion potential (ADP): fossil fuels MJ, net calorific value | L27: eutrophication: freshwater | fraction of nutrients reaching freshwater end compartment (P) | M27: eutrophication: marine | fraction of nutrients reaching marine end compartment (N) kg N-Eq | N27: eutrophication: terrestrial | accumulated exceedance (AE) mol N-Eq | O27: human toxicity: carcinogenic | comparative toxic unit for human (CTUh) | P27: human toxicity: non-carcinogenic | comparative toxic unit for human (CTUh) | Q27: ionising radiation: human health | human exposure efficiency relative to u235 kBq U235-Eq | R27: land use | soil quality index dimensionless | S27: material resources: metals/minerals | abiotic depletion potential (ADP): elements (ultimate reserves) kg Sb-Eq | T27: ozone depletion|ozone depletion potential (ODP) kg CFC-11-Eq | U27: particulate matter formation | impact on human health | V27: photochemical oxidant formation: human health | tropospheric ozone concentration increase kg NMVOC-Eq | W27: water use | user deprivation potential (deprivation-weighted water consumption) m3 world eq deprived
A28: Binder | B28: Binder_biogenic | C28: =Input!B39*Input!E39 -> 0 | D28: =Input!$D39 -> No | E28: {=_xlfn.IFNA(INDEX(LCI!H$2:H$137,MATCH('A1 - Raw Material Supply'!$B$28&'A1 - Raw Material Supply'!$D$28,LCI!$B$2:$B$137&LCI!$D$2:$D$137,0))*$C28,0)} -> 0 | F28: {=_xlfn.IFNA(INDEX(LCI!I$2:I$137,MATCH('A1 - Raw Material Supply'!$B$28&'A1 - Raw Material Supply'!$D$28,LCI!$B$2:$B$137&LCI!$D$2:$D$137,0))*$C28,0)} -> 0 | G28: {=_xlfn.IFNA(INDEX(LCI!J$2:J$137,MATCH('A1 - Raw Material Supply'!$B$28&'A1 - Raw Material Supply'!$D$28,LCI!$B$2:$B$137&LCI!$D$2:$D$137,0))*$C28,0)} -> 0 | H28: {=_xlfn.IFNA(INDEX(LCI!K$2:K$137,MATCH('A1 - Raw Material Supply'!$B$28&'A1 - Raw Material Supply'!$D$28,LCI!$B$2:$B$137&LCI!$D$2:$D$137,0))*$C28,0)} -> 0 | I28: {=_xlfn.IFNA(INDEX(LCI!L$2:L$137,MATCH('A1 - Raw Material Supply'!$B$28&'A1 - Raw Material Supply'!$D$28,LCI!$B$2:$B$137&LCI!$D$2:$D$137,0))*$C28,0)} -> 0 | J28: {=_xlfn.IFNA(INDEX(LCI!M$2:M$137,MATCH('A1 - Raw Material Supply'!$B$28&'A1 - Raw Material Supply'!$D$28,LCI!$B$2:$B$137&LCI!$D$2:$D$137,0))*$C28,0)} -> 0 | K28: {=_xlfn.IFNA(INDEX(LCI!N$2:N$137,MATCH('A1 - Raw Material Supply'!$B$28&'A1 - Raw Material Supply'!$D$28,LCI!$B$2:$B$137&LCI!$D$2:$D$137,0))*$C28,0)} -> 0 | L28: {=_xlfn.IFNA(INDEX(LCI!O$2:O$137,MATCH('A1 - Raw Material Supply'!$B$28&'A1 - Raw Material Supply'!$D$28,LCI!$B$2:$B$137&LCI!$D$2:$D$137,0))*$C28,0)} -> 0 | ... W28: {=_xlfn.IFNA(INDEX(LCI!Z$2:Z$137,MATCH('A1 - Raw Material Supply'!$B$28&'A1 - Raw Material Supply'!$D$28,LCI!$B$2:$B$137&LCI!$D$2:$D$137,0))*$C28,0)} -> 0
A29: Aggregate | B29: =Input!A40 -> Virgin crushed coarse aggregate 1 (>2 mm)
B30: =Input!A41 -> Virgin crushed coarse aggregate 2 (>2 mm)
B31: =Input!A42 -> Virgin crushed coarse aggregate 3 (>2 mm)
B32: =Input!A43 -> Virgin crushed fine aggregate 1 (≤2 mm)
B33: =Input!A44 -> Virgin crushed fine aggregate 2 (≤2 mm)
B34: =Input!A45 -> Virgin crushed fine aggregate 3 (≤2 mm)
B35: =Input!A46 -> Virgin natural fine aggregate 1 (≤2 mm)
B36: =Input!A47 -> Virgin natural fine aggregate 2 (≤2 mm)
B37: =Input!A48 -> Virgin natural fine aggregate 3 (≤2 mm)
A38: Filler | B38: =Input!A49 -> Filler 1
B39: =Input!A50 -> Filler 2
A40: Reclaimed Asphalt Pavement | B40: =Input!A51 -> RAP 1
B41: =Input!A52 -> RAP 2
A42: Recycled Waste | B42: =Input!A53 -> Other_waste 1
B43: =Input!A54 -> Other_waste 2
A44: Additive | B44: =Input!A55 -> Additive 1
B45: =Input!A56 -> Additive 2
B46: =Input!A57 -> Additive 3
A47: Total | C47: =SUM(C28:C46) -> 0 | E47: =SUM(E28:E46) -> 0 | F47: =SUM(F28:F46) -> 0 | G47: =SUM(G28:G46) -> 0 | H47: =SUM(H28:H46) -> 0 | I47: =SUM(I28:I46) -> 0 | J47: =SUM(J28:J46) -> 0 | K47: =SUM(K28:K46) -> 0 | L47: =SUM(L28:L46) -> 0 | ... W47: =SUM(W28:W46) -> 0
A50: Total Impacts: Asphalt mix components + Biogenic component
A51: Calculated by taking (100%-Biogenic %) x material + Biogenic % x material
A53: (PEF) Environmental impact categories | E53: acidification | accumulated exceedance (AE) mol H+ -eq | F53: climate change | global warming potential (GWP100) kgCO2-Eq | G53: climate change: biogenic | global warming potential (GWP100) kgCO2-Eq | H53: climate change: fossil | global warming potential (GWP100) kgCO2-Eq | I53: land use and land use change | global warming potential (GWP100) kgCO2-Eq | J53: ecotoxicity: freshwater | comparative toxic unit for ecosystems (CTUe) | K53: energy resources: non-renewable | abiotic depletion potential (ADP): fossil fuels MJ, net calorific value | L53: eutrophication: freshwater | fraction of nutrients reaching freshwater end compartment (P) | M53: eutrophication: marine | fraction of nutrients reaching marine end compartment (N) kg N-Eq | N53: eutrophication: terrestrial | accumulated exceedance (AE) mol N-Eq | O53: human toxicity: carcinogenic | comparative toxic unit for human (CTUh) | P53: human toxicity: non-carcinogenic | comparative toxic unit for human (CTUh) | Q53: ionising radiation: human health | human exposure efficiency relative to u235 kBq U235-Eq | R53: land use | soil quality index dimensionless | S53: material resources: metals/minerals | abiotic depletion potential (ADP): elements (ultimate reserves) kg Sb-Eq | T53: ozone depletion|ozone depletion potential (ODP) kg CFC-11-Eq | U53: particulate matter formation | impact on human health | V53: photochemical oxidant formation: human health | tropospheric ozone concentration increase kg NMVOC-Eq | W53: water use | user deprivation potential (deprivation-weighted water consumption) m3 world eq deprived
A54: Total Impacts (incl. biogenic materials) | E54: =E23+E47 -> 0.07606603 | F54: =F23+F47 -> 14.605727 | G54: =G23+G47 -> 0.15907702 | H54: =H23+H47 -> 14.447676 | I54: =I23+I47 -> 0.0070618731 | J54: =J23+J47 -> 648.07216 | K54: =K23+K47 -> 1053.1269 | L54: =L23+L47 -> 0.00038657618 | ... W54: =W23+W47 -> 3.5963311
A57: The impact results have been reorganized from the above data to present the outcomes for each impact category.
A61: Impacts: Asphalt mix components (per impact category)
B63: Aggregates | L63: Fillers | O63: Binder | P63: RAP | S63: Other Waste | V63: Additives
B64: Virgin crushed coarse aggregate 1 (>2 mm) | C64: Virgin crushed coarse aggregate 2 (>2 mm) | D64: Virgin crushed coarse aggregate 3 (>2 mm) | E64: Virgin crushed fine aggregate 1 (≤2 mm) | F64: Virgin crushed fine aggregate 2 (≤2 mm) | G64: Virgin crushed fine aggregate 3 (≤2 mm) | H64: Virgin natural fine aggregate 1 (≤2 mm) | I64: Virgin natural fine aggregate 2 (≤2 mm) | J64: Virgin natural fine aggregate 3 (≤2 mm) | K64: Total Aggregates | L64: Added filler 1 | M64: Added filler 2 | N64: Total Fillers | O64: Total | P64: RAP 1 | Q64: RAP 2 | R64: Total RAP | S64: Other Waste 1 | T64: Other Waste 2 | U64: Total Other Waste | V64: Additive 1 | W64: Additive 2 | X64: Additive 3 | Y64: Total Additives
A65: acidification | accumulated exceedance (AE) mol H+ -eq | B65: =INDEX(LCI!H$2:H$130,MATCH('A1 - Raw Material Supply'!$B5,LCI!$D$2:$D$130,0))*$C5 -> 0 | C65: =INDEX(LCI!H$2:H$130,MATCH('A1 - Raw Material Supply'!$B6,LCI!$D$2:$D$130,0))*$C6 -> 0.0055525776 | D65: =INDEX(LCI!H$2:H$130,MATCH('A1 - Raw Material Supply'!$B7,LCI!$D$2:$D$130,0))*$C7 -> 0.019216273 | E65: =INDEX(LCI!H$2:H$130,MATCH('A1 - Raw Material Supply'!$B8,LCI!$D$2:$D$130,0))*$C8 -> 0 | F65: =INDEX(LCI!H$2:H$130,MATCH('A1 - Raw Material Supply'!$B9,LCI!$D$2:$D$130,0))*$C9 -> 0 | G65: =INDEX(LCI!H$2:H$130,MATCH('A1 - Raw Material Supply'!$B10,LCI!$D$2:$D$130,0))*$C10 -> 0 | H65: =INDEX(LCI!H$2:H$130,MATCH('A1 - Raw Material Supply'!$B11,LCI!$D$2:$D$130,0))*$C11 -> 0.0070343064 | I65: =INDEX(LCI!H$2:H$130,MATCH('A1 - Raw Material Supply'!$B12,LCI!$D$2:$D$130,0))*$C12 -> 0 | J65: =INDEX(LCI!H$2:H$130,MATCH('A1 - Raw Material Supply'!$B13,LCI!$D$2:$D$130,0))*$C13 -> 0 | K65: =SUM(B65:J65) -> 0.031803157 | L65: {=INDEX(LCI!H$2:H$130,MATCH('A1 - Raw Material Supply'!$B$14&'A1 - Raw Material Supply'!$D$14,LCI!$B$2:$B$130&LCI!$D$2:$D$130,0))*$C14} -> 0.00093081697 | M65: {=INDEX(LCI!H$2:H$130,MATCH('A1 - Raw Material Supply'!$B$15&'A1 - Raw Material Supply'!$D$15,LCI!$B$2:$B$130&LCI!$D$2:$D$130,0))*$C15} -> 0 | N65: =L65+M65 -> 0.00093081697 | O65: {=INDEX(LCI!H$2:H$137,MATCH('A1 - Raw Material Supply'!$B4&'A1 - Raw Material Supply'!$D4,LCI!$B2:$B137&LCI!$D2:$D137,0))*$C4} -> 0.0381152 | V65: {=INDEX(LCI!H$2:H$130,MATCH('A1 - Raw Material Supply'!$B$20&'A1 - Raw Material Supply'!$D$20,LCI!$B$2:$B$130&LCI!$D$2:$D$130,0))*$C$20} -> 0.0052168552 | W65: {=INDEX(LCI!H$2:H$130,MATCH('A1 - Raw Material Supply'!$B$21&'A1 - Raw Material Supply'!$D$21,LCI!$B$2:$B$130&LCI!$D$2:$D$130,0))*$C$21} -> 0 | X65: {=INDEX(LCI!H$2:H$130,MATCH('A1 - Raw Material Supply'!$B$22&'A1 - Raw Material Supply'!$D$22,LCI!$B$2:$B$130&LCI!$D$2:$D$130,0))*$C$22} -> 0 | Y65: =V65+W65+X65 -> 0.0052168552
A66: climate change | global warming potential (GWP100) kgCO2-Eq | B66: =INDEX(LCI!I$2:I$130,MATCH('A1 - Raw Material Supply'!$B5,LCI!$D$2:$D$130,0))*$C5 -> 0 | C66: =INDEX(LCI!I$2:I$130,MATCH('A1 - Raw Material Supply'!$B6,LCI!$D$2:$D$130,0))*$C6 -> 0.28854915 | D66: =INDEX(LCI!I$2:I$130,MATCH('A1 - Raw Material Supply'!$B7,LCI!$D$2:$D$130,0))*$C7 -> 0.99860636 | E66: =INDEX(LCI!I$2:I$130,MATCH('A1 - Raw Material Supply'!$B8,LCI!$D$2:$D$130,0))*$C8 -> 0 | F66: =INDEX(LCI!I$2:I$130,MATCH('A1 - Raw Material Supply'!$B9,LCI!$D$2:$D$130,0))*$C9 -> 0 | G66: =INDEX(LCI!I$2:I$130,MATCH('A1 - Raw Material Supply'!$B10,LCI!$D$2:$D$130,0))*$C10 -> 0 | H66: =INDEX(LCI!I$2:I$130,MATCH('A1 - Raw Material Supply'!$B11,LCI!$D$2:$D$130,0))*$C11 -> 0.79787172 | I66: =INDEX(LCI!I$2:I$130,MATCH('A1 - Raw Material Supply'!$B12,LCI!$D$2:$D$130,0))*$C12 -> 0 | J66: =INDEX(LCI!I$2:I$130,MATCH('A1 - Raw Material Supply'!$B13,LCI!$D$2:$D$130,0))*$C13 -> 0 | K66: =SUM(B66:J66) -> 2.0850272 | L66: {=INDEX(LCI!I$2:I$130,MATCH('A1 - Raw Material Supply'!$B$14&'A1 - Raw Material Supply'!$D$14,LCI!$B$2:$B$130&LCI!$D$2:$D$130,0))*$C14} -> 0.12166438 | M66: {=INDEX(LCI!I$2:I$130,MATCH('A1 - Raw Material Supply'!$B$15&'A1 - Raw Material Supply'!$D$15,LCI!$B$2:$B$130&LCI!$D$2:$D$130,0))*$C15} -> 0 | N66: =L66+M66 -> 0.12166438 | O66: {=INDEX(LCI!I$2:I$137,MATCH('A1 - Raw Material Supply'!$B4&'A1 - Raw Material Supply'!$D4,LCI!$B2:$B137&LCI!$D2:$D137,0))*$C4} -> 11.7448 | V66: {=INDEX(LCI!I$2:I$130,MATCH('A1 - Raw Material Supply'!$B$20&'A1 - Raw Material Supply'!$D$20,LCI!$B$2:$B$130&LCI!$D$2:$D$130,0))*$C$20} -> 0.65423526 | W66: {=INDEX(LCI!I$2:I$130,MATCH('A1 - Raw Material Supply'!$B$21&'A1 - Raw Material Supply'!$D$21,LCI!$B$2:$B$130&LCI!$D$2:$D$130,0))*$C$21} -> 0 | X66: {=INDEX(LCI!I$2:I$130,MATCH('A1 - Raw Material Supply'!$B$22&'A1 - Raw Material Supply'!$D$22,LCI!$B$2:$B$130&LCI!$D$2:$D$130,0))*$C$22} -> 0 | Y66: =V66+W66+X66 -> 0.65423526
A67: climate change: biogenic | global warming potential (GWP100) kgCO2-Eq | B67: =INDEX(LCI!J$2:J$130,MATCH('A1 - Raw Material Supply'!$B5,LCI!$D$2:$D$130,0))*$C5 -> 0 | C67: =INDEX(LCI!J$2:J$130,MATCH('A1 - Raw Material Supply'!$B6,LCI!$D$2:$D$130,0))*$C6 -> 0.00088941089 | D67: =INDEX(LCI!J$2:J$130,MATCH('A1 - Raw Material Supply'!$B7,LCI!$D$2:$D$130,0))*$C7 -> 0.0030780593 | E67: =INDEX(LCI!J$2:J$130,MATCH('A1 - Raw Material Supply'!$B8,LCI!$D$2:$D$130,0))*$C8 -> 0 | F67: =INDEX(LCI!J$2:J$130,MATCH('A1 - Raw Material Supply'!$B9,LCI!$D$2:$D$130,0))*$C9 -> 0 | G67: =INDEX(LCI!J$2:J$130,MATCH('A1 - Raw Material Supply'!$B10,LCI!$D$2:$D$130,0))*$C10 -> 0 | H67: =INDEX(LCI!J$2:J$130,MATCH('A1 - Raw Material Supply'!$B11,LCI!$D$2:$D$130,0))*$C11 -> -0.00019195363 | I67: =INDEX(LCI!J$2:J$130,MATCH('A1 - Raw Material Supply'!$B12,LCI!$D$2:$D$130,0))*$C12 -> 0 | J67: =INDEX(LCI!J$2:J$130,MATCH('A1 - Raw Material Supply'!$B13,LCI!$D$2:$D$130,0))*$C13 -> 0 | K67: =SUM(B67:J67) -> 0.0037755165 | L67: {=INDEX(LCI!J$2:J$130,MATCH('A1 - Raw Material Supply'!$B$14&'A1 - Raw Material Supply'!$D$14,LCI!$B$2:$B$130&LCI!$D$2:$D$130,0))*$C14} -> 0.0018973974 | M67: {=INDEX(LCI!J$2:J$130,MATCH('A1 - Raw Material Supply'!$B$15&'A1 - Raw Material Supply'!$D$15,LCI!$B$2:$B$130&LCI!$D$2:$D$130,0))*$C15} -> 0 | N67: =L67+M67 -> 0.0018973974 | O67: {=INDEX(LCI!J$2:J$137,MATCH('A1 - Raw Material Supply'!$B4&'A1 - Raw Material Supply'!$D4,LCI!$B2:$B137&LCI!$D2:$D137,0))*$C4} -> 0.046536 | V67: {=INDEX(LCI!J$2:J$130,MATCH('A1 - Raw Material Supply'!$B$20&'A1 - Raw Material Supply'!$D$20,LCI!$B$2:$B$130&LCI!$D$2:$D$130,0))*$C$20} -> 0.10686811 | W67: {=INDEX(LCI!J$2:J$130,MATCH('A1 - Raw Material Supply'!$B$21&'A1 - Raw Material Supply'!$D$21,LCI!$B$2:$B$130&LCI!$D$2:$D$130,0))*$C$21} -> 0 | X67: {=INDEX(LCI!J$2:J$130,MATCH('A1 - Raw Material Supply'!$B$22&'A1 - Raw Material Supply'!$D$22,LCI!$B$2:$B$130&LCI!$D$2:$D$130,0))*$C$22} -> 0 | Y67: =V67+W67+X67 -> 0.10686811
A68: climate change: fossil | global warming potential (GWP100) kgCO2-Eq | B68: =INDEX(LCI!K$2:K$130,MATCH('A1 - Raw Material Supply'!$B5,LCI!$D$2:$D$130,0))*$C5 -> 0 | C68: =INDEX(LCI!K$2:K$130,MATCH('A1 - Raw Material Supply'!$B6,LCI!$D$2:$D$130,0))*$C6 -> 0.28756488 | D68: =INDEX(LCI!K$2:K$130,MATCH('A1 - Raw Material Supply'!$B7,LCI!$D$2:$D$130,0))*$C7 -> 0.99520003 | E68: =INDEX(LCI!K$2:K$130,MATCH('A1 - Raw Material Supply'!$B8,LCI!$D$2:$D$130,0))*$C8 -> 0 | F68: =INDEX(LCI!K$2:K$130,MATCH('A1 - Raw Material Supply'!$B9,LCI!$D$2:$D$130,0))*$C9 -> 0 | G68: =INDEX(LCI!K$2:K$130,MATCH('A1 - Raw Material Supply'!$B10,LCI!$D$2:$D$130,0))*$C10 -> 0 | H68: =INDEX(LCI!K$2:K$130,MATCH('A1 - Raw Material Supply'!$B11,LCI!$D$2:$D$130,0))*$C11 -> 0.79795388 | I68: =INDEX(LCI!K$2:K$130,MATCH('A1 - Raw Material Supply'!$B12,LCI!$D$2:$D$130,0))*$C12 -> 0 | J68: =INDEX(LCI!K$2:K$130,MATCH('A1 - Raw Material Supply'!$B13,LCI!$D$2:$D$130,0))*$C13 -> 0 | K68: =SUM(B68:J68) -> 2.0807188 | L68: {=INDEX(LCI!K$2:K$130,MATCH('A1 - Raw Material Supply'!$B$14&'A1 - Raw Material Supply'!$D$14,LCI!$B$2:$B$130&LCI!$D$2:$D$130,0))*$C14} -> 0.11956136 | M68: {=INDEX(LCI!K$2:K$130,MATCH('A1 - Raw Material Supply'!$B$15&'A1 - Raw Material Supply'!$D$15,LCI!$B$2:$B$130&LCI!$D$2:$D$130,0))*$C15} -> 0 | N68: =L68+M68 -> 0.11956136 | O68: {=INDEX(LCI!K$2:K$137,MATCH('A1 - Raw Material Supply'!$B4&'A1 - Raw Material Supply'!$D4,LCI!$B2:$B137&LCI!$D2:$D137,0))*$C4} -> 11.70048 | V68: {=INDEX(LCI!K$2:K$130,MATCH('A1 - Raw Material Supply'!$B$20&'A1 - Raw Material Supply'!$D$20,LCI!$B$2:$B$130&LCI!$D$2:$D$130,0))*$C$20} -> 0.54691622 | W68: {=INDEX(LCI!K$2:K$130,MATCH('A1 - Raw Material Supply'!$B$21&'A1 - Raw Material Supply'!$D$21,LCI!$B$2:$B$130&LCI!$D$2:$D$130,0))*$C$21} -> 0 | X68: {=INDEX(LCI!K$2:K$130,MATCH('A1 - Raw Material Supply'!$B$22&'A1 - Raw Material Supply'!$D$22,LCI!$B$2:$B$130&LCI!$D$2:$D$130,0))*$C$22} -> 0 | Y68: =V68+W68+X68 -> 0.54691622
A69: land use and land use change | global warming potential (GWP100) kgCO2-Eq | B69: =INDEX(LCI!L$2:L$130,MATCH('A1 - Raw Material Supply'!$B5,LCI!$D$2:$D$130,0))*$C5 -> 0 | C69: =INDEX(LCI!L$2:L$130,MATCH('A1 - Raw Material Supply'!$B6,LCI!$D$2:$D$130,0))*$C6 -> 9.485434e-05 | D69: =INDEX(LCI!L$2:L$130,MATCH('A1 - Raw Material Supply'!$B7,LCI!$D$2:$D$130,0))*$C7 -> 0.00032827041 | E69: =INDEX(LCI!L$2:L$130,MATCH('A1 - Raw Material Supply'!$B8,LCI!$D$2:$D$130,0))*$C8 -> 0 | F69: =INDEX(LCI!L$2:L$130,MATCH('A1 - Raw Material Supply'!$B9,LCI!$D$2:$D$130,0))*$C9 -> 0 | G69: =INDEX(LCI!L$2:L$130,MATCH('A1 - Raw Material Supply'!$B10,LCI!$D$2:$D$130,0))*$C10 -> 0 | H69: =INDEX(LCI!L$2:L$130,MATCH('A1 - Raw Material Supply'!$B11,LCI!$D$2:$D$130,0))*$C11 -> 0.00010979808 | I69: =INDEX(LCI!L$2:L$130,MATCH('A1 - Raw Material Supply'!$B12,LCI!$D$2:$D$130,0))*$C12 -> 0 | J69: =INDEX(LCI!L$2:L$130,MATCH('A1 - Raw Material Supply'!$B13,LCI!$D$2:$D$130,0))*$C13 -> 0 | K69: =SUM(B69:J69) -> 0.00053292283 | L69: {=INDEX(LCI!L$2:L$130,MATCH('A1 - Raw Material Supply'!$B$14&'A1 - Raw Material Supply'!$D$14,LCI!$B$2:$B$130&LCI!$D$2:$D$130,0))*$C14} -> 0.00020562003 | M69: {=INDEX(LCI!L$2:L$130,MATCH('A1 - Raw Material Supply'!$B$15&'A1 - Raw Material Supply'!$D$15,LCI!$B$2:$B$130&LCI!$D$2:$D$130,0))*$C15} -> 0 | N69: =L69+M69 -> 0.00020562003 | O69: {=INDEX(LCI!L$2:L$137,MATCH('A1 - Raw Material Supply'!$B4&'A1 - Raw Material Supply'!$D4,LCI!$B2:$B137&LCI!$D2:$D137,0))*$C4} -> 0.0058724 | V69: {=INDEX(LCI!L$2:L$130,MATCH('A1 - Raw Material Supply'!$B$20&'A1 - Raw Material Supply'!$D$20,LCI!$B$2:$B$130&LCI!$D$2:$D$130,0))*$C$20} -> 0.00045093023 | W69: {=INDEX(LCI!L$2:L$130,MATCH('A1 - Raw Material Supply'!$B$21&'A1 - Raw Material Supply'!$D$21,LCI!$B$2:$B$130&LCI!$D$2:$D$130,0))*$C$21} -> 0 | X69: {=INDEX(LCI!L$2:L$130,MATCH('A1 - Raw Material Supply'!$B$22&'A1 - Raw Material Supply'!$D$22,LCI!$B$2:$B$130&LCI!$D$2:$D$130,0))*$C$22} -> 0 | Y69: =V69+W69+X69 -> 0.00045093023
A70: ecotoxicity: freshwater | comparative toxic unit for ecosystems (CTUe) | B70: =INDEX(LCI!M$2:M$130,MATCH('A1 - Raw Material Supply'!$B5,LCI!$D$2:$D$130,0))*$C5 -> 0 | C70: =INDEX(LCI!M$2:M$130,MATCH('A1 - Raw Material Supply'!$B6,LCI!$D$2:$D$130,0))*$C6 -> 2.8511987 | D70: =INDEX(LCI!M$2:M$130,MATCH('A1 - Raw Material Supply'!$B7,LCI!$D$2:$D$130,0))*$C7 -> 9.8673837 | E70: =INDEX(LCI!M$2:M$130,MATCH('A1 - Raw Material Supply'!$B8,LCI!$D$2:$D$130,0))*$C8 -> 0 | F70: =INDEX(LCI!M$2:M$130,MATCH('A1 - Raw Material Supply'!$B9,LCI!$D$2:$D$130,0))*$C9 -> 0 | G70: =INDEX(LCI!M$2:M$130,MATCH('A1 - Raw Material Supply'!$B10,LCI!$D$2:$D$130,0))*$C10 -> 0 | H70: =INDEX(LCI!M$2:M$130,MATCH('A1 - Raw Material Supply'!$B11,LCI!$D$2:$D$130,0))*$C11 -> 0.68141438 | I70: =INDEX(LCI!M$2:M$130,MATCH('A1 - Raw Material Supply'!$B12,LCI!$D$2:$D$130,0))*$C12 -> 0 | J70: =INDEX(LCI!M$2:M$130,MATCH('A1 - Raw Material Supply'!$B13,LCI!$D$2:$D$130,0))*$C13 -> 0 | K70: =SUM(B70:J70) -> 13.399997 | L70: {=INDEX(LCI!M$2:M$130,MATCH('A1 - Raw Material Supply'!$B$14&'A1 - Raw Material Supply'!$D$14,LCI!$B$2:$B$130&LCI!$D$2:$D$130,0))*$C14} -> 0.37977549 | M70: {=INDEX(LCI!M$2:M$130,MATCH('A1 - Raw Material Supply'!$B$15&'A1 - Raw Material Supply'!$D$15,LCI!$B$2:$B$130&LCI!$D$2:$D$130,0))*$C15} -> 0 | N70: =L70+M70 -> 0.37977549 | O70: {=INDEX(LCI!M$2:M$137,MATCH('A1 - Raw Material Supply'!$B4&'A1 - Raw Material Supply'!$D4,LCI!$B2:$B137&LCI!$D2:$D137,0))*$C4} -> 631.56 | V70: {=INDEX(LCI!M$2:M$130,MATCH('A1 - Raw Material Supply'!$B$20&'A1 - Raw Material Supply'!$D$20,LCI!$B$2:$B$130&LCI!$D$2:$D$130,0))*$C$20} -> 2.7323847 | W70: {=INDEX(LCI!M$2:M$130,MATCH('A1 - Raw Material Supply'!$B$21&'A1 - Raw Material Supply'!$D$21,LCI!$B$2:$B$130&LCI!$D$2:$D$130,0))*$C$21} -> 0 | X70: {=INDEX(LCI!M$2:M$130,MATCH('A1 - Raw Material Supply'!$B$22&'A1 - Raw Material Supply'!$D$22,LCI!$B$2:$B$130&LCI!$D$2:$D$130,0))*$C$22} -> 0 | Y70: =V70+W70+X70 -> 2.7323847
A71: energy resources: non-renewable | abiotic depletion potential (ADP): fossil fuels MJ, net calorific value | B71: =INDEX(LCI!N$2:N$130,MATCH('A1 - Raw Material Supply'!$B5,LCI!$D$2:$D$130,0))*$C5 -> 0 | C71: =INDEX(LCI!N$2:N$130,MATCH('A1 - Raw Material Supply'!$B6,LCI!$D$2:$D$130,0))*$C6 -> 4.0886678 | D71: =INDEX(LCI!N$2:N$130,MATCH('A1 - Raw Material Supply'!$B7,LCI!$D$2:$D$130,0))*$C7 -> 14.149997 | E71: =INDEX(LCI!N$2:N$130,MATCH('A1 - Raw Material Supply'!$B8,LCI!$D$2:$D$130,0))*$C8 -> 0 | F71: =INDEX(LCI!N$2:N$130,MATCH('A1 - Raw Material Supply'!$B9,LCI!$D$2:$D$130,0))*$C9 -> 0 | G71: =INDEX(LCI!N$2:N$130,MATCH('A1 - Raw Material Supply'!$B10,LCI!$D$2:$D$130,0))*$C10 -> 0 | H71: =INDEX(LCI!N$2:N$130,MATCH('A1 - Raw Material Supply'!$B11,LCI!$D$2:$D$130,0))*$C11 -> 10.370945 | I71: =INDEX(LCI!N$2:N$130,MATCH('A1 - Raw Material Supply'!$B12,LCI!$D$2:$D$130,0))*$C12 -> 0 | J71: =INDEX(LCI!N$2:N$130,MATCH('A1 - Raw Material Supply'!$B13,LCI!$D$2:$D$130,0))*$C13 -> 0 | K71: =SUM(B71:J71) -> 28.60961 | L71: {=INDEX(LCI!N$2:N$130,MATCH('A1 - Raw Material Supply'!$B$14&'A1 - Raw Material Supply'!$D$14,LCI!$B$2:$B$130&LCI!$D$2:$D$130,0))*$C14} -> 2.0373321 | M71: {=INDEX(LCI!N$2:N$130,MATCH('A1 - Raw Material Supply'!$B$15&'A1 - Raw Material Supply'!$D$15,LCI!$B$2:$B$130&LCI!$D$2:$D$130,0))*$C15} -> 0 | N71: =L71+M71 -> 2.0373321 | O71: {=INDEX(LCI!N$2:N$137,MATCH('A1 - Raw Material Supply'!$B4&'A1 - Raw Material Supply'!$D4,LCI!$B2:$B137&LCI!$D2:$D137,0))*$C4} -> 1014.928 | V71: {=INDEX(LCI!N$2:N$130,MATCH('A1 - Raw Material Supply'!$B$20&'A1 - Raw Material Supply'!$D$20,LCI!$B$2:$B$130&LCI!$D$2:$D$130,0))*$C$20} -> 7.5519829 | W71: {=INDEX(LCI!N$2:N$130,MATCH('A1 - Raw Material Supply'!$B$21&'A1 - Raw Material Supply'!$D$21,LCI!$B$2:$B$130&LCI!$D$2:$D$130,0))*$C$21} -> 0 | X71: {=INDEX(LCI!N$2:N$130,MATCH('A1 - Raw Material Supply'!$B$22&'A1 - Raw Material Supply'!$D$22,LCI!$B$2:$B$130&LCI!$D$2:$D$130,0))*$C$22} -> 0 | Y71: =V71+W71+X71 -> 7.5519829
A72: eutrophication: freshwater | fraction of nutrients reaching freshwater end compartment (P) | B72: =INDEX(LCI!O$2:O$130,MATCH('A1 - Raw Material Supply'!$B5,LCI!$D$2:$D$130,0))*$C5 -> 0 | C72: =INDEX(LCI!O$2:O$130,MATCH('A1 - Raw Material Supply'!$B6,LCI!$D$2:$D$130,0))*$C6 -> 2.132093e-05 | D72: =INDEX(LCI!O$2:O$130,MATCH('A1 - Raw Material Supply'!$B7,LCI!$D$2:$D$130,0))*$C7 -> 7.3787142e-05 | E72: =INDEX(LCI!O$2:O$130,MATCH('A1 - Raw Material Supply'!$B8,LCI!$D$2:$D$130,0))*$C8 -> 0 | F72: =INDEX(LCI!O$2:O$130,MATCH('A1 - Raw Material Supply'!$B9,LCI!$D$2:$D$130,0))*$C9 -> 0 | G72: =INDEX(LCI!O$2:O$130,MATCH('A1 - Raw Material Supply'!$B10,LCI!$D$2:$D$130,0))*$C10 -> 0 | H72: =INDEX(LCI!O$2:O$130,MATCH('A1 - Raw Material Supply'!$B11,LCI!$D$2:$D$130,0))*$C11 -> 3.5986534e-05 | I72: =INDEX(LCI!O$2:O$130,MATCH('A1 - Raw Material Supply'!$B12,LCI!$D$2:$D$130,0))*$C12 -> 0 | J72: =INDEX(LCI!O$2:O$130,MATCH('A1 - Raw Material Supply'!$B13,LCI!$D$2:$D$130,0))*$C13 -> 0 | K72: =SUM(B72:J72) -> 0.00013109461 | L72: {=INDEX(LCI!O$2:O$130,MATCH('A1 - Raw Material Supply'!$B$14&'A1 - Raw Material Supply'!$D$14,LCI!$B$2:$B$130&LCI!$D$2:$D$130,0))*$C14} -> 7.3105915e-05 | M72: {=INDEX(LCI!O$2:O$130,MATCH('A1 - Raw Material Supply'!$B$15&'A1 - Raw Material Supply'!$D$15,LCI!$B$2:$B$130&LCI!$D$2:$D$130,0))*$C15} -> 0 | N72: =L72+M72 -> 7.3105915e-05 | O72: {=INDEX(LCI!O$2:O$137,MATCH('A1 - Raw Material Supply'!$B4&'A1 - Raw Material Supply'!$D4,LCI!$B2:$B137&LCI!$D2:$D137,0))*$C4} -> 9.8612e-06 | V72: {=INDEX(LCI!O$2:O$130,MATCH('A1 - Raw Material Supply'!$B$20&'A1 - Raw Material Supply'!$D$20,LCI!$B$2:$B$130&LCI!$D$2:$D$130,0))*$C$20} -> 0.00017251446 | W72: {=INDEX(LCI!O$2:O$130,MATCH('A1 - Raw Material Supply'!$B$21&'A1 - Raw Material Supply'!$D$21,LCI!$B$2:$B$130&LCI!$D$2:$D$130,0))*$C$21} -> 0 | X72: {=INDEX(LCI!O$2:O$130,MATCH('A1 - Raw Material Supply'!$B$22&'A1 - Raw Material Supply'!$D$22,LCI!$B$2:$B$130&LCI!$D$2:$D$130,0))*$C$22} -> 0 | Y72: =V72+W72+X72 -> 0.00017251446
A73: eutrophication: marine | fraction of nutrients reaching marine end compartment (N) kg N-Eq | B73: =INDEX(LCI!P$2:P$130,MATCH('A1 - Raw Material Supply'!$B5,LCI!$D$2:$D$130,0))*$C5 -> 0 | C73: =INDEX(LCI!P$2:P$130,MATCH('A1 - Raw Material Supply'!$B6,LCI!$D$2:$D$130,0))*$C6 -> 0.0019945199 | D73: =INDEX(LCI!P$2:P$130,MATCH('A1 - Raw Material Supply'!$B7,LCI!$D$2:$D$130,0))*$C7 -> 0.0069026031 | E73: =INDEX(LCI!P$2:P$130,MATCH('A1 - Raw Material Supply'!$B8,LCI!$D$2:$D$130,0))*$C8 -> 0 | F73: =INDEX(LCI!P$2:P$130,MATCH('A1 - Raw Material Supply'!$B9,LCI!$D$2:$D$130,0))*$C9 -> 0 | G73: =INDEX(LCI!P$2:P$130,MATCH('A1 - Raw Material Supply'!$B10,LCI!$D$2:$D$130,0))*$C10 -> 0 | H73: =INDEX(LCI!P$2:P$130,MATCH('A1 - Raw Material Supply'!$B11,LCI!$D$2:$D$130,0))*$C11 -> 0.003228177 | I73: =INDEX(LCI!P$2:P$130,MATCH('A1 - Raw Material Supply'!$B12,LCI!$D$2:$D$130,0))*$C12 -> 0 | J73: =INDEX(LCI!P$2:P$130,MATCH('A1 - Raw Material Supply'!$B13,LCI!$D$2:$D$130,0))*$C13 -> 0 | K73: =SUM(B73:J73) -> 0.0121253 | L73: {=INDEX(LCI!P$2:P$130,MATCH('A1 - Raw Material Supply'!$B$14&'A1 - Raw Material Supply'!$D$14,LCI!$B$2:$B$130&LCI!$D$2:$D$130,0))*$C14} -> 0.00021080261 | M73: {=INDEX(LCI!P$2:P$130,MATCH('A1 - Raw Material Supply'!$B$15&'A1 - Raw Material Supply'!$D$15,LCI!$B$2:$B$130&LCI!$D$2:$D$130,0))*$C15} -> 0 | N73: =L73+M73 -> 0.00021080261 | O73: {=INDEX(LCI!P$2:P$137,MATCH('A1 - Raw Material Supply'!$B4&'A1 - Raw Material Supply'!$D4,LCI!$B2:$B137&LCI!$D2:$D137,0))*$C4} -> 0.00983904 | V73: {=INDEX(LCI!P$2:P$130,MATCH('A1 - Raw Material Supply'!$B$20&'A1 - Raw Material Supply'!$D$20,LCI!$B$2:$B$130&LCI!$D$2:$D$130,0))*$C$20} -> 0.001030768 | W73: {=INDEX(LCI!P$2:P$130,MATCH('A1 - Raw Material Supply'!$B$21&'A1 - Raw Material Supply'!$D$21,LCI!$B$2:$B$130&LCI!$D$2:$D$130,0))*$C$21} -> 0 | X73: {=INDEX(LCI!P$2:P$130,MATCH('A1 - Raw Material Supply'!$B$22&'A1 - Raw Material Supply'!$D$22,LCI!$B$2:$B$130&LCI!$D$2:$D$130,0))*$C$22} -> 0 | Y73: =V73+W73+X73 -> 0.001030768
A74: eutrophication: terrestrial | accumulated exceedance (AE) mol N-Eq | B74: =INDEX(LCI!Q$2:Q$130,MATCH('A1 - Raw Material Supply'!$B5,LCI!$D$2:$D$130,0))*$C5 -> 0 | C74: =INDEX(LCI!Q$2:Q$130,MATCH('A1 - Raw Material Supply'!$B6,LCI!$D$2:$D$130,0))*$C6 -> 0.027819172 | D74: =INDEX(LCI!Q$2:Q$130,MATCH('A1 - Raw Material Supply'!$B7,LCI!$D$2:$D$130,0))*$C7 -> 0.096276155 | E74: =INDEX(LCI!Q$2:Q$130,MATCH('A1 - Raw Material Supply'!$B8,LCI!$D$2:$D$130,0))*$C8 -> 0 | F74: =INDEX(LCI!Q$2:Q$130,MATCH('A1 - Raw Material Supply'!$B9,LCI!$D$2:$D$130,0))*$C9 -> 0 | G74: =INDEX(LCI!Q$2:Q$130,MATCH('A1 - Raw Material Supply'!$B10,LCI!$D$2:$D$130,0))*$C10 -> 0 | H74: =INDEX(LCI!Q$2:Q$130,MATCH('A1 - Raw Material Supply'!$B11,LCI!$D$2:$D$130,0))*$C11 -> 0.035455016 | I74: =INDEX(LCI!Q$2:Q$130,MATCH('A1 - Raw Material Supply'!$B12,LCI!$D$2:$D$130,0))*$C12 -> 0 | J74: =INDEX(LCI!Q$2:Q$130,MATCH('A1 - Raw Material Supply'!$B13,LCI!$D$2:$D$130,0))*$C13 -> 0 | K74: =SUM(B74:J74) -> 0.15955034 | L74: {=INDEX(LCI!Q$2:Q$130,MATCH('A1 - Raw Material Supply'!$B$14&'A1 - Raw Material Supply'!$D$14,LCI!$B$2:$B$130&LCI!$D$2:$D$130,0))*$C14} -> 0.0024985976 | M74: {=INDEX(LCI!Q$2:Q$130,MATCH('A1 - Raw Material Supply'!$B$15&'A1 - Raw Material Supply'!$D$15,LCI!$B$2:$B$130&LCI!$D$2:$D$130,0))*$C15} -> 0 | N74: =L74+M74 -> 0.0024985976 | O74: {=INDEX(LCI!Q$2:Q$137,MATCH('A1 - Raw Material Supply'!$B4&'A1 - Raw Material Supply'!$D4,LCI!$B2:$B137&LCI!$D2:$D137,0))*$C4} -> 0.1076976 | V74: {=INDEX(LCI!Q$2:Q$130,MATCH('A1 - Raw Material Supply'!$B$20&'A1 - Raw Material Supply'!$D$20,LCI!$B$2:$B$130&LCI!$D$2:$D$130,0))*$C$20} -> 0.010579232 | W74: {=INDEX(LCI!Q$2:Q$130,MATCH('A1 - Raw Material Supply'!$B$21&'A1 - Raw Material Supply'!$D$21,LCI!$B$2:$B$130&LCI!$D$2:$D$130,0))*$C$21} -> 0 | X74: {=INDEX(LCI!Q$2:Q$130,MATCH('A1 - Raw Material Supply'!$B$22&'A1 - Raw Material Supply'!$D$22,LCI!$B$2:$B$130&LCI!$D$2:$D$130,0))*$C$22} -> 0 | Y74: =V74+W74+X74 -> 0.010579232
A75: human toxicity: carcinogenic | comparative toxic unit for human (CTUh) | B75: =INDEX(LCI!R$2:R$130,MATCH('A1 - Raw Material Supply'!$B5,LCI!$D$2:$D$130,0))*$C5 -> 0 | C75: =INDEX(LCI!R$2:R$130,MATCH('A1 - Raw Material Supply'!$B6,LCI!$D$2:$D$130,0))*$C6 -> 5.2001163e-11 | D75: =INDEX(LCI!R$2:R$130,MATCH('A1 - Raw Material Supply'!$B7,LCI!$D$2:$D$130,0))*$C7 -> 1.7996481e-10 | E75: =INDEX(LCI!R$2:R$130,MATCH('A1 - Raw Material Supply'!$B8,LCI!$D$2:$D$130,0))*$C8 -> 0 | F75: =INDEX(LCI!R$2:R$130,MATCH('A1 - Raw Material Supply'!$B9,LCI!$D$2:$D$130,0))*$C9 -> 0 | G75: =INDEX(LCI!R$2:R$130,MATCH('A1 - Raw Material Supply'!$B10,LCI!$D$2:$D$130,0))*$C10 -> 0 | H75: =INDEX(LCI!R$2:R$130,MATCH('A1 - Raw Material Supply'!$B11,LCI!$D$2:$D$130,0))*$C11 -> 9.3860734e-11 | I75: =INDEX(LCI!R$2:R$130,MATCH('A1 - Raw Material Supply'!$B12,LCI!$D$2:$D$130,0))*$C12 -> 0 | J75: =INDEX(LCI!R$2:R$130,MATCH('A1 - Raw Material Supply'!$B13,LCI!$D$2:$D$130,0))*$C13 -> 0 | K75: =SUM(B75:J75) -> 3.258267e-10 | L75: {=INDEX(LCI!R$2:R$130,MATCH('A1 - Raw Material Supply'!$B$14&'A1 - Raw Material Supply'!$D$14,LCI!$B$2:$B$130&LCI!$D$2:$D$130,0))*$C14} -> 2.5071045e-11 | M75: {=INDEX(LCI!R$2:R$130,MATCH('A1 - Raw Material Supply'!$B$15&'A1 - Raw Material Supply'!$D$15,LCI!$B$2:$B$130&LCI!$D$2:$D$130,0))*$C15} -> 0 | N75: =L75+M75 -> 2.5071045e-11 | O75: {=INDEX(LCI!R$2:R$137,MATCH('A1 - Raw Material Supply'!$B4&'A1 - Raw Material Supply'!$D4,LCI!$B2:$B137&LCI!$D2:$D137,0))*$C4} -> 1.099136e-08 | V75: {=INDEX(LCI!R$2:R$130,MATCH('A1 - Raw Material Supply'!$B$20&'A1 - Raw Material Supply'!$D$20,LCI!$B$2:$B$130&LCI!$D$2:$D$130,0))*$C$20} -> 3.4322818e-10 | W75: {=INDEX(LCI!R$2:R$130,MATCH('A1 - Raw Material Supply'!$B$21&'A1 - Raw Material Supply'!$D$21,LCI!$B$2:$B$130&LCI!$D$2:$D$130,0))*$C$21} -> 0 | X75: {=INDEX(LCI!R$2:R$130,MATCH('A1 - Raw Material Supply'!$B$22&'A1 - Raw Material Supply'!$D$22,LCI!$B$2:$B$130&LCI!$D$2:$D$130,0))*$C$22} -> 0 | Y75: =V75+W75+X75 -> 3.4322818e-10
A76: human toxicity: non-carcinogenic | comparative toxic unit for human (CTUh) | B76: =INDEX(LCI!S$2:S$130,MATCH('A1 - Raw Material Supply'!$B5,LCI!$D$2:$D$130,0))*$C5 -> 0 | C76: =INDEX(LCI!S$2:S$130,MATCH('A1 - Raw Material Supply'!$B6,LCI!$D$2:$D$130,0))*$C6 -> 1.3804153e-09 | D76: =INDEX(LCI!S$2:S$130,MATCH('A1 - Raw Material Supply'!$B7,LCI!$D$2:$D$130,0))*$C7 -> 4.7773195e-09 | E76: =INDEX(LCI!S$2:S$130,MATCH('A1 - Raw Material Supply'!$B8,LCI!$D$2:$D$130,0))*$C8 -> 0 | F76: =INDEX(LCI!S$2:S$130,MATCH('A1 - Raw Material Supply'!$B9,LCI!$D$2:$D$130,0))*$C9 -> 0 | G76: =INDEX(LCI!S$2:S$130,MATCH('A1 - Raw Material Supply'!$B10,LCI!$D$2:$D$130,0))*$C10 -> 0 | H76: =INDEX(LCI!S$2:S$130,MATCH('A1 - Raw Material Supply'!$B11,LCI!$D$2:$D$130,0))*$C11 -> 1.5129116e-09 | I76: =INDEX(LCI!S$2:S$130,MATCH('A1 - Raw Material Supply'!$B12,LCI!$D$2:$D$130,0))*$C12 -> 0 | J76: =INDEX(LCI!S$2:S$130,MATCH('A1 - Raw Material Supply'!$B13,LCI!$D$2:$D$130,0))*$C13 -> 0 | K76: =SUM(B76:J76) -> 7.6706463e-09 | L76: {=INDEX(LCI!S$2:S$130,MATCH('A1 - Raw Material Supply'!$B$14&'A1 - Raw Material Supply'!$D$14,LCI!$B$2:$B$130&LCI!$D$2:$D$130,0))*$C14} -> 9.5260511e-10 | M76: {=INDEX(LCI!S$2:S$130,MATCH('A1 - Raw Material Supply'!$B$15&'A1 - Raw Material Supply'!$D$15,LCI!$B$2:$B$130&LCI!$D$2:$D$130,0))*$C15} -> 0 | N76: =L76+M76 -> 9.5260511e-10 | O76: {=INDEX(LCI!S$2:S$137,MATCH('A1 - Raw Material Supply'!$B4&'A1 - Raw Material Supply'!$D4,LCI!$B2:$B137&LCI!$D2:$D137,0))*$C4} -> 3.16888e-07 | V76: {=INDEX(LCI!S$2:S$130,MATCH('A1 - Raw Material Supply'!$B$20&'A1 - Raw Material Supply'!$D$20,LCI!$B$2:$B$130&LCI!$D$2:$D$130,0))*$C$20} -> 1.5195627e-08 | W76: {=INDEX(LCI!S$2:S$130,MATCH('A1 - Raw Material Supply'!$B$21&'A1 - Raw Material Supply'!$D$21,LCI!$B$2:$B$130&LCI!$D$2:$D$130,0))*$C$21} -> 0 | X76: {=INDEX(LCI!S$2:S$130,MATCH('A1 - Raw Material Supply'!$B$22&'A1 - Raw Material Supply'!$D$22,LCI!$B$2:$B$130&LCI!$D$2:$D$130,0))*$C$22} -> 0 | Y76: =V76+W76+X76 -> 1.5195627e-08
A77: ionising radiation: human health | human exposure efficiency relative to u235 kBq U235-Eq | B77: =INDEX(LCI!T$2:T$130,MATCH('A1 - Raw Material Supply'!$B5,LCI!$D$2:$D$130,0))*$C5 -> 0 | C77: =INDEX(LCI!T$2:T$130,MATCH('A1 - Raw Material Supply'!$B6,LCI!$D$2:$D$130,0))*$C6 -> 0.010908216 | D77: =INDEX(LCI!T$2:T$130,MATCH('A1 - Raw Material Supply'!$B7,LCI!$D$2:$D$130,0))*$C7 -> 0.037750983 | E77: =INDEX(LCI!T$2:T$130,MATCH('A1 - Raw Material Supply'!$B8,LCI!$D$2:$D$130,0))*$C8 -> 0 | F77: =INDEX(LCI!T$2:T$130,MATCH('A1 - Raw Material Supply'!$B9,LCI!$D$2:$D$130,0))*$C9 -> 0 | G77: =INDEX(LCI!T$2:T$130,MATCH('A1 - Raw Material Supply'!$B10,LCI!$D$2:$D$130,0))*$C10 -> 0 | H77: =INDEX(LCI!T$2:T$130,MATCH('A1 - Raw Material Supply'!$B11,LCI!$D$2:$D$130,0))*$C11 -> 0.0068171824 | I77: =INDEX(LCI!T$2:T$130,MATCH('A1 - Raw Material Supply'!$B12,LCI!$D$2:$D$130,0))*$C12 -> 0 | J77: =INDEX(LCI!T$2:T$130,MATCH('A1 - Raw Material Supply'!$B13,LCI!$D$2:$D$130,0))*$C13 -> 0 | K77: =SUM(B77:J77) -> 0.055476382 | L77: {=INDEX(LCI!T$2:T$130,MATCH('A1 - Raw Material Supply'!$B$14&'A1 - Raw Material Supply'!$D$14,LCI!$B$2:$B$130&LCI!$D$2:$D$130,0))*$C14} -> 0.039110007 | M77: {=INDEX(LCI!T$2:T$130,MATCH('A1 - Raw Material Supply'!$B$15&'A1 - Raw Material Supply'!$D$15,LCI!$B$2:$B$130&LCI!$D$2:$D$130,0))*$C15} -> 0 | N77: =L77+M77 -> 0.039110007 | O77: {=INDEX(LCI!T$2:T$137,MATCH('A1 - Raw Material Supply'!$B4&'A1 - Raw Material Supply'!$D4,LCI!$B2:$B137&LCI!$D2:$D137,0))*$C4} -> 0.167308 | V77: {=INDEX(LCI!T$2:T$130,MATCH('A1 - Raw Material Supply'!$B$20&'A1 - Raw Material Supply'!$D$20,LCI!$B$2:$B$130&LCI!$D$2:$D$130,0))*$C$20} -> 0.10643324 | W77: {=INDEX(LCI!T$2:T$130,MATCH('A1 - Raw Material Supply'!$B$21&'A1 - Raw Material Supply'!$D$21,LCI!$B$2:$B$130&LCI!$D$2:$D$130,0))*$C$21} -> 0 | X77: {=INDEX(LCI!T$2:T$130,MATCH('A1 - Raw Material Supply'!$B$22&'A1 - Raw Material Supply'!$D$22,LCI!$B$2:$B$130&LCI!$D$2:$D$130,0))*$C$22} -> 0 | Y77: =V77+W77+X77 -> 0.10643324
A78: land use | soil quality index dimensionless | B78: =INDEX(LCI!U$2:U$130,MATCH('A1 - Raw Material Supply'!$B5,LCI!$D$2:$D$130,0))*$C5 -> 0 | C78: =INDEX(LCI!U$2:U$130,MATCH('A1 - Raw Material Supply'!$B6,LCI!$D$2:$D$130,0))*$C6 -> 3.3628616 | D78: =INDEX(LCI!U$2:U$130,MATCH('A1 - Raw Material Supply'!$B7,LCI!$D$2:$D$130,0))*$C7 -> 11.638139 | E78: =INDEX(LCI!U$2:U$130,MATCH('A1 - Raw Material Supply'!$B8,LCI!$D$2:$D$130,0))*$C8 -> 0 | F78: =INDEX(LCI!U$2:U$130,MATCH('A1 - Raw Material Supply'!$B9,LCI!$D$2:$D$130,0))*$C9 -> 0 | G78: =INDEX(LCI!U$2:U$130,MATCH('A1 - Raw Material Supply'!$B10,LCI!$D$2:$D$130,0))*$C10 -> 0 | H78: =INDEX(LCI!U$2:U$130,MATCH('A1 - Raw Material Supply'!$B11,LCI!$D$2:$D$130,0))*$C11 -> 374.18984 | I78: =INDEX(LCI!U$2:U$130,MATCH('A1 - Raw Material Supply'!$B12,LCI!$D$2:$D$130,0))*$C12 -> 0 | J78: =INDEX(LCI!U$2:U$130,MATCH('A1 - Raw Material Supply'!$B13,LCI!$D$2:$D$130,0))*$C13 -> 0 | K78: =SUM(B78:J78) -> 389.19084 | L78: {=INDEX(LCI!U$2:U$130,MATCH('A1 - Raw Material Supply'!$B$14&'A1 - Raw Material Supply'!$D$14,LCI!$B$2:$B$130&LCI!$D$2:$D$130,0))*$C14} -> 0.62824997 | M78: {=INDEX(LCI!U$2:U$130,MATCH('A1 - Raw Material Supply'!$B$15&'A1 - Raw Material Supply'!$D$15,LCI!$B$2:$B$130&LCI!$D$2:$D$130,0))*$C15} -> 0 | N78: =L78+M78 -> 0.62824997 | O78: {=INDEX(LCI!U$2:U$137,MATCH('A1 - Raw Material Supply'!$B4&'A1 - Raw Material Supply'!$D4,LCI!$B2:$B137&LCI!$D2:$D137,0))*$C4} -> 5.82808 | V78: {=INDEX(LCI!U$2:U$130,MATCH('A1 - Raw Material Supply'!$B$20&'A1 - Raw Material Supply'!$D$20,LCI!$B$2:$B$130&LCI!$D$2:$D$130,0))*$C$20} -> 2.9238161 | W78: {=INDEX(LCI!U$2:U$130,MATCH('A1 - Raw Material Supply'!$B$21&'A1 - Raw Material Supply'!$D$21,LCI!$B$2:$B$130&LCI!$D$2:$D$130,0))*$C$21} -> 0 | X78: {=INDEX(LCI!U$2:U$130,MATCH('A1 - Raw Material Supply'!$B$22&'A1 - Raw Material Supply'!$D$22,LCI!$B$2:$B$130&LCI!$D$2:$D$130,0))*$C$22} -> 0 | Y78: =V78+W78+X78 -> 2.9238161
A79: material resources: metals/minerals | abiotic depletion potential (ADP): elements (ultimate reserves) kg Sb-Eq | B79: =INDEX(LCI!V$2:V$130,MATCH('A1 - Raw Material Supply'!$B5,LCI!$D$2:$D$130,0))*$C5 -> 0 | C79: =INDEX(LCI!V$2:V$130,MATCH('A1 - Raw Material Supply'!$B6,LCI!$D$2:$D$130,0))*$C6 -> 8.3633121e-07 | D79: =INDEX(LCI!V$2:V$130,MATCH('A1 - Raw Material Supply'!$B7,LCI!$D$2:$D$130,0))*$C7 -> 2.8943619e-06 | E79: =INDEX(LCI!V$2:V$130,MATCH('A1 - Raw Material Supply'!$B8,LCI!$D$2:$D$130,0))*$C8 -> 0 | F79: =INDEX(LCI!V$2:V$130,MATCH('A1 - Raw Material Supply'!$B9,LCI!$D$2:$D$130,0))*$C9 -> 0 | G79: =INDEX(LCI!V$2:V$130,MATCH('A1 - Raw Material Supply'!$B10,LCI!$D$2:$D$130,0))*$C10 -> 0 | H79: =INDEX(LCI!V$2:V$130,MATCH('A1 - Raw Material Supply'!$B11,LCI!$D$2:$D$130,0))*$C11 -> 5.118543e-07 | I79: =INDEX(LCI!V$2:V$130,MATCH('A1 - Raw Material Supply'!$B12,LCI!$D$2:$D$130,0))*$C12 -> 0 | J79: =INDEX(LCI!V$2:V$130,MATCH('A1 - Raw Material Supply'!$B13,LCI!$D$2:$D$130,0))*$C13 -> 0 | K79: =SUM(B79:J79) -> 4.2425474e-06 | L79: {=INDEX(LCI!V$2:V$130,MATCH('A1 - Raw Material Supply'!$B$14&'A1 - Raw Material Supply'!$D$14,LCI!$B$2:$B$130&LCI!$D$2:$D$130,0))*$C14} -> 3.5788767e-07 | M79: {=INDEX(LCI!V$2:V$130,MATCH('A1 - Raw Material Supply'!$B$15&'A1 - Raw Material Supply'!$D$15,LCI!$B$2:$B$130&LCI!$D$2:$D$130,0))*$C15} -> 0 | N79: =L79+M79 -> 3.5788767e-07 | O79: {=INDEX(LCI!V$2:V$137,MATCH('A1 - Raw Material Supply'!$B4&'A1 - Raw Material Supply'!$D4,LCI!$B2:$B137&LCI!$D2:$D137,0))*$C4} -> 2.26032e-06 | V79: {=INDEX(LCI!V$2:V$130,MATCH('A1 - Raw Material Supply'!$B$20&'A1 - Raw Material Supply'!$D$20,LCI!$B$2:$B$130&LCI!$D$2:$D$130,0))*$C$20} -> 0.00020002821 | W79: {=INDEX(LCI!V$2:V$130,MATCH('A1 - Raw Material Supply'!$B$21&'A1 - Raw Material Supply'!$D$21,LCI!$B$2:$B$130&LCI!$D$2:$D$130,0))*$C$21} -> 0 | X79: {=INDEX(LCI!V$2:V$130,MATCH('A1 - Raw Material Supply'!$B$22&'A1 - Raw Material Supply'!$D$22,LCI!$B$2:$B$130&LCI!$D$2:$D$130,0))*$C$22} -> 0 | Y79: =V79+W79+X79 -> 0.00020002821
A80: ozone depletion|ozone depletion potential (ODP) kg CFC-11-Eq | B80: =INDEX(LCI!W$2:W$130,MATCH('A1 - Raw Material Supply'!$B5,LCI!$D$2:$D$130,0))*$C5 -> 0 | C80: =INDEX(LCI!W$2:W$130,MATCH('A1 - Raw Material Supply'!$B6,LCI!$D$2:$D$130,0))*$C6 -> 4.7562974e-09 | D80: =INDEX(LCI!W$2:W$130,MATCH('A1 - Raw Material Supply'!$B7,LCI!$D$2:$D$130,0))*$C7 -> 1.6460519e-08 | E80: =INDEX(LCI!W$2:W$130,MATCH('A1 - Raw Material Supply'!$B8,LCI!$D$2:$D$130,0))*$C8 -> 0 | F80: =INDEX(LCI!W$2:W$130,MATCH('A1 - Raw Material Supply'!$B9,LCI!$D$2:$D$130,0))*$C9 -> 0 | G80: =INDEX(LCI!W$2:W$130,MATCH('A1 - Raw Material Supply'!$B10,LCI!$D$2:$D$130,0))*$C10 -> 0 | H80: =INDEX(LCI!W$2:W$130,MATCH('A1 - Raw Material Supply'!$B11,LCI!$D$2:$D$130,0))*$C11 -> 1.1640991e-08 | I80: =INDEX(LCI!W$2:W$130,MATCH('A1 - Raw Material Supply'!$B12,LCI!$D$2:$D$130,0))*$C12 -> 0 | J80: =INDEX(LCI!W$2:W$130,MATCH('A1 - Raw Material Supply'!$B13,LCI!$D$2:$D$130,0))*$C13 -> 0 | K80: =SUM(B80:J80) -> 3.2857807e-08 | L80: {=INDEX(LCI!W$2:W$130,MATCH('A1 - Raw Material Supply'!$B$14&'A1 - Raw Material Supply'!$D$14,LCI!$B$2:$B$130&LCI!$D$2:$D$130,0))*$C14} -> 1.5574157e-09 | M80: {=INDEX(LCI!W$2:W$130,MATCH('A1 - Raw Material Supply'!$B$15&'A1 - Raw Material Supply'!$D$15,LCI!$B$2:$B$130&LCI!$D$2:$D$130,0))*$C15} -> 0 | N80: =L80+M80 -> 1.5574157e-09 | O80: {=INDEX(LCI!W$2:W$137,MATCH('A1 - Raw Material Supply'!$B4&'A1 - Raw Material Supply'!$D4,LCI!$B2:$B137&LCI!$D2:$D137,0))*$C4} -> 7.35712e-12 | V80: {=INDEX(LCI!W$2:W$130,MATCH('A1 - Raw Material Supply'!$B$20&'A1 - Raw Material Supply'!$D$20,LCI!$B$2:$B$130&LCI!$D$2:$D$130,0))*$C$20} -> 6.6867323e-09 | W80: {=INDEX(LCI!W$2:W$130,MATCH('A1 - Raw Material Supply'!$B$21&'A1 - Raw Material Supply'!$D$21,LCI!$B$2:$B$130&LCI!$D$2:$D$130,0))*$C$21} -> 0 | X80: {=INDEX(LCI!W$2:W$130,MATCH('A1 - Raw Material Supply'!$B$22&'A1 - Raw Material Supply'!$D$22,LCI!$B$2:$B$130&LCI!$D$2:$D$130,0))*$C$22} -> 0 | Y80: =V80+W80+X80 -> 6.6867323e-09
A81: particulate matter formation | impact on human health | B81: =INDEX(LCI!X$2:X$130,MATCH('A1 - Raw Material Supply'!$B5,LCI!$D$2:$D$130,0))*$C5 -> 0 | C81: =INDEX(LCI!X$2:X$130,MATCH('A1 - Raw Material Supply'!$B6,LCI!$D$2:$D$130,0))*$C6 -> 8.9927244e-08 | D81: =INDEX(LCI!X$2:X$130,MATCH('A1 - Raw Material Supply'!$B7,LCI!$D$2:$D$130,0))*$C7 -> 3.112188e-07 | E81: =INDEX(LCI!X$2:X$130,MATCH('A1 - Raw Material Supply'!$B8,LCI!$D$2:$D$130,0))*$C8 -> 0 | F81: =INDEX(LCI!X$2:X$130,MATCH('A1 - Raw Material Supply'!$B9,LCI!$D$2:$D$130,0))*$C9 -> 0 | G81: =INDEX(LCI!X$2:X$130,MATCH('A1 - Raw Material Supply'!$B10,LCI!$D$2:$D$130,0))*$C10 -> 0 | H81: =INDEX(LCI!X$2:X$130,MATCH('A1 - Raw Material Supply'!$B11,LCI!$D$2:$D$130,0))*$C11 -> 1.9867763e-07 | I81: =INDEX(LCI!X$2:X$130,MATCH('A1 - Raw Material Supply'!$B12,LCI!$D$2:$D$130,0))*$C12 -> 0 | J81: =INDEX(LCI!X$2:X$130,MATCH('A1 - Raw Material Supply'!$B13,LCI!$D$2:$D$130,0))*$C13 -> 0 | K81: =SUM(B81:J81) -> 5.9982367e-07 | L81: {=INDEX(LCI!X$2:X$130,MATCH('A1 - Raw Material Supply'!$B$14&'A1 - Raw Material Supply'!$D$14,LCI!$B$2:$B$130&LCI!$D$2:$D$130,0))*$C14} -> 9.8472397e-09 | M81: {=INDEX(LCI!X$2:X$130,MATCH('A1 - Raw Material Supply'!$B$15&'A1 - Raw Material Supply'!$D$15,LCI!$B$2:$B$130&LCI!$D$2:$D$130,0))*$C15} -> 0 | N81: =L81+M81 -> 9.8472397e-09 | O81: {=INDEX(LCI!X$2:X$137,MATCH('A1 - Raw Material Supply'!$B4&'A1 - Raw Material Supply'!$D4,LCI!$B2:$B137&LCI!$D2:$D137,0))*$C4} -> 5.93888e-07 | V81: {=INDEX(LCI!X$2:X$130,MATCH('A1 - Raw Material Supply'!$B$20&'A1 - Raw Material Supply'!$D$20,LCI!$B$2:$B$130&LCI!$D$2:$D$130,0))*$C$20} -> 6.9930966e-08 | W81: {=INDEX(LCI!X$2:X$130,MATCH('A1 - Raw Material Supply'!$B$21&'A1 - Raw Material Supply'!$D$21,LCI!$B$2:$B$130&LCI!$D$2:$D$130,0))*$C$21} -> 0 | X81: {=INDEX(LCI!X$2:X$130,MATCH('A1 - Raw Material Supply'!$B$22&'A1 - Raw Material Supply'!$D$22,LCI!$B$2:$B$130&LCI!$D$2:$D$130,0))*$C$22} -> 0 | Y81: =V81+W81+X81 -> 6.9930966e-08
A82: photochemical oxidant formation: human health | tropospheric ozone concentration increase kg NMVOC-Eq | B82: =INDEX(LCI!Y$2:Y$130,MATCH('A1 - Raw Material Supply'!$B5,LCI!$D$2:$D$130,0))*$C5 -> 0 | C82: =INDEX(LCI!Y$2:Y$130,MATCH('A1 - Raw Material Supply'!$B6,LCI!$D$2:$D$130,0))*$C6 -> 0.0062827877 | D82: =INDEX(LCI!Y$2:Y$130,MATCH('A1 - Raw Material Supply'!$B7,LCI!$D$2:$D$130,0))*$C7 -> 0.021743373 | E82: =INDEX(LCI!Y$2:Y$130,MATCH('A1 - Raw Material Supply'!$B8,LCI!$D$2:$D$130,0))*$C8 -> 0 | F82: =INDEX(LCI!Y$2:Y$130,MATCH('A1 - Raw Material Supply'!$B9,LCI!$D$2:$D$130,0))*$C9 -> 0 | G82: =INDEX(LCI!Y$2:Y$130,MATCH('A1 - Raw Material Supply'!$B10,LCI!$D$2:$D$130,0))*$C10 -> 0 | H82: =INDEX(LCI!Y$2:Y$130,MATCH('A1 - Raw Material Supply'!$B11,LCI!$D$2:$D$130,0))*$C11 -> 0.010577893 | I82: =INDEX(LCI!Y$2:Y$130,MATCH('A1 - Raw Material Supply'!$B12,LCI!$D$2:$D$130,0))*$C12 -> 0 | J82: =INDEX(LCI!Y$2:Y$130,MATCH('A1 - Raw Material Supply'!$B13,LCI!$D$2:$D$130,0))*$C13 -> 0 | K82: =SUM(B82:J82) -> 0.038604054 | L82: {=INDEX(LCI!Y$2:Y$130,MATCH('A1 - Raw Material Supply'!$B$14&'A1 - Raw Material Supply'!$D$14,LCI!$B$2:$B$130&LCI!$D$2:$D$130,0))*$C14} -> 0.00065993967 | M82: {=INDEX(LCI!Y$2:Y$130,MATCH('A1 - Raw Material Supply'!$B$15&'A1 - Raw Material Supply'!$D$15,LCI!$B$2:$B$130&LCI!$D$2:$D$130,0))*$C15} -> 0 | N82: =L82+M82 -> 0.00065993967 | O82: {=INDEX(LCI!Y$2:Y$137,MATCH('A1 - Raw Material Supply'!$B4&'A1 - Raw Material Supply'!$D4,LCI!$B2:$B137&LCI!$D2:$D137,0))*$C4} -> 0.0449848 | V82: {=INDEX(LCI!Y$2:Y$130,MATCH('A1 - Raw Material Supply'!$B$20&'A1 - Raw Material Supply'!$D$20,LCI!$B$2:$B$130&LCI!$D$2:$D$130,0))*$C$20} -> 0.0034925808 | W82: {=INDEX(LCI!Y$2:Y$130,MATCH('A1 - Raw Material Supply'!$B$21&'A1 - Raw Material Supply'!$D$21,LCI!$B$2:$B$130&LCI!$D$2:$D$130,0))*$C$21} -> 0 | X82: {=INDEX(LCI!Y$2:Y$130,MATCH('A1 - Raw Material Supply'!$B$22&'A1 - Raw Material Supply'!$D$22,LCI!$B$2:$B$130&LCI!$D$2:$D$130,0))*$C$22} -> 0 | Y82: =V82+W82+X82 -> 0.0034925808
A83: water use | user deprivation potential (deprivation-weighted water consumption) m3 world eq deprived | B83: =INDEX(LCI!Z$2:Z$130,MATCH('A1 - Raw Material Supply'!$B5,LCI!$D$2:$D$130,0))*$C5 -> 0 | C83: =INDEX(LCI!Z$2:Z$130,MATCH('A1 - Raw Material Supply'!$B6,LCI!$D$2:$D$130,0))*$C6 -> 0.41061397 | D83: =INDEX(LCI!Z$2:Z$130,MATCH('A1 - Raw Material Supply'!$B7,LCI!$D$2:$D$130,0))*$C7 -> 1.4210464 | E83: =INDEX(LCI!Z$2:Z$130,MATCH('A1 - Raw Material Supply'!$B8,LCI!$D$2:$D$130,0))*$C8 -> 0 | F83: =INDEX(LCI!Z$2:Z$130,MATCH('A1 - Raw Material Supply'!$B9,LCI!$D$2:$D$130,0))*$C9 -> 0 | G83: =INDEX(LCI!Z$2:Z$130,MATCH('A1 - Raw Material Supply'!$B10,LCI!$D$2:$D$130,0))*$C10 -> 0 | H83: =INDEX(LCI!Z$2:Z$130,MATCH('A1 - Raw Material Supply'!$B11,LCI!$D$2:$D$130,0))*$C11 -> 1.0207571 | I83: =INDEX(LCI!Z$2:Z$130,MATCH('A1 - Raw Material Supply'!$B12,LCI!$D$2:$D$130,0))*$C12 -> 0 | J83: =INDEX(LCI!Z$2:Z$130,MATCH('A1 - Raw Material Supply'!$B13,LCI!$D$2:$D$130,0))*$C13 -> 0 | K83: =SUM(B83:J83) -> 2.8524174 | L83: {=INDEX(LCI!Z$2:Z$130,MATCH('A1 - Raw Material Supply'!$B$14&'A1 - Raw Material Supply'!$D$14,LCI!$B$2:$B$130&LCI!$D$2:$D$130,0))*$C14} -> 0.25392573 | M83: {=INDEX(LCI!Z$2:Z$130,MATCH('A1 - Raw Material Supply'!$B$15&'A1 - Raw Material Supply'!$D$15,LCI!$B$2:$B$130&LCI!$D$2:$D$130,0))*$C15} -> 0 | N83: =L83+M83 -> 0.25392573 | O83: {=INDEX(LCI!Z$2:Z$137,MATCH('A1 - Raw Material Supply'!$B4&'A1 - Raw Material Supply'!$D4,LCI!$B2:$B137&LCI!$D2:$D137,0))*$C4} -> 0.1597736 | V83: {=INDEX(LCI!Z$2:Z$130,MATCH('A1 - Raw Material Supply'!$B$20&'A1 - Raw Material Supply'!$D$20,LCI!$B$2:$B$130&LCI!$D$2:$D$130,0))*$C$20} -> 0.33021434 | W83: {=INDEX(LCI!Z$2:Z$130,MATCH('A1 - Raw Material Supply'!$B$21&'A1 - Raw Material Supply'!$D$21,LCI!$B$2:$B$130&LCI!$D$2:$D$130,0))*$C$21} -> 0 | X83: {=INDEX(LCI!Z$2:Z$130,MATCH('A1 - Raw Material Supply'!$B$22&'A1 - Raw Material Supply'!$D$22,LCI!$B$2:$B$130&LCI!$D$2:$D$130,0))*$C$22} -> 0 | Y83: =V83+W83+X83 -> 0.33021434
K84: =+SUM(K65:K83) -> 438.52061 | N84: =+SUM(N65:N83) -> 3.5860957 | O84: =+SUM(O65:O83) -> 1676.3415 | R84: =+SUM(R65:R83) -> 0 | U84: =+SUM(U65:U83) -> 0 | Y84: =+SUM(Y65:Y83) -> 14.973994
A85: Impacts: Asphalt mix biogenic components (per impact category)
B87: Aggregates | L87: Fillers | O87: Binder | P87: RAP | S87: Other Waste | V87: Additives
B88: Virgin crushed coarse aggregate 1 (>2 mm) | C88: Virgin crushed coarse aggregate 2 (>2 mm) | D88: Virgin crushed coarse aggregate 3 (>2 mm) | E88: Virgin crushed fine aggregate 1 (≤2 mm) | F88: Virgin crushed fine aggregate 2 (≤2 mm) | G88: Virgin crushed fine aggregate 3 (≤2 mm) | H88: Virgin natural fine aggregate 1 (≤2 mm) | I88: Virgin natural fine aggregate 2 (≤2 mm) | J88: Virgin natural fine aggregate 3 (≤2 mm) | K88: Total Aggregates | L88: Added filler 1 | M88: Added filler 2 | N88: Total Fillers | O88: Total | P88: RAP 1 | Q88: RAP 2 | R88: Total RAP | S88: Other Waste 1 | T88: Other Waste 2 | U88: Total Other Waste | V88: Additive 1 | W88: Additive 2 | X88: Additive 3 | Y88: Total Additives
A89: acidification | accumulated exceedance (AE) mol H+ -eq | O89: {=_xlfn.IFNA(INDEX(LCI!H$2:H$137,MATCH('A1 - Raw Material Supply'!$B$28&'A1 - Raw Material Supply'!$D$28,LCI!$B$2:$B$137&LCI!$D$2:$D$137,0))*$C28,0)} -> 0
A90: climate change | global warming potential (GWP100) kgCO2-Eq | O90: {=_xlfn.IFNA(INDEX(LCI!I$2:I$137,MATCH('A1 - Raw Material Supply'!$B$28&'A1 - Raw Material Supply'!$D$28,LCI!$B$2:$B$137&LCI!$D$2:$D$137,0))*$C28,0)} -> 0
A91: climate change: biogenic | global warming potential (GWP100) kgCO2-Eq | O91: {=_xlfn.IFNA(INDEX(LCI!J$2:J$137,MATCH('A1 - Raw Material Supply'!$B$28&'A1 - Raw Material Supply'!$D$28,LCI!$B$2:$B$137&LCI!$D$2:$D$137,0))*$C28,0)} -> 0
A92: climate change: fossil | global warming potential (GWP100) kgCO2-Eq | O92: {=_xlfn.IFNA(INDEX(LCI!K$2:K$137,MATCH('A1 - Raw Material Supply'!$B$28&'A1 - Raw Material Supply'!$D$28,LCI!$B$2:$B$137&LCI!$D$2:$D$137,0))*$C28,0)} -> 0
A93: land use and land use change | global warming potential (GWP100) kgCO2-Eq | O93: {=_xlfn.IFNA(INDEX(LCI!L$2:L$137,MATCH('A1 - Raw Material Supply'!$B$28&'A1 - Raw Material Supply'!$D$28,LCI!$B$2:$B$137&LCI!$D$2:$D$137,0))*$C28,0)} -> 0
A94: ecotoxicity: freshwater | comparative toxic unit for ecosystems (CTUe) | O94: {=_xlfn.IFNA(INDEX(LCI!M$2:M$137,MATCH('A1 - Raw Material Supply'!$B$28&'A1 - Raw Material Supply'!$D$28,LCI!$B$2:$B$137&LCI!$D$2:$D$137,0))*$C28,0)} -> 0
A95: energy resources: non-renewable | abiotic depletion potential (ADP): fossil fuels MJ, net calorific value | O95: {=_xlfn.IFNA(INDEX(LCI!N$2:N$137,MATCH('A1 - Raw Material Supply'!$B$28&'A1 - Raw Material Supply'!$D$28,LCI!$B$2:$B$137&LCI!$D$2:$D$137,0))*$C28,0)} -> 0
A96: eutrophication: freshwater | fraction of nutrients reaching freshwater end compartment (P) | O96: {=_xlfn.IFNA(INDEX(LCI!O$2:O$137,MATCH('A1 - Raw Material Supply'!$B$28&'A1 - Raw Material Supply'!$D$28,LCI!$B$2:$B$137&LCI!$D$2:$D$137,0))*$C28,0)} -> 0
A97: eutrophication: marine | fraction of nutrients reaching marine end compartment (N) kg N-Eq | O97: {=_xlfn.IFNA(INDEX(LCI!P$2:P$137,MATCH('A1 - Raw Material Supply'!$B$28&'A1 - Raw Material Supply'!$D$28,LCI!$B$2:$B$137&LCI!$D$2:$D$137,0))*$C28,0)} -> 0
A98: eutrophication: terrestrial | accumulated exceedance (AE) mol N-Eq | O98: {=_xlfn.IFNA(INDEX(LCI!Q$2:Q$137,MATCH('A1 - Raw Material Supply'!$B$28&'A1 - Raw Material Supply'!$D$28,LCI!$B$2:$B$137&LCI!$D$2:$D$137,0))*$C28,0)} -> 0
A99: human toxicity: carcinogenic | comparative toxic unit for human (CTUh) | O99: {=_xlfn.IFNA(INDEX(LCI!R$2:R$137,MATCH('A1 - Raw Material Supply'!$B$28&'A1 - Raw Material Supply'!$D$28,LCI!$B$2:$B$137&LCI!$D$2:$D$137,0))*$C28,0)} -> 0
A100: human toxicity: non-carcinogenic | comparative toxic unit for human (CTUh) | O100: {=_xlfn.IFNA(INDEX(LCI!S$2:S$137,MATCH('A1 - Raw Material Supply'!$B$28&'A1 - Raw Material Supply'!$D$28,LCI!$B$2:$B$137&LCI!$D$2:$D$137,0))*$C28,0)} -> 0
A101: ionising radiation: human health | human exposure efficiency relative to u235 kBq U235-Eq | O101: {=_xlfn.IFNA(INDEX(LCI!T$2:T$137,MATCH('A1 - Raw Material Supply'!$B$28&'A1 - Raw Material Supply'!$D$28,LCI!$B$2:$B$137&LCI!$D$2:$D$137,0))*$C28,0)} -> 0
A102: land use | soil quality index dimensionless | O102: {=_xlfn.IFNA(INDEX(LCI!U$2:U$137,MATCH('A1 - Raw Material Supply'!$B$28&'A1 - Raw Material Supply'!$D$28,LCI!$B$2:$B$137&LCI!$D$2:$D$137,0))*$C28,0)} -> 0
A103: material resources: metals/minerals | abiotic depletion potential (ADP): elements (ultimate reserves) kg Sb-Eq | O103: {=_xlfn.IFNA(INDEX(LCI!V$2:V$137,MATCH('A1 - Raw Material Supply'!$B$28&'A1 - Raw Material Supply'!$D$28,LCI!$B$2:$B$137&LCI!$D$2:$D$137,0))*$C28,0)} -> 0
A104: ozone depletion|ozone depletion potential (ODP) kg CFC-11-Eq | O104: {=_xlfn.IFNA(INDEX(LCI!W$2:W$137,MATCH('A1 - Raw Material Supply'!$B$28&'A1 - Raw Material Supply'!$D$28,LCI!$B$2:$B$137&LCI!$D$2:$D$137,0))*$C28,0)} -> 0
A105: particulate matter formation | impact on human health | O105: {=_xlfn.IFNA(INDEX(LCI!X$2:X$137,MATCH('A1 - Raw Material Supply'!$B$28&'A1 - Raw Material Supply'!$D$28,LCI!$B$2:$B$137&LCI!$D$2:$D$137,0))*$C28,0)} -> 0
A106: photochemical oxidant formation: human health | tropospheric ozone concentration increase kg NMVOC-Eq | O106: {=_xlfn.IFNA(INDEX(LCI!Y$2:Y$137,MATCH('A1 - Raw Material Supply'!$B$28&'A1 - Raw Material Supply'!$D$28,LCI!$B$2:$B$137&LCI!$D$2:$D$137,0))*$C28,0)} -> 0
A107: water use | user deprivation potential (deprivation-weighted water consumption) m3 world eq deprived | O107: {=_xlfn.IFNA(INDEX(LCI!Z$2:Z$137,MATCH('A1 - Raw Material Supply'!$B$28&'A1 - Raw Material Supply'!$D$28,LCI!$B$2:$B$137&LCI!$D$2:$D$137,0))*$C28,0)} -> 0
A110: Total Impacts: Asphalt mix components + Asphalt mix biogenic components per Impact Category (Declared Unit)
B112: Aggregates | L112: Fillers | O112: Binder | P112: RAP | S112: Other Waste | V112: Additives | Z112: A1: Total Raw Materials
B113: Virgin crushed coarse aggregate 1 (>2 mm) | C113: Virgin crushed coarse aggregate 2 (>2 mm) | D113: Virgin crushed coarse aggregate 3 (>2 mm) | E113: Virgin crushed fine aggregate 1 (≤2 mm) | F113: Virgin crushed fine aggregate 2 (≤2 mm) | G113: Virgin crushed fine aggregate 3 (≤2 mm) | H113: Virgin natural fine aggregate 1 (≤2 mm) | I113: Virgin natural fine aggregate 2 (≤2 mm) | J113: Virgin natural fine aggregate 3 (≤2 mm) | K113: Total Aggregates | L113: Added filler 1 | M113: Added filler 2 | N113: Total Fillers | O113: Total | P113: RAP 1 | Q113: RAP 2 | R113: Total RAP | S113: Other Waste 1 | T113: Other Waste 2 | U113: Total Other Waste | V113: Additive 1 | W113: Additive 2 | X113: Additive 3 | Y113: Total Additives
A114: acidification | accumulated exceedance (AE) mol H+ -eq | B114: =B65+B89 -> 0 | C114: =C65+C89 -> 0.0055525776 | D114: =D65+D89 -> 0.019216273 | E114: =E65+E89 -> 0 | F114: =F65+F89 -> 0 | G114: =G65+G89 -> 0 | H114: =H65+H89 -> 0.0070343064 | I114: =I65+I89 -> 0 | ... O114: =O65+O89 -> 0.0381152 | V114: =V65+V89 -> 0.0052168552 | W114: =W65+W89 -> 0 | X114: =X65+X89 -> 0 | Y114: =Y65+Y89 -> 0.0052168552 | Z114: =K114+N114+O114+Y114 -> 0.07606603
A115: climate change | global warming potential (GWP100) kgCO2-Eq | B115: =B66+B90 -> 0 | C115: =C66+C90 -> 0.28854915 | D115: =D66+D90 -> 0.99860636 | E115: =E66+E90 -> 0 | F115: =F66+F90 -> 0 | G115: =G66+G90 -> 0 | H115: =H66+H90 -> 0.79787172 | I115: =I66+I90 -> 0 | ... O115: =O66+O90 -> 11.7448 | V115: =V66+V90 -> 0.65423526 | W115: =W66+W90 -> 0 | X115: =X66+X90 -> 0 | Y115: =Y66+Y90 -> 0.65423526 | Z115: =K115+N115+O115+Y115 -> 14.605727
A116: climate change: biogenic | global warming potential (GWP100) kgCO2-Eq | B116: =B67+B91 -> 0 | C116: =C67+C91 -> 0.00088941089 | D116: =D67+D91 -> 0.0030780593 | E116: =E67+E91 -> 0 | F116: =F67+F91 -> 0 | G116: =G67+G91 -> 0 | H116: =H67+H91 -> -0.00019195363 | I116: =I67+I91 -> 0 | ... O116: =O67+O91 -> 0.046536 | V116: =V67+V91 -> 0.10686811 | W116: =W67+W91 -> 0 | X116: =X67+X91 -> 0 | Y116: =Y67+Y91 -> 0.10686811 | Z116: =K116+N116+O116+Y116 -> 0.15907702
...

Sheet C3' - Secondary Raw Material 
A1: Waste Processing
A2: The processing of waste comprises of two sections A: Reclamed Asphalt Pavement and Recycled Concrete Aggregate) processing and B; Crumb rubber recycling.
A4: A. Reclaimed Asphalt Pavement (RAP) and Recycled Concrete Aggregate (RCA) Processing Input Parameters
A6: RAP processing | B6: Type | C6: Energy source
A7: Crushing of reclaimed asphalt pavement | B7: Mobile_jaw_crusher_400tph_RAP | C7: Diesel
A8: Stacking of RCA by a wheel loader | B8: Wheel_loader_338tph_Komatsu_WA500_RAP | C8: Diesel
A9: Conveying of RCA in a conveyor belt (feeders) | B9: Tracked_stacker_500tph_RAP | C9: Diesel
A10: Screening operation by mobile screener | B10: Mobile_screener_500tph_RAP | C10: Diesel
A13: RCA Processing | B13: Type | C13: Energy source
A14: Crushing of recycled concrete aggregate | B14: Mobile_jaw_crusher_400tph_RCA | C14: Diesel
A15: Stacking of RCA by a wheel loader | B15: Wheel_loader_338tph_Komatsu_WA500_RCA | C15: Diesel
A16: Conveying of RCA in a conveyor belt (feeders) | B16: Tracked_stacker_500tph_RCA | C16: Diesel
A17: Screening operation by mobile screener | B17: Mobile_screener_500tph_RCA | C17: Diesel
A20: Electric equipment load factor | B20: 0.51 | C20: Load factor for all electric equipments
A26: Step 1: Reclaimed Asphalt Pavement Processing
A27: 1a. Wheel loading operations RAP
A29: Details | B29: Input | C29: Source | D29: Source link
A30: Type of wheel loader | B30: Komatsu WA500 | C30: Komatsu Wheel Loader WA500-8 | D30: https://www.komatsu.eu/en/wheel-loaders/wheel-loaders/wa500-8
A31: Number of wheel loaders | B31: 1
A32: Power rating (kW) | B32: 263.2 | C32: Komatsu Wheel Loader WA500-8 | D32: https://www.komatsu.eu/en/wheel-loaders/wheel-loaders/wa500-8
A33: Load factor (steady state) | B33: 0.51 | C33: Median Life, Annual Activity, and Load Factor Values for Nonroad Engine Emissions Modeling - Report No. NR-005A (1998)
A34: Specific fuel consumption (kg/kWh/h) | B34: 0.25 | C34: Klanfar, Mario & Korman, Tomislav & Kujundžić, Trpimir. (2016). Fuel consumption and engine load factors of equipment in quarrying of crushed stone. Tehnicki Vjesnik. 23. 163-169. 10.17559/TV-20141027115647. | D34: https://doi.org/10.17559/TV-20141027115647
A35: Density of RAP (ton/m3) | B35: 2.2 | C35: User Guidelines for Waste and Byproduct Materials in Pavement Construction; Publication Number: FHWA-RD-97-148 | D35: https://www.fhwa.dot.gov/publications/research/infrastructure/pavements/97148/046.cfm
A36: Cycle time in minutes | B36: 0.45 | C36: SEBD0351-42, Caterpillar English Performance Handbook, Edition 42, Section
A37: Number of cycles for a wheel loader per hour | B37: =60/$B$36 -> 133.33333
A38: Bucket size (m3) | B38: 5.4 | C38: Komatsu Wheel Loader WA500-8 | D38: https://www.komatsu.eu/en/wheel-loaders/wheel-loaders/wa500-8
A39: Total capacity of wheel loader (ton/h) | B39: =$B$35*$B$37*$B$38 -> 1584
A40: Operational time of wheel loader per ton (h) | B40: =(Input!$B$51+Input!$B$52)/'C3'' - Secondary Raw Material '!$B$39 -> 0.00018939394 | C40: Amount of RAP / Total capacity of wheel loader
A41: Fuel consumption (kg/h) | B41: =$B$32*$B$33*$B$34 -> 33.558 | C41: Fuel consumption = Power x Load factor x Specific fuel consumption | D41: DOI: 10.17559/TV-20141027115647
A43: 1b. Crushing of reclaimed asphalt pavement
A45: Details | B45: Input | C45: Source | D45: Source link
A46: Load factor (steady state) | B46: 0.51 | C46: Median Life, Annual Activity, and Load Factor Values for Nonroad Engine Emissions Modeling - Report No. NR-005A (1998)
A47: Type of crusher | B47: MOBICAT MC 120(i) PRO | C47: MOBICAT MC 120(i) PRO | D47: https://www.wirtgen-group.com/ocs/en-us/kleemann/mc-120i-pro-139-p/
A48: Number of crushers | B48: 1
A49: Production capacity (ton/h) | B49: 400
A50: Power rating (kW) | B50: 200 | C50: Klanfar, Mario & Korman, Tomislav & Kujundžić, Trpimir. (2016). Fuel consumption and engine load factors of equipment in quarrying of crushed stone. Tehnicki Vjesnik. 23. 163-169. 10.17559/TV-20141027115647. | D50: https://doi.org/10.17559/TV-20141027115647
A51: Specific fuel consumption (kg/kWh/h) | B51: 0.25 | C51: Klanfar, Mario & Korman, Tomislav & Kujundžić, Trpimir. (2016). Fuel consumption and engine load factors of equipment in quarrying of crushed stone. Tehnicki Vjesnik. 23. 163-169. 10.17559/TV-20141027115647.
A52: Quantity of RAP (ton) | B52: =Input!$B$51+Input!$B$52 -> 0.3
A53: Operational time per quantity of RAP per ton of asphalt mix (h) | B53: =$B$52/$B$49 -> 0.00075 | C53: Quantity of RAP (ton)/Production capacity
A54: Fuel consumption (kg/h) | B54: =$B$50*$B$51*$B$46 -> 25.5 | C54: Fuel consumption = Power x Load factor x Specific fuel consumption | D54: DOI: 10.17559/TV-20141027115647
A56: 1c. Conveying crushed reclaimed asphalt pavement
A58: Details | B58: Input | C58: Source | D58: Source link
A59: Load factor (steady state) | B59: 0.51 | C59: Median Life, Annual Activity, and Load Factor Values for Nonroad Engine Emissions Modeling - Report No. NR-005A (1998)
A60: Type of tracked stacker | B60: ST100T Tracked stacker | C60: ST100T Tracked stacker | D60: https://mccloskeyinternational.com/home-page/mccloskey-stackers/st100t-tracked-stacker/
A61: Number of tracked stackers | B61: 1
A62: Specific fuel consumption (kg/kWh/h) | B62: 0.25 | C62: Klanfar, Mario & Korman, Tomislav & Kujundžić, Trpimir. (2016). Fuel consumption and engine load factors of equipment in quarrying of crushed stone. Tehnicki Vjesnik. 23. 163-169. 10.17559/TV-20141027115647. | D62: https://doi.org/10.17559/TV-20141027115647
A63: Production capacity (ton/h) | B63: 500
A64: Power rating (kW) | B64: 55
A65: Quantity of RAP (ton) | B65: =Input!$B$51+Input!$B$52 -> 0.3
A66: Operational time per quantity of RAP per ton of asphalt mix | B66: =$B$65/$B$49 -> 0.00075 | C66: Operational time is dependent on the crushing operation hence the productivity of crusher was used to calculate operational time
A67: Fuel consumption (kg/h) | B67: =$B$64*$B$62*$B$59 -> 7.0125 | C67: Fuel consumption = Power x Load factor x Specific fuel consumption | D67: DOI: 10.17559/TV-20141027115647
A69: 1d. Screening of crushed reclaimed asphalt pavement
A71: Details | B71: Input | C71: Source | D71: Source link
A72: Type of screener | B72: MSC 953i EVO | C72: MSC 953i EVO | D72: https://www.wirtgen-group.com/ocs/en-us/kleemann/msc-953i-evo-167-p/
A73: Number of screeners | B73: 1
A74: Power rating (kW) | B74: 99
A75: Load factor (steady state) | B75: 0.51 | C75: Median Life, Annual Activity, and Load Factor Values for Nonroad Engine Emissions Modeling - Report No. NR-005A (1998)
A76: Production capacity (ton/h) | B76: 500
A77: Specific fuel consumption (kg/kWh/h) | B77: 0.25 | C77: Klanfar, Mario & Korman, Tomislav & Kujundžić, Trpimir. (2016). Fuel consumption and engine load factors of equipment in quarrying of crushed stone. Tehnicki Vjesnik. 23. 163-169. 10.17559/TV-20141027115647.
A78: Quantity of RAP (ton) | B78: =Input!$B$51+Input!$B$52 -> 0.3
A79: Operational time per quantity of RAP per ton of asphalt mix (h) | B79: =$B$78/$B$49 -> 0.00075 | C79: Operational time is dependent on the crushing operation hence the productivity of crusher was used to calculate operational time
A80: Fuel consumption (kg/h) | B80: =$B$74*$B$77*$B$75 -> 12.6225 | C80: Fuel consumption = Power x Load factor x Specific fuel consumption | D80: DOI: 10.17559/TV-20141027115647
A83: Step 2: Recycled Concrete Aggregate Processing
A84: 2a. Wheel loading operations RCA
A85: Details | B85: Input | C85: Source | D85: Source link
A86: Type of wheel loader | B86: Komatsu WA500 | C86: Komatsu Wheel Loader WA500-8 | D86: https://www.komatsu.eu/en/wheel-loaders/wheel-loaders/wa500-8
A87: Number of wheel loaders | B87: 1
A88: Power rating (kW) | B88: 263.2 | C88: Komatsu Wheel Loader WA500-8 | D88: https://www.komatsu.eu/en/wheel-loaders/wheel-loaders/wa500-8
A89: Load factor (steady state) | B89: 0.51 | C89: Median Life, Annual Activity, and Load Factor Values for Nonroad Engine Emissions Modeling - Report No. NR-005A (1998)
A90: Specific fuel consumption (kg/kWh/h) | B90: 0.25 | C90: Klanfar, Mario & Korman, Tomislav & Kujundžić, Trpimir. (2016). Fuel consumption and engine load factors of equipment in quarrying of crushed stone. Tehnicki Vjesnik. 23. 163-169. 10.17559/TV-20141027115647. | D90: https://doi.org/10.17559/TV-20141027115647
A91: Density of RCA (ton/m3) | B91: 2.3 | C91: G. G. Giwangkara et al 2019 IOP Conf. Ser.: Mater. Sci. Eng. 527 012061 | D91: doi:10.1088/1757-899X/527/1/012061
A92: Cycle time in minutes | B92: 0.45 | C92: SEBD0351-42, Caterpillar English Performance Handbook, Edition 42, Section
A93: Number of cycles for a wheel loader per hour | B93: =60/$B$36 -> 133.33333
A94: Bucket size (m3) | B94: 5.4 | C94: Komatsu Wheel Loader WA500-8 | D94: https://www.komatsu.eu/en/wheel-loaders/wheel-loaders/wa500-8
A95: Total capacity of wheel loader (ton/h) | B95: =$B$35*$B$37*$B$38 -> 1584
A96: Operational time of wheel loader (h) Other Waste 1 | B96: =IF(Input!$C$53="Recycled_concrete_aggregate",Input!$B$53,0)/B95 -> 0 | C96: Amount of RCA in mix / Total capacity of wheel loader
A97: Operational time of wheel loader (h) Other Waste 2 | B97: =IF(Input!$C$54="Recycled_concrete_aggregate",Input!$B$54,0)/B95 -> 0
A98: Total operational time of wheel loader per ton (h/ton) | B98: =$B$96+$B$97 -> 0
A99: Fuel consumption (kg/h) | B99: =$B$88*$B$89*$B$90 -> 33.558 | C99: Fuel consumption = Power x Load factor x Specific fuel consumption | D99: DOI: 10.17559/TV-20141027115647
A101: 2b. Crushing of Recycled Concrete Aggregate
A103: Details | B103: Input | C103: Source | D103: Source link
A104: RCA_crusher_400tph
A105: Load factor (steady state) | B105: 0.51 | C105: Median Life, Annual Activity, and Load Factor Values for Nonroad Engine Emissions Modeling - Report No. NR-005A (1998)
A106: Type of crusher | B106: MOBICAT MC 120(i) PRO | C106: MOBICAT MC 120(i) PRO | D106: https://www.wirtgen-group.com/ocs/en-us/kleemann/mc-120i-pro-139-p/
A107: Number of crushers | B107: 1
A108: Production capacity (ton/h) | B108: 400
A109: Power rating (kW) | B109: 200
A110: Specific fuel consumption (kg/kWh/h) | B110: 0.25 | C110: Klanfar, Mario & Korman, Tomislav & Kujundžić, Trpimir. (2016). Fuel consumption and engine load factors of equipment in quarrying of crushed stone. Tehnicki Vjesnik. 23. 163-169. 10.17559/TV-20141027115647.
A111: Quantity of RCA 1 (ton) | B111: =IF(Input!$C$53="Recycled_concrete_aggregate",Input!$B$53,0) -> 0
A112: Quantity of RCA 2 (ton) | B112: =IF(Input!$C$54="Recycled_concrete_aggregate",Input!$B$54,0) -> 0
A113: Operational time per quantity of RCA 1 per ton of asphalt mix (h) | B113: =IF(Input!$C$53="Recycled_concrete_aggregate",($B$111/$B$108),0) -> 0 | C113: Quantity of RAP (ton)/Production capacity ; IF statement is added if the other waste input is recycled concrete aggregate
A114: Operational time per quantity of RCA 2 per ton of asphalt mix (h) | B114: =IF(Input!$C$54="Recycled_concrete_aggregate",$B$112/$B$108,0) -> 0
A115: Total operational time (h/ton) | B115: =B113+B114 -> 0
A116: Fuel consumption (kg/h) | B116: =$B$109*$B$105*$B$110 -> 25.5 | C116: Fuel consumption = Power x Load factor x Specific fuel consumption | D116: DOI: 10.17559/TV-20141027115647
A118: 2c. Conveying crushed Recycled Concrete Aggregate
A120: Details | B120: Input | C120: Source | D120: Source link
A121: RCA_Tracked_stacker_500tph
A122: Load factor (steady state) | B122: 0.51 | C122: Median Life, Annual Activity, and Load Factor Values for Nonroad Engine Emissions Modeling - Report No. NR-005A (1998)
A123: Type of tracked stacker | B123: ST100T Tracked stacker | C123: ST100T Tracked stacker | D123: https://mccloskeyinternational.com/home-page/mccloskey-stackers/st100t-tracked-stacker/
A124: Number of stackers | B124: 1
...

Sheet A2 - Transport
A1: Electric truck energy consumption and weight metrics
A3: Electric trucks | C3: Source | D3: Source link
A4: Energy consumption (kWh/km] | B4: 1.24 | C4: Tesla | D4: https://www.tesla.com/semi
A5: Combined weight (tons) | B5: 36.287
A6: Energy consumption (kWh/tkm] | B6: =B4/B5 -> 0.034172018
A10: The PEF impacts are calculated for each individual transport route. A total of three routes have been taken into consideration.
A12: Transport Route 1 : PEF Impact Calculations for Each Asphalt Mix Component
A14: Components | B14: Materials | C14: Mass (ton] | D14: Distance (km) | E14: List- Transport mode | F14: List- Energy source | G14: acidification | accumulated exceedance (AE) mol H+ -eq | H14: climate change | global warming potential (GWP100) kgCO2-Eq | I14: climate change: biogenic | global warming potential (GWP100) kgCO2-Eq | J14: climate change: fossil | global warming potential (GWP100) kgCO2-Eq | K14: land use and land use change | global warming potential (GWP100) kgCO2-Eq | L14: ecotoxicity: freshwater | comparative toxic unit for ecosystems (CTUe) | M14: energy resources: non-renewable | abiotic depletion potential (ADP): fossil fuels MJ, net calorific value | N14: eutrophication: freshwater | fraction of nutrients reaching freshwater end compartment (P) | O14: eutrophication: marine | fraction of nutrients reaching marine end compartment (N) kg N-Eq | P14: eutrophication: terrestrial | accumulated exceedance (AE) mol N-Eq | Q14: human toxicity: carcinogenic | comparative toxic unit for human (CTUh) | R14: human toxicity: non-carcinogenic | comparative toxic unit for human (CTUh) | S14: ionising radiation: human health | human exposure efficiency relative to u235 kBq U235-Eq | T14: land use | soil quality index dimensionless | U14: material resources: metals/minerals | abiotic depletion potential (ADP): elements (ultimate reserves) kg Sb-Eq | V14: ozone depletion|ozone depletion potential (ODP) kg CFC-11-Eq | W14: particulate matter formation | impact on human health | X14: photochemical oxidant formation: human health | tropospheric ozone concentration increase kg NMVOC-Eq | Y14: water use | user deprivation potential (deprivation-weighted water consumption) m3 world eq deprived
A15: Binder | B15: =Input!A39 -> Virgin binder | C15: =+Input!B39 -> 0.02216 | D15: =Input!$L39 -> 262 | E15: =Input!$J39 -> Truck | F15: =Input!$K39 -> Diesel_Euro6 | G15: {=INDEX(LCI!H$2:H$73, MATCH($E15&$F15, LCI!$B$2:$B$73&LCI!$D$2:$D$73, 0))* IF(AND($E15="Truck", OR($F15="Electric", $F15="Electric_green")), $B$6, 1)* $C15* $D15} -> 0.001374389 | H15: {=INDEX(LCI!I$2:I$73, MATCH($E15&$F15, LCI!$B$2:$B$73&LCI!$D$2:$D$73, 0))* IF(AND($E15="Truck", OR($F15="Electric", $F15="Electric_green")), $B$6, 1)* $C15* $D15} -> 0.92165995 | I15: {=INDEX(LCI!J$2:J$73, MATCH($E15&$F15, LCI!$B$2:$B$73&LCI!$D$2:$D$73, 0))* IF(AND($E15="Truck", OR($F15="Electric", $F15="Electric_green")), $B$6, 1)* $C15* $D15} -> 0.00043074295 | J15: {=INDEX(LCI!K$2:K$73, MATCH($E15&$F15, LCI!$B$2:$B$73&LCI!$D$2:$D$73, 0))* IF(AND($E15="Truck", OR($F15="Electric", $F15="Electric_green")), $B$6, 1)* $C15* $D15} -> 0.9211559 | K15: {=INDEX(LCI!L$2:L$73, MATCH($E15&$F15, LCI!$B$2:$B$73&LCI!$D$2:$D$73, 0))* IF(AND($E15="Truck", OR($F15="Electric", $F15="Electric_green")), $B$6, 1)* $C15* $D15} -> 7.3308449e-05 | L15: {=INDEX(LCI!M$2:M$73, MATCH($E15&$F15, LCI!$B$2:$B$73&LCI!$D$2:$D$73, 0))* IF(AND($E15="Truck", OR($F15="Electric", $F15="Electric_green")), $B$6, 1)* $C15* $D15} -> 0.79160206 | M15: {=INDEX(LCI!N$2:N$73, MATCH($E15&$F15, LCI!$B$2:$B$73&LCI!$D$2:$D$73, 0))* IF(AND($E15="Truck", OR($F15="Electric", $F15="Electric_green")), $B$6, 1)* $C15* $D15} -> 12.404585 | N15: {=INDEX(LCI!O$2:O$73, MATCH($E15&$F15, LCI!$B$2:$B$73&LCI!$D$2:$D$73, 0))* IF(AND($E15="Truck", OR($F15="Electric", $F15="Electric_green")), $B$6, 1)* $C15* $D15} -> 2.1497522e-05 | ... Y15: {=INDEX(LCI!Z$2:Z$73, MATCH($E15&$F15, LCI!$B$2:$B$73&LCI!$D$2:$D$73, 0))* IF(AND($E15="Truck", OR($F15="Electric", $F15="Electric_green")), $B$6, 1)* $C15* $D15} -> 0.028252704
A16: Aggregate | B16: =Input!A40 -> Virgin crushed coarse aggregate 1 (>2 mm) | C16: =+Input!B40 -> 0 | D16: =Input!$L40 -> 0 | E16: =Input!$J40 -> Truck | F16: =Input!$K40 -> Diesel_Euro6 | G16: {=INDEX(LCI!H$2:H$73, MATCH($E16&$F16, LCI!$B$2:$B$73&LCI!$D$2:$D$73, 0))* IF(AND($E16="Truck", OR($F16="Electric", $F16="Electric_green")), $B$6, 1)* $C16* $D16} -> 0 | H16: {=INDEX(LCI!I$2:I$73, MATCH($E16&$F16, LCI!$B$2:$B$73&LCI!$D$2:$D$73, 0))* IF(AND($E16="Truck", OR($F16="Electric", $F16="Electric_green")), $B$6, 1)* $C16* $D16} -> 0 | I16: {=INDEX(LCI!J$2:J$73, MATCH($E16&$F16, LCI!$B$2:$B$73&LCI!$D$2:$D$73, 0))* IF(AND($E16="Truck", OR($F16="Electric", $F16="Electric_green")), $B$6, 1)* $C16* $D16} -> 0 | J16: {=INDEX(LCI!K$2:K$73, MATCH($E16&$F16, LCI!$B$2:$B$73&LCI!$D$2:$D$73, 0))* IF(AND($E16="Truck", OR($F16="Electric", $F16="Electric_green")), $B$6, 1)* $C16* $D16} -> 0 | K16: {=INDEX(LCI!L$2:L$73, MATCH($E16&$F16, LCI!$B$2:$B$73&LCI!$D$2:$D$73, 0))* IF(AND($E16="Truck", OR($F16="Electric", $F16="Electric_green")), $B$6, 1)* $C16* $D16} -> 0 | L16: {=INDEX(LCI!M$2:M$73, MATCH($E16&$F16, LCI!$B$2:$B$73&LCI!$D$2:$D$73, 0))* IF(AND($E16="Truck", OR($F16="Electric", $F16="Electric_green")), $B$6, 1)* $C16* $D16} -> 0 | M16: {=INDEX(LCI!N$2:N$73, MATCH($E16&$F16, LCI!$B$2:$B$73&LCI!$D$2:$D$73, 0))* IF(AND($E16="Truck", OR($F16="Electric", $F16="Electric_green")), $B$6, 1)* $C16* $D16} -> 0 | N16: {=INDEX(LCI!O$2:O$73, MATCH($E16&$F16, LCI!$B$2:$B$73&LCI!$D$2:$D$73, 0))* IF(AND($E16="Truck", OR($F16="Electric", $F16="Electric_green")), $B$6, 1)* $C16* $D16} -> 0 | ... Y16: {=INDEX(LCI!Z$2:Z$73, MATCH($E16&$F16, LCI!$B$2:$B$73&LCI!$D$2:$D$73, 0))* IF(AND($E16="Truck", OR($F16="Electric", $F16="Electric_green")), $B$6, 1)* $C16* $D16} -> 0
B17: =Input!A41 -> Virgin crushed coarse aggregate 2 (>2 mm) | C17: =+Input!B41 -> 0.102 | D17: =Input!$L41 -> 51 | E17: =Input!$J41 -> Barge | F17: =Input!$K41 -> Diesel | G17: {=INDEX(LCI!H$2:H$73, MATCH($E17&$F17, LCI!$B$2:$B$73&LCI!$D$2:$D$73, 0))* IF(AND($E17="Truck", OR($F17="Electric", $F17="Electric_green")), $B$6, 1)* $C17* $D17} -> 0.0023017805 | H17: {=INDEX(LCI!I$2:I$73, MATCH($E17&$F17, LCI!$B$2:$B$73&LCI!$D$2:$D$73, 0))* IF(AND($E17="Truck", OR($F17="Electric", $F17="Electric_green")), $B$6, 1)* $C17* $D17} -> 0.26236359 | I17: {=INDEX(LCI!J$2:J$73, MATCH($E17&$F17, LCI!$B$2:$B$73&LCI!$D$2:$D$73, 0))* IF(AND($E17="Truck", OR($F17="Electric", $F17="Electric_green")), $B$6, 1)* $C17* $D17} -> 7.2266264e-05 | J17: {=INDEX(LCI!K$2:K$73, MATCH($E17&$F17, LCI!$B$2:$B$73&LCI!$D$2:$D$73, 0))* IF(AND($E17="Truck", OR($F17="Electric", $F17="Electric_green")), $B$6, 1)* $C17* $D17} -> 0.26204799 | K17: {=INDEX(LCI!L$2:L$73, MATCH($E17&$F17, LCI!$B$2:$B$73&LCI!$D$2:$D$73, 0))* IF(AND($E17="Truck", OR($F17="Electric", $F17="Electric_green")), $B$6, 1)* $C17* $D17} -> 0.00024333441 | L17: {=INDEX(LCI!M$2:M$73, MATCH($E17&$F17, LCI!$B$2:$B$73&LCI!$D$2:$D$73, 0))* IF(AND($E17="Truck", OR($F17="Electric", $F17="Electric_green")), $B$6, 1)* $C17* $D17} -> 0.26562567 | M17: {=INDEX(LCI!N$2:N$73, MATCH($E17&$F17, LCI!$B$2:$B$73&LCI!$D$2:$D$73, 0))* IF(AND($E17="Truck", OR($F17="Electric", $F17="Electric_green")), $B$6, 1)* $C17* $D17} -> 3.2181159 | N17: {=INDEX(LCI!O$2:O$73, MATCH($E17&$F17, LCI!$B$2:$B$73&LCI!$D$2:$D$73, 0))* IF(AND($E17="Truck", OR($F17="Electric", $F17="Electric_green")), $B$6, 1)* $C17* $D17} -> 2.3657859e-05 | ... Y17: {=INDEX(LCI!Z$2:Z$73, MATCH($E17&$F17, LCI!$B$2:$B$73&LCI!$D$2:$D$73, 0))* IF(AND($E17="Truck", OR($F17="Electric", $F17="Electric_green")), $B$6, 1)* $C17* $D17} -> 0.02488046
B18: =Input!A42 -> Virgin crushed coarse aggregate 3 (>2 mm) | C18: =+Input!B42 -> 0.353 | D18: =Input!$L42 -> 188 | E18: =Input!$J42 -> Truck | F18: =Input!$K42 -> Diesel_Euro6 | G18: {=INDEX(LCI!H$2:H$73, MATCH($E18&$F18, LCI!$B$2:$B$73&LCI!$D$2:$D$73, 0))* IF(AND($E18="Truck", OR($F18="Electric", $F18="Electric_green")), $B$6, 1)* $C18* $D18} -> 0.015709819 | H18: {=INDEX(LCI!I$2:I$73, MATCH($E18&$F18, LCI!$B$2:$B$73&LCI!$D$2:$D$73, 0))* IF(AND($E18="Truck", OR($F18="Electric", $F18="Electric_green")), $B$6, 1)* $C18* $D18} -> 10.534944 | I18: {=INDEX(LCI!J$2:J$73, MATCH($E18&$F18, LCI!$B$2:$B$73&LCI!$D$2:$D$73, 0))* IF(AND($E18="Truck", OR($F18="Electric", $F18="Electric_green")), $B$6, 1)* $C18* $D18} -> 0.0049235651 | J18: {=INDEX(LCI!K$2:K$73, MATCH($E18&$F18, LCI!$B$2:$B$73&LCI!$D$2:$D$73, 0))* IF(AND($E18="Truck", OR($F18="Electric", $F18="Electric_green")), $B$6, 1)* $C18* $D18} -> 10.529182 | K18: {=INDEX(LCI!L$2:L$73, MATCH($E18&$F18, LCI!$B$2:$B$73&LCI!$D$2:$D$73, 0))* IF(AND($E18="Truck", OR($F18="Electric", $F18="Electric_green")), $B$6, 1)* $C18* $D18} -> 0.00083794505 | L18: {=INDEX(LCI!M$2:M$73, MATCH($E18&$F18, LCI!$B$2:$B$73&LCI!$D$2:$D$73, 0))* IF(AND($E18="Truck", OR($F18="Electric", $F18="Electric_green")), $B$6, 1)* $C18* $D18} -> 9.0483298 | M18: {=INDEX(LCI!N$2:N$73, MATCH($E18&$F18, LCI!$B$2:$B$73&LCI!$D$2:$D$73, 0))* IF(AND($E18="Truck", OR($F18="Electric", $F18="Electric_green")), $B$6, 1)* $C18* $D18} -> 141.78939 | N18: {=INDEX(LCI!O$2:O$73, MATCH($E18&$F18, LCI!$B$2:$B$73&LCI!$D$2:$D$73, 0))* IF(AND($E18="Truck", OR($F18="Electric", $F18="Electric_green")), $B$6, 1)* $C18* $D18} -> 0.00024572532 | ... Y18: {=INDEX(LCI!Z$2:Z$73, MATCH($E18&$F18, LCI!$B$2:$B$73&LCI!$D$2:$D$73, 0))* IF(AND($E18="Truck", OR($F18="Electric", $F18="Electric_green")), $B$6, 1)* $C18* $D18} -> 0.32293977
B19: =Input!A43 -> Virgin crushed fine aggregate 1 (≤2 mm) | C19: =+Input!B43 -> 0 | D19: =Input!$L43 -> 0 | E19: =Input!$J43 -> No | F19: =Input!$K43 -> No | G19: {=INDEX(LCI!H$2:H$73, MATCH($E19&$F19, LCI!$B$2:$B$73&LCI!$D$2:$D$73, 0))* IF(AND($E19="Truck", OR($F19="Electric", $F19="Electric_green")), $B$6, 1)* $C19* $D19} -> 0 | H19: {=INDEX(LCI!I$2:I$73, MATCH($E19&$F19, LCI!$B$2:$B$73&LCI!$D$2:$D$73, 0))* IF(AND($E19="Truck", OR($F19="Electric", $F19="Electric_green")), $B$6, 1)* $C19* $D19} -> 0 | I19: {=INDEX(LCI!J$2:J$73, MATCH($E19&$F19, LCI!$B$2:$B$73&LCI!$D$2:$D$73, 0))* IF(AND($E19="Truck", OR($F19="Electric", $F19="Electric_green")), $B$6, 1)* $C19* $D19} -> 0 | J19: {=INDEX(LCI!K$2:K$73, MATCH($E19&$F19, LCI!$B$2:$B$73&LCI!$D$2:$D$73, 0))* IF(AND($E19="Truck", OR($F19="Electric", $F19="Electric_green")), $B$6, 1)* $C19* $D19} -> 0 | K19: {=INDEX(LCI!L$2:L$73, MATCH($E19&$F19, LCI!$B$2:$B$73&LCI!$D$2:$D$73, 0))* IF(AND($E19="Truck", OR($F19="Electric", $F19="Electric_green")), $B$6, 1)* $C19* $D19} -> 0 | L19: {=INDEX(LCI!M$2:M$73, MATCH($E19&$F19, LCI!$B$2:$B$73&LCI!$D$2:$D$73, 0))* IF(AND($E19="Truck", OR($F19="Electric", $F19="Electric_green")), $B$6, 1)* $C19* $D19} -> 0 | M19: {=INDEX(LCI!N$2:N$73, MATCH($E19&$F19, LCI!$B$2:$B$73&LCI!$D$2:$D$73, 0))* IF(AND($E19="Truck", OR($F19="Electric", $F19="Electric_green")), $B$6, 1)* $C19* $D19} -> 0 | N19: {=INDEX(LCI!O$2:O$73, MATCH($E19&$F19, LCI!$B$2:$B$73&LCI!$D$2:$D$73, 0))* IF(AND($E19="Truck", OR($F19="Electric", $F19="Electric_green")), $B$6, 1)* $C19* $D19} -> 0 | ... Y19: {=INDEX(LCI!Z$2:Z$73, MATCH($E19&$F19, LCI!$B$2:$B$73&LCI!$D$2:$D$73, 0))* IF(AND($E19="Truck", OR($F19="Electric", $F19="Electric_green")), $B$6, 1)* $C19* $D19} -> 0
B20: =Input!A44 -> Virgin crushed fine aggregate 2 (≤2 mm) | C20: =+Input!B44 -> 0 | D20: =Input!$L44 -> 0 | E20: =Input!$J44 -> No | F20: =Input!$K44 -> No | G20: {=INDEX(LCI!H$2:H$73, MATCH($E20&$F20, LCI!$B$2:$B$73&LCI!$D$2:$D$73, 0))* IF(AND($E20="Truck", OR($F20="Electric", $F20="Electric_green")), $B$6, 1)* $C20* $D20} -> 0 | H20: {=INDEX(LCI!I$2:I$73, MATCH($E20&$F20, LCI!$B$2:$B$73&LCI!$D$2:$D$73, 0))* IF(AND($E20="Truck", OR($F20="Electric", $F20="Electric_green")), $B$6, 1)* $C20* $D20} -> 0 | I20: {=INDEX(LCI!J$2:J$73, MATCH($E20&$F20, LCI!$B$2:$B$73&LCI!$D$2:$D$73, 0))* IF(AND($E20="Truck", OR($F20="Electric", $F20="Electric_green")), $B$6, 1)* $C20* $D20} -> 0 | J20: {=INDEX(LCI!K$2:K$73, MATCH($E20&$F20, LCI!$B$2:$B$73&LCI!$D$2:$D$73, 0))* IF(AND($E20="Truck", OR($F20="Electric", $F20="Electric_green")), $B$6, 1)* $C20* $D20} -> 0 | K20: {=INDEX(LCI!L$2:L$73, MATCH($E20&$F20, LCI!$B$2:$B$73&LCI!$D$2:$D$73, 0))* IF(AND($E20="Truck", OR($F20="Electric", $F20="Electric_green")), $B$6, 1)* $C20* $D20} -> 0 | L20: {=INDEX(LCI!M$2:M$73, MATCH($E20&$F20, LCI!$B$2:$B$73&LCI!$D$2:$D$73, 0))* IF(AND($E20="Truck", OR($F20="Electric", $F20="Electric_green")), $B$6, 1)* $C20* $D20} -> 0 | M20: {=INDEX(LCI!N$2:N$73, MATCH($E20&$F20, LCI!$B$2:$B$73&LCI!$D$2:$D$73, 0))* IF(AND($E20="Truck", OR($F20="Electric", $F20="Electric_green")), $B$6, 1)* $C20* $D20} -> 0 | N20: {=INDEX(LCI!O$2:O$73, MATCH($E20&$F20, LCI!$B$2:$B$73&LCI!$D$2:$D$73, 0))* IF(AND($E20="Truck", OR($F20="Electric", $F20="Electric_green")), $B$6, 1)* $C20* $D20} -> 0 | ... Y20: {=INDEX(LCI!Z$2:Z$73, MATCH($E20&$F20, LCI!$B$2:$B$73&LCI!$D$2:$D$73, 0))* IF(AND($E20="Truck", OR($F20="Electric", $F20="Electric_green")), $B$6, 1)* $C20* $D20} -> 0
B21: =Input!A45 -> Virgin crushed fine aggregate 3 (≤2 mm) | C21: =+Input!B45 -> 0 | D21: =Input!$L45 -> 0 | E21: =Input!$J45 -> No | F21: =Input!$K45 -> No | G21: {=INDEX(LCI!H$2:H$73, MATCH($E21&$F21, LCI!$B$2:$B$73&LCI!$D$2:$D$73, 0))* IF(AND($E21="Truck", OR($F21="Electric", $F21="Electric_green")), $B$6, 1)* $C21* $D21} -> 0 | H21: {=INDEX(LCI!I$2:I$73, MATCH($E21&$F21, LCI!$B$2:$B$73&LCI!$D$2:$D$73, 0))* IF(AND($E21="Truck", OR($F21="Electric", $F21="Electric_green")), $B$6, 1)* $C21* $D21} -> 0 | I21: {=INDEX(LCI!J$2:J$73, MATCH($E21&$F21, LCI!$B$2:$B$73&LCI!$D$2:$D$73, 0))* IF(AND($E21="Truck", OR($F21="Electric", $F21="Electric_green")), $B$6, 1)* $C21* $D21} -> 0 | J21: {=INDEX(LCI!K$2:K$73, MATCH($E21&$F21, LCI!$B$2:$B$73&LCI!$D$2:$D$73, 0))* IF(AND($E21="Truck", OR($F21="Electric", $F21="Electric_green")), $B$6, 1)* $C21* $D21} -> 0 | K21: {=INDEX(LCI!L$2:L$73, MATCH($E21&$F21, LCI!$B$2:$B$73&LCI!$D$2:$D$73, 0))* IF(AND($E21="Truck", OR($F21="Electric", $F21="Electric_green")), $B$6, 1)* $C21* $D21} -> 0 | L21: {=INDEX(LCI!M$2:M$73, MATCH($E21&$F21, LCI!$B$2:$B$73&LCI!$D$2:$D$73, 0))* IF(AND($E21="Truck", OR($F21="Electric", $F21="Electric_green")), $B$6, 1)* $C21* $D21} -> 0 | M21: {=INDEX(LCI!N$2:N$73, MATCH($E21&$F21, LCI!$B$2:$B$73&LCI!$D$2:$D$73, 0))* IF(AND($E21="Truck", OR($F21="Electric", $F21="Electric_green")), $B$6, 1)* $C21* $D21} -> 0 | N21: {=INDEX(LCI!O$2:O$73, MATCH($E21&$F21, LCI!$B$2:$B$73&LCI!$D$2:$D$73, 0))* IF(AND($E21="Truck", OR($F21="Electric", $F21="Electric_green")), $B$6, 1)* $C21* $D21} -> 0 | ... Y21: {=INDEX(LCI!Z$2:Z$73, MATCH($E21&$F21, LCI!$B$2:$B$73&LCI!$D$2:$D$73, 0))* IF(AND($E21="Truck", OR($F21="Electric", $F21="Electric_green")), $B$6, 1)* $C21* $D21} -> 0
B22: =Input!A46 -> Virgin natural fine aggregate 1 (≤2 mm) | C22: =+Input!B46 -> 0.153 | D22: =Input!$L46 -> 44 | E22: =Input!$J46 -> Barge | F22: =Input!$K46 -> Diesel | G22: {=INDEX(LCI!H$2:H$73, MATCH($E22&$F22, LCI!$B$2:$B$73&LCI!$D$2:$D$73, 0))* IF(AND($E22="Truck", OR($F22="Electric", $F22="Electric_green")), $B$6, 1)* $C22* $D22} -> 0.0029787748 | H22: {=INDEX(LCI!I$2:I$73, MATCH($E22&$F22, LCI!$B$2:$B$73&LCI!$D$2:$D$73, 0))* IF(AND($E22="Truck", OR($F22="Electric", $F22="Electric_green")), $B$6, 1)* $C22* $D22} -> 0.33952936 | I22: {=INDEX(LCI!J$2:J$73, MATCH($E22&$F22, LCI!$B$2:$B$73&LCI!$D$2:$D$73, 0))* IF(AND($E22="Truck", OR($F22="Electric", $F22="Electric_green")), $B$6, 1)* $C22* $D22} -> 9.3521047e-05 | J22: {=INDEX(LCI!K$2:K$73, MATCH($E22&$F22, LCI!$B$2:$B$73&LCI!$D$2:$D$73, 0))* IF(AND($E22="Truck", OR($F22="Electric", $F22="Electric_green")), $B$6, 1)* $C22* $D22} -> 0.33912093 | K22: {=INDEX(LCI!L$2:L$73, MATCH($E22&$F22, LCI!$B$2:$B$73&LCI!$D$2:$D$73, 0))* IF(AND($E22="Truck", OR($F22="Electric", $F22="Electric_green")), $B$6, 1)* $C22* $D22} -> 0.00031490336 | L22: {=INDEX(LCI!M$2:M$73, MATCH($E22&$F22, LCI!$B$2:$B$73&LCI!$D$2:$D$73, 0))* IF(AND($E22="Truck", OR($F22="Electric", $F22="Electric_green")), $B$6, 1)* $C22* $D22} -> 0.34375086 | M22: {=INDEX(LCI!N$2:N$73, MATCH($E22&$F22, LCI!$B$2:$B$73&LCI!$D$2:$D$73, 0))* IF(AND($E22="Truck", OR($F22="Electric", $F22="Electric_green")), $B$6, 1)* $C22* $D22} -> 4.1646205 | N22: {=INDEX(LCI!O$2:O$73, MATCH($E22&$F22, LCI!$B$2:$B$73&LCI!$D$2:$D$73, 0))* IF(AND($E22="Truck", OR($F22="Electric", $F22="Electric_green")), $B$6, 1)* $C22* $D22} -> 3.0616053e-05 | ... Y22: {=INDEX(LCI!Z$2:Z$73, MATCH($E22&$F22, LCI!$B$2:$B$73&LCI!$D$2:$D$73, 0))* IF(AND($E22="Truck", OR($F22="Electric", $F22="Electric_green")), $B$6, 1)* $C22* $D22} -> 0.032198242
B23: =Input!A47 -> Virgin natural fine aggregate 2 (≤2 mm) | C23: =+Input!B47 -> 0 | D23: =Input!$L47 -> 0 | E23: =Input!$J47 -> No | F23: =Input!$K47 -> No | G23: {=INDEX(LCI!H$2:H$73, MATCH($E23&$F23, LCI!$B$2:$B$73&LCI!$D$2:$D$73, 0))* IF(AND($E23="Truck", OR($F23="Electric", $F23="Electric_green")), $B$6, 1)* $C23* $D23} -> 0 | H23: {=INDEX(LCI!I$2:I$73, MATCH($E23&$F23, LCI!$B$2:$B$73&LCI!$D$2:$D$73, 0))* IF(AND($E23="Truck", OR($F23="Electric", $F23="Electric_green")), $B$6, 1)* $C23* $D23} -> 0 | I23: {=INDEX(LCI!J$2:J$73, MATCH($E23&$F23, LCI!$B$2:$B$73&LCI!$D$2:$D$73, 0))* IF(AND($E23="Truck", OR($F23="Electric", $F23="Electric_green")), $B$6, 1)* $C23* $D23} -> 0 | J23: {=INDEX(LCI!K$2:K$73, MATCH($E23&$F23, LCI!$B$2:$B$73&LCI!$D$2:$D$73, 0))* IF(AND($E23="Truck", OR($F23="Electric", $F23="Electric_green")), $B$6, 1)* $C23* $D23} -> 0 | K23: {=INDEX(LCI!L$2:L$73, MATCH($E23&$F23, LCI!$B$2:$B$73&LCI!$D$2:$D$73, 0))* IF(AND($E23="Truck", OR($F23="Electric", $F23="Electric_green")), $B$6, 1)* $C23* $D23} -> 0 | L23: {=INDEX(LCI!M$2:M$73, MATCH($E23&$F23, LCI!$B$2:$B$73&LCI!$D$2:$D$73, 0))* IF(AND($E23="Truck", OR($F23="Electric", $F23="Electric_green")), $B$6, 1)* $C23* $D23} -> 0 | M23: {=INDEX(LCI!N$2:N$73, MATCH($E23&$F23, LCI!$B$2:$B$73&LCI!$D$2:$D$73, 0))* IF(AND($E23="Truck", OR($F23="Electric", $F23="Electric_green")), $B$6, 1)* $C23* $D23} -> 0 | N23: {=INDEX(LCI!O$2:O$73, MATCH($E23&$F23, LCI!$B$2:$B$73&LCI!$D$2:$D$73, 0))* IF(AND($E23="Truck", OR($F23="Electric", $F23="Electric_green")), $B$6, 1)* $C23* $D23} -> 0 | ... Y23: {=INDEX(LCI!Z$2:Z$73, MATCH($E23&$F23, LCI!$B$2:$B$73&LCI!$D$2:$D$73, 0))* IF(AND($E23="Truck", OR($F23="Electric", $F23="Electric_green")), $B$6, 1)* $C23* $D23} -> 0
B24: =Input!A48 -> Virgin natural fine aggregate 3 (≤2 mm) | C24: =+Input!B48 -> 0 | D24: =Input!$L48 -> 0 | E24: =Input!$J48 -> No | F24: =Input!$K48 -> No | G24: {=INDEX(LCI!H$2:H$73, MATCH($E24&$F24, LCI!$B$2:$B$73&LCI!$D$2:$D$73, 0))* IF(AND($E24="Truck", OR($F24="Electric", $F24="Electric_green")), $B$6, 1)* $C24* $D24} -> 0 | H24: {=INDEX(LCI!I$2:I$73, MATCH($E24&$F24, LCI!$B$2:$B$73&LCI!$D$2:$D$73, 0))* IF(AND($E24="Truck", OR($F24="Electric", $F24="Electric_green")), $B$6, 1)* $C24* $D24} -> 0 | I24: {=INDEX(LCI!J$2:J$73, MATCH($E24&$F24, LCI!$B$2:$B$73&LCI!$D$2:$D$73, 0))* IF(AND($E24="Truck", OR($F24="Electric", $F24="Electric_green")), $B$6, 1)* $C24* $D24} -> 0 | J24: {=INDEX(LCI!K$2:K$73, MATCH($E24&$F24, LCI!$B$2:$B$73&LCI!$D$2:$D$73, 0))* IF(AND($E24="Truck", OR($F24="Electric", $F24="Electric_green")), $B$6, 1)* $C24* $D24} -> 0 | K24: {=INDEX(LCI!L$2:L$73, MATCH($E24&$F24, LCI!$B$2:$B$73&LCI!$D$2:$D$73, 0))* IF(AND($E24="Truck", OR($F24="Electric", $F24="Electric_green")), $B$6, 1)* $C24* $D24} -> 0 | L24: {=INDEX(LCI!M$2:M$73, MATCH($E24&$F24, LCI!$B$2:$B$73&LCI!$D$2:$D$73, 0))* IF(AND($E24="Truck", OR($F24="Electric", $F24="Electric_green")), $B$6, 1)* $C24* $D24} -> 0 | M24: {=INDEX(LCI!N$2:N$73, MATCH($E24&$F24, LCI!$B$2:$B$73&LCI!$D$2:$D$73, 0))* IF(AND($E24="Truck", OR($F24="Electric", $F24="Electric_green")), $B$6, 1)* $C24* $D24} -> 0 | N24: {=INDEX(LCI!O$2:O$73, MATCH($E24&$F24, LCI!$B$2:$B$73&LCI!$D$2:$D$73, 0))* IF(AND($E24="Truck", OR($F24="Electric", $F24="Electric_green")), $B$6, 1)* $C24* $D24} -> 0 | ... Y24: {=INDEX(LCI!Z$2:Z$73, MATCH($E24&$F24, LCI!$B$2:$B$73&LCI!$D$2:$D$73, 0))* IF(AND($E24="Truck", OR($F24="Electric", $F24="Electric_green")), $B$6, 1)* $C24* $D24} -> 0
A25: Filler | B25: =Input!A49 -> Filler 1 | C25: =+Input!B49 -> 0.0055 | D25: =Input!$L49 -> 190 | E25: =Input!$J49 -> Truck | F25: =Input!$K49 -> Diesel_Euro6 | G25: {=INDEX(LCI!H$2:H$73, MATCH($E25&$F25, LCI!$B$2:$B$73&LCI!$D$2:$D$73, 0))* IF(AND($E25="Truck", OR($F25="Electric", $F25="Electric_green")), $B$6, 1)* $C25* $D25} -> 0.00024737449 | H25: {=INDEX(LCI!I$2:I$73, MATCH($E25&$F25, LCI!$B$2:$B$73&LCI!$D$2:$D$73, 0))* IF(AND($E25="Truck", OR($F25="Electric", $F25="Electric_green")), $B$6, 1)* $C25* $D25} -> 0.16588838 | I25: {=INDEX(LCI!J$2:J$73, MATCH($E25&$F25, LCI!$B$2:$B$73&LCI!$D$2:$D$73, 0))* IF(AND($E25="Truck", OR($F25="Electric", $F25="Electric_green")), $B$6, 1)* $C25* $D25} -> 7.7528863e-05 | J25: {=INDEX(LCI!K$2:K$73, MATCH($E25&$F25, LCI!$B$2:$B$73&LCI!$D$2:$D$73, 0))* IF(AND($E25="Truck", OR($F25="Electric", $F25="Electric_green")), $B$6, 1)* $C25* $D25} -> 0.16579765 | K25: {=INDEX(LCI!L$2:L$73, MATCH($E25&$F25, LCI!$B$2:$B$73&LCI!$D$2:$D$73, 0))* IF(AND($E25="Truck", OR($F25="Electric", $F25="Electric_green")), $B$6, 1)* $C25* $D25} -> 1.3194692e-05 | L25: {=INDEX(LCI!M$2:M$73, MATCH($E25&$F25, LCI!$B$2:$B$73&LCI!$D$2:$D$73, 0))* IF(AND($E25="Truck", OR($F25="Electric", $F25="Electric_green")), $B$6, 1)* $C25* $D25} -> 0.14247943 | M25: {=INDEX(LCI!N$2:N$73, MATCH($E25&$F25, LCI!$B$2:$B$73&LCI!$D$2:$D$73, 0))* IF(AND($E25="Truck", OR($F25="Electric", $F25="Electric_green")), $B$6, 1)* $C25* $D25} -> 2.2326851 | N25: {=INDEX(LCI!O$2:O$73, MATCH($E25&$F25, LCI!$B$2:$B$73&LCI!$D$2:$D$73, 0))* IF(AND($E25="Truck", OR($F25="Electric", $F25="Electric_green")), $B$6, 1)* $C25* $D25} -> 3.869311e-06 | ... Y25: {=INDEX(LCI!Z$2:Z$73, MATCH($E25&$F25, LCI!$B$2:$B$73&LCI!$D$2:$D$73, 0))* IF(AND($E25="Truck", OR($F25="Electric", $F25="Electric_green")), $B$6, 1)* $C25* $D25} -> 0.0050851675
B26: =Input!A50 -> Filler 2 | C26: =+Input!B50 -> 0 | D26: =Input!$L50 -> 0 | E26: =Input!$J50 -> No | F26: =Input!$K50 -> No | G26: {=INDEX(LCI!H$2:H$73, MATCH($E26&$F26, LCI!$B$2:$B$73&LCI!$D$2:$D$73, 0))* IF(AND($E26="Truck", OR($F26="Electric", $F26="Electric_green")), $B$6, 1)* $C26* $D26} -> 0 | H26: {=INDEX(LCI!I$2:I$73, MATCH($E26&$F26, LCI!$B$2:$B$73&LCI!$D$2:$D$73, 0))* IF(AND($E26="Truck", OR($F26="Electric", $F26="Electric_green")), $B$6, 1)* $C26* $D26} -> 0 | I26: {=INDEX(LCI!J$2:J$73, MATCH($E26&$F26, LCI!$B$2:$B$73&LCI!$D$2:$D$73, 0))* IF(AND($E26="Truck", OR($F26="Electric", $F26="Electric_green")), $B$6, 1)* $C26* $D26} -> 0 | J26: {=INDEX(LCI!K$2:K$73, MATCH($E26&$F26, LCI!$B$2:$B$73&LCI!$D$2:$D$73, 0))* IF(AND($E26="Truck", OR($F26="Electric", $F26="Electric_green")), $B$6, 1)* $C26* $D26} -> 0 | K26: {=INDEX(LCI!L$2:L$73, MATCH($E26&$F26, LCI!$B$2:$B$73&LCI!$D$2:$D$73, 0))* IF(AND($E26="Truck", OR($F26="Electric", $F26="Electric_green")), $B$6, 1)* $C26* $D26} -> 0 | L26: {=INDEX(LCI!M$2:M$73, MATCH($E26&$F26, LCI!$B$2:$B$73&LCI!$D$2:$D$73, 0))* IF(AND($E26="Truck", OR($F26="Electric", $F26="Electric_green")), $B$6, 1)* $C26* $D26} -> 0 | M26: {=INDEX(LCI!N$2:N$73, MATCH($E26&$F26, LCI!$B$2:$B$73&LCI!$D$2:$D$73, 0))* IF(AND($E26="Truck", OR($F26="Electric", $F26="Electric_green")), $B$6, 1)* $C26* $D26} -> 0 | N26: {=INDEX(LCI!O$2:O$73, MATCH($E26&$F26, LCI!$B$2:$B$73&LCI!$D$2:$D$73, 0))* IF(AND($E26="Truck", OR($F26="Electric", $F26="Electric_green")), $B$6, 1)* $C26* $D26} -> 0 | ... Y26: {=INDEX(LCI!Z$2:Z$73, MATCH($E26&$F26, LCI!$B$2:$B$73&LCI!$D$2:$D$73, 0))* IF(AND($E26="Truck", OR($F26="Electric", $F26="Electric_green")), $B$6, 1)* $C26* $D26} -> 0
A27: Reclaimed Asphalt Pavement | B27: =Input!A51 -> RAP 1
B28: =Input!A52 -> RAP 2
A29: Recycled Waste | B29: =Input!A53 -> Other_waste 1
B30: =Input!A54 -> Other_waste 2
