Workbook

Sheet algemeen
A1: ALGEMENE GEGEVENS BEDRIJVEN EN INSTALLATIES
B3: GEGEVENS FIRMA (CERTIFICAATHOUDER)
B4: Bedrijfsnaam: | E4: ASFALT PRODUCTIE BEDRIJF nv
B5: Adres: | D5: straat en nr. | E5: Dendermondsesteenweg 123
D6: postnummer en gemeente | E6: 1234 Brussel | J6: Eventueel aangevuld met het land, indien verschillend van België.
B7: Contactpersoon: | D7: naam | E7: Elfver Vandenbraembussche | J7: Contactpersoon i.v.m. deze verantwoordingsnota.
D8: tel. | E8: 02 345 67 89
D9: e-mail | E9: tom.christianen@apb.be
B10: Verantwoordelijke DoP: | E10: Jan Baas
D11: functie | E11: gedelegeerd bestuurder
B14: GEGEVENS GEMACHTIGDE VOOR PRESTATIEVERKLARING (indien verschillend van certificaathouder)
B15: Naam (bedrijf of persoon): | E15: Dekmantelvennootschap bvba | J15: In principe niet van toepassing. Leeg maken indien niet van toepassing.
B16: Adres: | D16: straat en nr. | E16: Blue Lagoon 69
D17: postnummer en gemeente | E17: 666 Bananenstad, Curaçao | J17: Eventueel aangevuld met het land, indien verschillend van België.
B20: PRODUCTIE-EENHEDEN | F20: 1 | I20: 2 | L20: 3
B21: Bedrijfsnaam: | E21: ABC nv | H21: DEF nv | K21: GHI nv
B22: Adres: | D22: straat en nr. | E22: straat 1 | H22: straat 2 | K22: straat 3
D23: postnummer | E23: 1000 | H23: 2000 | K23: 3000
D24: gemeente | E24: Gaurain-Ramecroix | H24: Antwerpen | K24: Hasselt | N24: Eventueel aangevuld met het land, indien verschillend van België.
B25: Contactpersoon: | D25: naam | E25: Jan Molenbaas | H25: Piet Molenbaas | K25: Jef Molenbaas | N25: Contactpersoon i.v.m. de productie.
D26: tel. | E26: 02 345 00 00 | H26: 03 456 00 00 | K26: 04 789 00 00
B27: Identificatienummers:
D28: productie-eenheid COPRO | E28: 801 | H28: 802 | K28: 8031 | N28: Vb. 803.
D29: nummer DoP | E29: 0801/3100-CPR-2014/03/18 | H29: 0802/3100-CPR-2014/03/18 | K29: 0803/3100-CPR-2014/03/18 | N29: Vb. 0803/1234-CPR-2014/03/18
D30: nummer FPC-certificaat | E30: 1137-CPR-0801/64-65 | H30: 1137-CPR-0802/64-65 | K30: 1137-CPR-0802/64-65 | N30: Vb. 1137-CPR-803/64-65
B31: Asfaltmenginstallatie:
D32: merk en bouwjaar | E32: Ammann 2010 | H32: Benninghoven 2010 | K32: Marini 2000
D33: productiecapaciteit (ton/h) | E33: 350 | H33: 350 | K33: 300
D34: type menginstallatie | E34: discontinu | H34: discontinu | K34: discontinu | N34: continu, discontinu, ...
D35: type asfaltcentrale | E35: aardgas | H35: propaan | K35: elektrisch | N35: aardgas, propaan, elektrisch, aardgas/elektrisch (nodig in kader van GPP)
A37: ALGEMENE GEGEVENS VOORSTUDIE
B39: MENGSEL
B40: Naam volgens bestek: | F40: AB-3A1
B41: Naam volgens Europese Norm: | F41: AC 20 onderlaag 50/70
B42: Commerciële benaming: | F42: toplaag 0/10 | K42: Eigen keuze, maar niet in tegenstrijd met officiële benamingen.
B43: Type mengsel volgens productnorm: | F43: EN 13108-1 | K43: Keuze uit pull-down menu.
B44: Toepassing: | F44: voor onderlagen van asfaltverhardingen | K44: Waar het mengsel voor gebruikt kan worden.
B46: REFERENTIEDOCUMENTEN
B47: Bestek: | D47: SB 250 (5.0) | H47: Naam en versie van het typebestek, standaardbestek of bijzonder bestek. Vb. SB 250 (5.0)
B48: Europese Norm: | D48: EN 13108-1 (2006) + EN 13108-1/AC (2008) | H48: Naam en jaartal van de Europese Norm in volgend formaat : EN 13108-1 (2006) + EN 13108-1/AC (2008)
B49: Klasse samenstelling: | F49: =IF(D47="","P","O") -> O | H49: Als men geen bestek invult, gaat het automatisch om een samenstelling klasse P ("privé-mengsel").
B51: ZEVENREEKS
B52: 1 | C52: = Set 1: | E52: 45 | F52: 31.5 | G52: 22.4 | H52: 16 | K52: 11.2 | L52: 8 | M52: 5.6 | N52: 4 | O52: 2 | P52: 1 | Q52: 0.5 | R52: 0.25 | S52: 0.125 | T52: 0.063
B53: 2 | C53: = Set 2: | E53: 40 | F53: 31.5 | G53: 20 | H53: 16 | I53: 14 | J53: 12.5 | K53: 10 | L53: 8 | M53: 6.3 | N53: 4 | O53: 2 | P53: 1 | Q53: 0.5 | R53: 0.25 | S53: 0.125 | T53: 0.063
B54: 3 | C54: = Eigen set: | U54: De eigen set moet de zeef van 2 mm bevatten.
B55: Keuze: | E55: 2 | F55: 1, 2 of 3.
T56: Hier moet verplicht een vulstofzeef worden ingevuld.
B57: LAY-OUT VERANTWOORDINGSNOTA
B58: Mastiekverdeling vermelden: | F58: J | G58: J (ja) of N (neen). Dit kan van toepassing zijn bij o.a. mengsels voor waterwegen.
B60: ASFALTMENGINSTALLATIE
E61: =E28 -> 801 | F61: =H28 -> 802 | G61: =K28 -> 8031
B62: Gebruikte centrales: | E62: J | F62: J | G62: J | H62: Productie-eenheid waar dit mengsel zal geproduceerd worden. J (ja) of N (neen).
B64: CODES
B65: Productcode: | J65: 64 | M65: 64 voor asfalt en 65 voor gietasfalt.
B66: Code van deze verantwoordingsnota: | I66: 8xxx/6x/ | J66: 2010/13RE-1234/0 | M66: Aan het einde "/0" voor oorspronkelijke VN, voor volgende versie "/1", "/2", …
B67: Code van de verantwoordingsnota die nu vervalt: | I67: 8xxx/6x/ | J67: 2007/13RB-123456 | M67: Als je hier een code invult, mag er dus niet meer worden geproduceerd volgens de oude VN.
B68: Code van de verantwoordingsnota van oorspronkelijke voorstudie: | I68: 803/64/ | J68: 2007/123A | M68: VN van de oorspronkelijke, volledige voorstudie.
B69: Code van de overeenkomstige technische fiche: | I69: 8xxx/ | J69: =MID(J66,11,4) -> 1234
B72: ASFALT BIJ VERLAAGDE TEMPERATUUR
B73: Soort AVT-techniek: | E73: Schuimbitumen met toevoeging van hechtverbeteraar. | Q73: Korte, algemene beschrijving van de techniek. Vb. Schuimbitumen met toevoeging van hechtverbeteraar.
B74: Voorstudie uitgevoerd op warme variant van dit mengsel: | I74: 804/64/ | J74: 2010/13RE-1234/0 | L74: Code van VN van de overeenkomstige warme variant waarop de hier vermelde voorstudie werd uitgevoerd. Cel leeg maken wanneer er geen voorstudie werd uitgevoerd.
B75: Code van het validatiedossier van de gebruikte AVT-techniek: | J75: AVT801/VD1 | L75: Vb. AVT801/VD1
B77: DATUM INDIENING BIJ COPRO
B78: Van deze verantwoordingsnota: | G78: 40409 | K78: Gewenste datum voor ingang van de registratie | P78: 40409
B79: Van oorspronkelijke verantwoordingsnota: | G79: 39563
B81: BIJLAGEN AAN DE VERANTWOORDINGSNOTA
B82: COPRO-certificaat voor de mengsels | H82: J | I82: J (ja) of N (neen). Alles waarvoor men J ingeeft, moet dus bij ELKE verantwoordingsnota worden meegegeven.
B83: Technische fiches van de grondstoffen | H83: J
B84: Andere: | C84: Pradowin | H84: J
C85: Proefverslag stijfheid en vermoeiing | H85: J
C86: Validatiedossier AVT | H86: J
C87: Bijlage 4
A90: INSTELLINGEN EN GEGEVENS VOOR DE PRODUCTIE
B92: RECEPTCODE | F92: =E$28 -> 801 | I92: =H$28 -> 802 | L92: =K$28 -> 8031
B93: Recept: | F93: 3a3 | I93: 4b4 | L93: 4CX50PAVT49 | O93: Receptcode, fiche, nummer, regelingskaart, …
B95: AUTOMATISCHE DOSERINGEN | F95: =E$28 -> 801 | I95: =H$28 -> 802 | L95: =K$28 -> 8031
B96: Eenheid van de instelwaarde: | F96: kg | O96: % of kg.
B98: Aggregaten: | F98: fractie (mm-mm) | H98: hoeveelheid | I98: fractie (mm-mm) | K98: hoeveelheid | L98: fractie (mm-mm) | N98: hoeveelheid
E99: grofst | F99: 40-60 | O99: Fractie = fracties in de warme aggregaatbunkers, op basis van de zeven van de installatie.
F100: 22-40 | O100: Hoeveelheden invullen zonder eenheid.
F101: 16-22 | O101: Vul '0' in als er niets wordt afgewogen en vul een andere franctie in wanneer bunkers samen worden afgewogen.
F102: 8-16
F103: 3-8
E104: fijnst | F104: 0-3
B105: Asfaltgranulaten: | F105: doseerwijze | H105: hoeveelheid | I105: doseerwijze | K105: hoeveelheid | L105: doseerwijze | N105: hoeveelheid
E106: =samenstelling!K56 -> onderlaag 14/2 | F106: koude toevoeging | I106: paralleltrommel | L106: ring aan trommel | O106: Doseerwijze = paralleltrommel, koude toevoeging, ring, … Leeglaten indien niet van toepassing
E107: =samenstelling!K57
E108: =samenstelling!K58
B109: Teruggewonnen stof:
E110: rechtstreekse terugvoer | F110: N | I110: N | L110: J | O110: J of N. J = geen afzonderlijke afweging; N = wel afzonderlijke afweging.
B111: Aanvoervulstof: | E111: =samenstelling!H26 -> IIa
E112: =samenstelling!H27
B113: Bindmiddel: | E113: =IF(samenstelling!B43<>"",samenstelling!H43,IF(samenstelling!B44<>"",samenstelling!H44,IF(samenstelling!B45<>"",samenstelling!H45,""))) -> Mexphalte CLT50/70
O114: Als het bindmiddel op voorhand wordt gemengd met een toevoegsel, vul je het mengsel hier in.
B115: Totaal | H115: =SUM(H99:H114) -> 0 | K115: =SUM(K99:K114) -> 0 | N115: =SUM(N99:N114) -> 0
B117: DOSERING VAN TOEVOEGSELS | F117: =E$28 -> 801 | I117: =H$28 -> 802 | L117: =K$28 -> 8031 | W117: Te vermelden toevoegsels:
B118: rode kleurstof | F118: 1 zakje van 2 kg op 3000 kg | I118: 2 zakjes van 3 kg op 4000 kg | L118: 3 zakjes van 4 kg op 5000 kg | O118: Bij automatische dosering: hoeveelheid in % of kg. | W118: =IF(samenstelling!B68="","",samenstelling!E68&" "&samenstelling!H68) -> Afdruipremmer Cellulose Viatop Premium
B119: Trinidad Epurée Z0/8 | F119: 1,2 % | O119: Bij manuele dosering: x zakjes van y kg op een mengeling van z kg. | W119: =IF(samenstelling!B69="","",samenstelling!E69&" "&samenstelling!H69)
B120: Afdruipremmer | F120: 0,05 % | W120: =IF(samenstelling!B70="","",samenstelling!E70&" "&samenstelling!H70) -> Rode kleurstof Bayferrox 130
W121: =IF(samenstelling!B71="","",samenstelling!E71&" "&samenstelling!H71)
...

Sheet Info voor GPP
A1: INFO VOOR GPP tool
E2: =algemeen!E28 -> 801 | G2: =algemeen!H28 -> 802 | I2: =algemeen!K28 -> 8031
B3: GPP Onderdeel | C3: Parameter (GPP-tool)
B4: 1. Algemene gegevens | C4: Datum | E4: =algemeen!G78 -> 40409 | G4: =algemeen!G78 -> 40409 | I4: =algemeen!G78 -> 40409
C5: Mengsel ID | E5: =E2&"/64/"&algemeen!J66 -> 801/64/2010/13RE-1234/0 | G5: =G2&"/64/"&algemeen!J66 -> 802/64/2010/13RE-1234/0 | I5: =I2&"/64/"&algemeen!J66 -> 8031/64/2010/13RE-1234/0
C6: Mengseltype (SB250) | E6: =algemeen!F40 -> AB-3A1 | G6: =algemeen!F40 -> AB-3A1 | I6: =algemeen!F40 -> AB-3A1
C7: Mengseltype (EN 13108) | E7: =algemeen!F41 -> AC 20 onderlaag 50/70 | G7: =algemeen!F41 -> AC 20 onderlaag 50/70 | I7: =algemeen!F41 -> AC 20 onderlaag 50/70
C8: Totaal bindmiddelgehalte (%) | E8: =samenstelling!C151 -> 3.71605 | G8: =samenstelling!C151 -> 3.71605 | I8: =samenstelling!C151 -> 3.71605 | K8: Aan te passen indien nodig
C9: Bindmiddelvervanging (% bindmiddel van AG) | E9: =samenstelling!C148 -> 1.5 | G9: =samenstelling!C148 -> 1.5 | I9: =samenstelling!C148 -> 1.5 | K9: Aan te passen indien nodig
C10: Virgin binder | E10: =samenstelling!C145 -> 2.21605 | G10: =samenstelling!C145 -> 2.21605 | I10: =samenstelling!C145 -> 2.21605
B12: 2. Productie asfaltmengsel | C12: Locatie asfaltcentrale | E12: =_xlfn.CONCAT(algemeen!E24," ,",algemeen!E23," ,",algemeen!E22) -> Gaurain-Ramecroix ,1000 ,straat 1 | G12: =_xlfn.CONCAT(algemeen!H24," ,",algemeen!H23," ,",algemeen!H22) -> Antwerpen ,2000 ,straat 2 | I12: =_xlfn.CONCAT(algemeen!K24," ,",algemeen!K23," ,",algemeen!K22) -> Hasselt ,3000 ,straat 3
C13: Type primair asfaltcentrale: aardgas, propaan, elektrisch | E13: =algemeen!E35 -> aardgas | G13: =algemeen!H35 -> propaan | I13: =algemeen!K35 -> elektrisch | K13: Aan te passen indien nodig
C14: Energiebron (primair) % | E14: 1 | G14: 1 | I14: 1
C15: Type secundair asfaltcentrale: aardgas, propaan, elektrisch | E15: Geen | G15: Geen | I15: Geen
C16: Energiebron (secundair) % | E16: 0 | G16: 0 | I16: 0
C17: Productiecapaciteit (ton/h) | E17: =algemeen!E33 -> 350 | G17: =algemeen!H33 -> 350 | I17: =algemeen!K33 -> 300 | K17: Aan te passen indien nodig
C18: Productietemperatuur | E18: =algemeen!F129 -> 145-185 | G18: =algemeen!I129 -> 150-190 | I18: =algemeen!L129 -> 155-195
C19: Elektrisch aandeel equipment | E19: Ja | G19: Ja | I19: No | K19: zelf in te vullen
C20: Elektrisch aandeel equipment bron | E20: Elektriciteit normaal | G20: elektriciteit groen | I20: Geen
C21: Wheel loader fuel source | E21: Diesel | G21: Diesel | I21: Diesel | K21: zelf in te vullen
F22: aanvoer per | H22: aanvoer per | J22: aanvoer per
B23: 3. Samenstelling mengsel | C23: Bindmiddeltype
C24: =samenstelling!E43 -> synthetisch pigmenteerbaar bindmiddel | D24: =E8 -> 3.71605 | E24: =samenstelling!N43 -> Koudekerk-aan-de-Rijn | F24: vrachtwagen | G24: =samenstelling!N43 -> Koudekerk-aan-de-Rijn | H24: vrachtwagen | I24: =samenstelling!N43 -> Koudekerk-aan-de-Rijn | J24: vrachtwagen
C25: =samenstelling!E44 | E25: =samenstelling!N44
C26: =samenstelling!E45 | E26: =samenstelling!N45
K27: Aan te passen indien nodig
C28: Aggregaten | D28: %
C29: =samenstelling!E8&" "&samenstelling!H8 -> Kalksteen 14/20 | D29: =samenstelling!C8 -> 5.1 | E29: =samenstelling!N8 -> Beez | F29: vrachtwagen | G29: =samenstelling!N8 -> Beez | H29: schip | I29: =samenstelling!N8 -> Beez | J29: schip | K29: Aan te passen indien nodig
C30: =samenstelling!E9&" "&samenstelling!H9 -> Porfier 6/14 | D30: =samenstelling!C9 -> 10.2 | E30: =samenstelling!N9 -> Soignies | F30: schip | G30: =samenstelling!N9 -> Soignies | H30: schip | I30: =samenstelling!N9 -> Soignies | J30: vrachtwagen | K30: Aan te passen indien nodig
C31: =samenstelling!E10&" "&samenstelling!H10 -> Rode zandsteen 0/2 (0/0,05) | D31: =samenstelling!C10 -> 15.3 | E31: =samenstelling!N10 -> Neufvilles | F31: schip | G31: =samenstelling!N10 -> Neufvilles | I31: =samenstelling!N10 -> Neufvilles | K31: Aan te passen indien nodig
C32: =samenstelling!E11&" "&samenstelling!H11 | D32: =samenstelling!C11 | E32: =samenstelling!N11 | G32: =samenstelling!N11 | I32: =samenstelling!N11 | K32: Aan te passen indien nodig
C33: =samenstelling!E12&" "&samenstelling!H12 | D33: =samenstelling!C12 | E33: =samenstelling!N12 | G33: =samenstelling!N12 | I33: =samenstelling!N12 | K33: Aan te passen indien nodig
C34: =samenstelling!E13&" "&samenstelling!H13 -> Slakken 6/10 | D34: =samenstelling!C13 -> 35.3 | E34: =samenstelling!N13 -> Genk | F34: vrachtwagen | G34: =samenstelling!N13 -> Genk | I34: =samenstelling!N13 -> Genk | K34: Aan te passen indien nodig
C35: =samenstelling!E14&" "&samenstelling!H14 -> Kalksteen 14/20 | D35: =samenstelling!C14 -> 0 | E35: =samenstelling!N14 -> Beez | G35: =samenstelling!N14 -> Beez | I35: =samenstelling!N14 -> Beez | K35: Aan te passen indien nodig
C36: =samenstelling!E15&" "&samenstelling!H15 -> Porfier 6/14 | D36: =samenstelling!C15 -> 0 | E36: =samenstelling!N15 -> Soignies | G36: =samenstelling!N15 -> Soignies | I36: =samenstelling!N15 -> Soignies | K36: Aan te passen indien nodig
C37: =samenstelling!E16&" "&samenstelling!H16 -> Slakken 6/10 | D37: =samenstelling!C16 -> 0 | E37: =samenstelling!N16 -> Genk | G37: =samenstelling!N16 -> Genk | I37: =samenstelling!N16 -> Genk | K37: Aan te passen indien nodig
C38: =samenstelling!E26&" "&samenstelling!H26 -> Aanvoervulstof IIa | D38: =samenstelling!C26 -> 0.55 | E38: =samenstelling!N26 -> Ankersmit Maastricht | G38: =samenstelling!N26 -> Ankersmit Maastricht | I38: =samenstelling!N26 -> Ankersmit Maastricht | K38: Aan te passen indien nodig
C39: =samenstelling!E27&" "&samenstelling!H27 | D39: =samenstelling!C27 | E39: =samenstelling!N27 | G39: =samenstelling!N27 | I39: =samenstelling!N27
C40: =samenstelling!E29&" "&samenstelling!H29 -> Extra teruggew. stof | D40: =samenstelling!C29 -> 1 | E40: =samenstelling!N29 -> Productieproces
C41: =samenstelling!E56&" "&samenstelling!K56 -> Asfaltgranulaat onderlaag 14/2 | D41: =samenstelling!C56 -> 30 | E41: Add location manually | F41: Truck | G41: Add location manually | H41: Truck | I41: Add location manually | J41: Truck | K41: Aan te passen indien nodig
C42: =samenstelling!E57&" "&samenstelling!K57 | D42: =samenstelling!C57 -> 0 | K42: Aan te passen indien nodig
C43: =samenstelling!E58&" "&samenstelling!K58 | D43: =samenstelling!C58 -> 0 | K43: Aan te passen indien nodig
E44: =samenstelling!K58 | G44: =samenstelling!K58 | I44: =samenstelling!K58 | K44: Aan te passen indien nodig
C45: Additieven | D45: % | K45: Aan te passen indien nodig
C46: =samenstelling!E68&","&samenstelling!H68 -> Afdruipremmer,Cellulose Viatop Premium | D46: =samenstelling!C68 -> 0.33 | E46: =samenstelling!N68 -> Rosenberg, D. | F46: Truck | G46: =samenstelling!N68 -> Rosenberg, D. | H46: Truck | I46: =samenstelling!N68 -> Rosenberg, D. | J46: Truck | K46: Aan te passen indien nodig
C47: =samenstelling!E69 | D47: =samenstelling!C69 -> 0 | E47: =samenstelling!N69 | G47: =samenstelling!N69 | I47: =samenstelling!N69 | K47: Aan te passen indien nodig
C48: =samenstelling!E70 -> Rode kleurstof | D48: =samenstelling!C70 -> 2.82 | E48: =samenstelling!N70 -> China | G48: =samenstelling!N70 -> China | I48: =samenstelling!N70 -> China | K48: Aan te passen indien nodig
C49: =samenstelling!E71 | D49: =samenstelling!C71 -> 0 | E49: =samenstelling!N71 | G49: =samenstelling!N71 | I49: =samenstelling!N71 | K49: Aan te passen indien nodig
C50: =samenstelling!E72 | D50: =samenstelling!C72 -> 0 | E50: =samenstelling!N72 | G50: =samenstelling!N72 | I50: =samenstelling!N72 | K50: Aan te passen indien nodig
C51: =samenstelling!E73 -> Trinidad | D51: =samenstelling!C73 -> 0 | E51: =samenstelling!N73 -> Trinidad Lake | G51: =samenstelling!N73 -> Trinidad Lake | I51: =samenstelling!N73 -> Trinidad Lake | K51: Aan te passen indien nodig
C52: =samenstelling!E74 | D52: =samenstelling!C74 -> 0 | E52: =samenstelling!N74 | G52: =samenstelling!N74 | I52: =samenstelling!N74 | K52: Aan te passen indien nodig
C53: =samenstelling!E75 -> Uintah | D53: =samenstelling!C75 -> 0.03 | E53: =samenstelling!N75 -> Uintah | G53: =samenstelling!N75 -> Uintah | I53: =samenstelling!N75 -> Uintah | K53: Aan te passen indien nodig
C54: =samenstelling!E76 | D54: =samenstelling!C76 -> 0 | E54: =samenstelling!N76 | G54: =samenstelling!N76 | I54: =samenstelling!N76 | K54: Aan te passen indien nodig
C55: =samenstelling!E77 | D55: =samenstelling!C77 -> 0 | E55: =samenstelling!N77 | I55: =samenstelling!N77 | K55: Aan te passen indien nodig
C56: Biogene bijdrage van bitumen (%) | E56: 0 | G56: 0 | I56: 0 | K56: zelf in te vullen
B58: 5. Prestatieproeven | C58: ITSR (%) | E58: =studie!I317 -> 62.7 | G58: =studie!I317 -> 62.7 | I58: =studie!I317 -> 62.7
C59: Spoorvorming (PRD %) | E59: =studie!D341 -> 7.2 | G59: =studie!D341 -> 7.2 | I59: =studie!D341 -> 7.2
C60: Stijfheid (E-modulus) | D60: =studie!G526&"°C, "&studie!I526&" Hz" -> 15°C, 10 Hz | E60: =studie!K526 -> 12000 | G60: =studie!K526 -> 12000 | I60: =studie!K526 -> 12000
C61: Stijfheid (E-modulus) | D61: =studie!G527&"°C, "&studie!I527&" Hz" -> °C, Hz | E61: =studie!K527 -> 0 | G61: =studie!K527 -> 0 | I61: =studie!K527 -> 0
C62: Vermoeiing (ε₆ / Nf) | E62: =studie!K549 -> 150 | G62: =studie!K549 -> 150 | I62: =studie!K549 -> 150
C66: Total ( excl. Rode Kleurstof, Trinidad, Uintah) | D66: =E10+SUM(D29:D43)+SUM(D46:D55)-D53-D48 -> 99.99605

Sheet grondstoffen
A1: GEGEVENS GRONDSTOFFEN
B3: Hieronder kan u alle mogelijke grondstoffen ingeven die u bij voorstudies kan gebruiken.
B5: AGGREGATEN (Steenslag en zand)
B6: Nr. | E6: Aard | H6: Kaliber | I6: PTV | K6: Leverancier | N6: Herkomst | Q6: Keuring | S6: Volumemassa | U6: Hoekigheid | W6: Korrelverdeling (in % doorval door de zeef van … mm) | AM6: Andere klassen
I7: klasse | S7: (Mg/m³) | W7: =berekeningen!D9 -> 40 | X7: =berekeningen!E9 -> 31.5 | Y7: =berekeningen!F9 -> 20 | Z7: =berekeningen!G9 -> 16 | AA7: =berekeningen!H9 -> 14 | AB7: =berekeningen!I9 -> 12.5 | AC7: =berekeningen!J9 -> 10 | AD7: =berekeningen!K9 -> 8 | ... AL7: =berekeningen!S9 -> 0.063 | AM7: FI | AN7: C | AO7: Ecs | AP7: LA | AQ7: MD | AR7: PSV
B8: 1 | E8: Kalksteen | H8: 14/20 | I8: Aa1 I f1 | K8: Gralex | N8: Beez | Q8: BENOR | S8: 2.789 | U8: B | W8: 100 | X8: 100 | Y8: 99 | Z8: 55 | AA8: 25 | AB8: 10 | AC8: 2 | AD8: 1 | AE8: 0.9 | AF8: 0.8 | AG8: 0.7 | AH8: 0.6 | AI8: 0.5 | AJ8: 0.4 | AK8: 0.3 | AL8: 0.2 | AM8: 15 | AN8: 100/0 | AO8: 25 | AP8: 10 | AQ8: 35 | AR8: 50
B9: 2 | E9: Porfier | H9: 6/14 | I9: BB2 II f2 | K9: Holcim | N9: Soignies | Q9: BENOR | S9: 2.788 | U9: B | Y9: 100 | Z9: 98 | AA9: 97 | AB9: 72 | AC9: 65 | AD9: 44 | AE9: 21 | AF9: 10 | AG9: 4 | AH9: 3 | AI9: 2 | AJ9: 1 | AK9: 0.5 | AL9: 0.2 | AM9: 20 | AN9: 100/0 | AO9: 30 | AP9: 15 | AQ9: 40 | AR9: 52
B10: 3 | E10: Rode zandsteen | H10: 0/2 (0/0,05) | I10: Af22aPA Ecs30 | K10: Porfibel | N10: Neufvilles | Q10: BENOR | S10: 2.786 | U10: R | AC10: 100 | AD10: 98 | AE10: 85 | AF10: 64 | AG10: 23 | AH10: 11 | AI10: 4 | AJ10: 3 | AK10: 2 | AL10: 1 | AM10: 25 | AN10: 95/3 | AO10: 35 | AP10: 20 | AQ10: 45 | AR10: 54
B11: 4
B12: 5
B13: 6 | E13: Slakken | H13: 6/10 | I13: Dd4 IV f4 | K13: SDF | N13: Genk | Q13: intern | S13: 3.21 | U13: B | AA13: 100 | AB13: 100 | AC13: 95 | AD13: 50 | AE13: 12 | AF13: 7 | AG13: 6 | AH13: 5 | AI13: 4 | AJ13: 3 | AK13: 2 | AL13: 1 | AM13: 30 | AN13: 100/0 | AO13: 38 | AP13: 25 | AQ13: 50 | AR13: 56
B14: 7
B15: 8
B16: 9
B17: 10
B18: 11 | E18: Kalksteen | H18: 14/20 | I18: Aa1 I f1 | K18: Gralex | N18: Beez | Q18: BENOR | S18: 2.779 | U18: B | W18: 100 | X18: 100 | Y18: 99 | Z18: 55 | AA18: 25 | AB18: 10 | AC18: 2 | AD18: 1 | AE18: 0.9 | AF18: 0.8 | AG18: 0.7 | AH18: 0.6 | AI18: 0.5 | AJ18: 0.4 | AK18: 0.3 | AL18: 0.2 | AM18: 15 | AN18: 100/0 | AO18: 25 | AP18: 10 | AQ18: 35 | AR18: 58
B19: 12 | E19: Porfier | H19: 6/14 | I19: BB2 II f2 | K19: Holcim | N19: Soignies | Q19: BENOR | S19: 2.778 | U19: B | Y19: 100 | Z19: 98 | AA19: 97 | AB19: 72 | AC19: 65 | AD19: 44 | AE19: 21 | AF19: 10 | AG19: 4 | AH19: 3 | AI19: 2 | AJ19: 1 | AK19: 0.5 | AL19: 0.2 | AM19: 20 | AN19: 100/0 | AO19: 30 | AP19: 15 | AQ19: 40 | AR19: 60
B20: 13 | E20: Grind | H20: 2/6 | I20: Cc3 III f3 | K20: Porfibel | N20: Neufvilles | Q20: BENOR | S20: 2.776 | U20: R | AC20: 100 | AD20: 98 | AE20: 85 | AF20: 64 | AG20: 23 | AH20: 11 | AI20: 4 | AJ20: 3 | AK20: 2 | AL20: 1 | AM20: 25 | AN20: 95/3 | AO20: 35 | AP20: 20 | AQ20: 45 | AR20: 62
B21: 14
B22: 15
B23: 16 | E23: Slakken | H23: 6/10 | I23: Dd4 IV f4 | K23: SDF | N23: Genk | Q23: intern | S23: 3.2 | U23: B | AA23: 100 | AB23: 100 | AC23: 95 | AD23: 50 | AE23: 12 | AF23: 7 | AG23: 6 | AH23: 5 | AI23: 4 | AJ23: 3 | AK23: 2 | AL23: 1 | AM23: 30 | AN23: 100/0 | AO23: 38 | AP23: 25 | AQ23: 50 | AR23: 64
B24: 17
B25: 18
B26: 19
B27: 20
B28: 21 | E28: Kalksteen | H28: 14/20 | I28: Aa1 I f1 | K28: Gralex | N28: Beez | Q28: BENOR | S28: 2.769 | U28: B | W28: 100 | X28: 100 | Y28: 99 | Z28: 55 | AA28: 25 | AB28: 10 | AC28: 2 | AD28: 1 | AE28: 0.9 | AF28: 0.8 | AG28: 0.7 | AH28: 0.6 | AI28: 0.5 | AJ28: 0.4 | AK28: 0.3 | AL28: 0.2 | AM28: 15 | AN28: 100/0 | AO28: 25 | AP28: 10 | AQ28: 35 | AR28: 40
B29: 22 | E29: Porfier | H29: 6/14 | I29: BB2 II f2 | K29: Holcim | N29: Carrières du Hainaut | Q29: BENOR | S29: 2.768 | U29: B | Y29: 100 | Z29: 98 | AA29: 97 | AB29: 72 | AC29: 65 | AD29: 44 | AE29: 21 | AF29: 10 | AG29: 4 | AH29: 3 | AI29: 2 | AJ29: 1 | AK29: 0.5 | AL29: 0.2 | AM29: 20 | AN29: 100/0 | AO29: 30 | AP29: 15 | AQ29: 40 | AR29: 42
B30: 23 | E30: Grind | H30: 2/6 | I30: Cc3 III f3 | K30: Porfibel | N30: Neufvilles | Q30: BENOR | S30: 2.767 | U30: R | AC30: 100 | AD30: 98 | AE30: 85 | AF30: 64 | AG30: 23 | AH30: 11 | AI30: 4 | AJ30: 3 | AK30: 2 | AL30: 1 | AM30: 25 | AN30: 95/1 | AO30: 35 | AP30: 20 | AQ30: 45 | AR30: 44
B31: 24
B32: 25
B33: 26 | E33: Slakken | H33: 6/10 | I33: Dd4 IV f4 | K33: SDF | N33: Genk | Q33: intern | S33: 3.22 | U33: B | AA33: 100 | AB33: 100 | AC33: 95 | AD33: 50 | AE33: 12 | AF33: 7 | AG33: 6 | AH33: 5 | AI33: 4 | AJ33: 3 | AK33: 2 | AL33: 1 | AM33: 30 | AN33: 100/0 | AO33: 38 | AP33: 25 | AQ33: 50 | AR33: 46
B34: 27
B35: 28
B36: 29
B37: 30
B38: 31 | E38: Kalksteen | H38: 14/20 | I38: Aa1 I f1 | K38: Gralex | N38: Beez | Q38: BENOR | S38: 2.8 | U38: B | W38: 100 | X38: 100 | Y38: 99 | Z38: 55 | AA38: 25 | AB38: 10 | AC38: 2 | AD38: 1 | AE38: 0.9 | AF38: 0.8 | AG38: 0.7 | AH38: 0.6 | AI38: 0.5 | AJ38: 0.4 | AK38: 0.3 | AL38: 0.2 | AM38: 15 | AN38: 100/0 | AO38: 25 | AP38: 10 | AQ38: 35 | AR38: 48
B39: 32 | E39: Porfier | H39: 6/14 | I39: BB2 II f2 | K39: Holcim | N39: Soignies | Q39: BENOR | S39: 2.801 | U39: B | Y39: 100 | Z39: 98 | AA39: 97 | AB39: 72 | AC39: 65 | AD39: 44 | AE39: 21 | AF39: 10 | AG39: 4 | AH39: 3 | AI39: 2 | AJ39: 1 | AK39: 0.5 | AL39: 0.2 | AM39: 20 | AN39: 100/0 | AO39: 30 | AP39: 15 | AQ39: 40 | AR39: 50
B40: 33 | E40: Grind | H40: 2/6 | I40: Cc3 III f3 | K40: Porfibel | N40: Neufvilles | Q40: BENOR | S40: 2.802 | U40: R | AC40: 100 | AD40: 98 | AE40: 85 | AF40: 64 | AG40: 23 | AH40: 11 | AI40: 4 | AJ40: 3 | AK40: 2 | AL40: 1 | AM40: 25 | AN40: 95/1 | AO40: 35 | AP40: 20 | AQ40: 45 | AR40: 52
B41: 34
B42: 35
B43: 36 | E43: Slakken | H43: 6/10 | I43: Dd4 IV f4 | K43: SDF | N43: Genk | Q43: intern | S43: 3.23 | U43: B | AA43: 100 | AB43: 100 | AC43: 95 | AD43: 50 | AE43: 12 | AF43: 7 | AG43: 6 | AH43: 5 | AI43: 4 | AJ43: 3 | AK43: 2 | AL43: 1 | AM43: 30 | AN43: 100/0 | AO43: 38 | AP43: 25 | AQ43: 50 | AR43: 54
B44: 37
B45: 38
B46: 39
B47: 40
W49: Korrelverdeling: Van de aggregaten die effectief bij de voorstudie worden gebruikt.
U50: Hoekigheid: B = gebroken zand of steenslag. R = rond zand, natuurzand, rond grind. Verplicht in te vullen.
S51: Volumemassa: Ofwel zelf beproefd, ofwel proefresultaat van een BENOR-gecertificeerde leverancier.
Q52: Keuring: = kwaliteitsmerk. BENOR of intern. (CE is geen kwaliteitsmerk.)
N53: Herkomst: De plaats (gemeente) waar de ontginning gebeurt. | AN53: 100/0 voor gebroken steenslag, afkomstig van een groeve, tenzij anders vermeld op de TF.
K54: Leverancier: De firmanaam van de producent van de aggregaten. Vermeld geen tussenleveranciers.
I55: PTV-klasse: De volledige BENOR-identificatie volgens PTV 411. Deze is terug te vinden op het BENOR-certificaat van het aggregaat. Aggregaten zonder BENOR = leeg laten.
H56: Kaliber: d/D.
E57: Aard: Natuur van het aggregaat. Vb. porfier, zandsteen, kalksteen, gebroken grind, graniet, staalslakken, natuurzand, …
B59: AANVOERVULSTOFFEN
B60: Nr. | E60: Soort | H60: Type | K60: Commerciële | N60: Leverancier | Q60: Keuring | S60: Volumemassa | U60: Holle ruimte | W60: Korrelverdeling (in % doorval door de zeef van … mm) | AM60: Gehalte Ca(OH)2
K61: benaming | N61: en herkomst | S61: (Mg/m³) | U61: (%) | W61: =berekeningen!D9 -> 40 | X61: =berekeningen!E9 -> 31.5 | Y61: =berekeningen!F9 -> 20 | Z61: =berekeningen!G9 -> 16 | AA61: =berekeningen!H9 -> 14 | AB61: =berekeningen!I9 -> 12.5 | AC61: =berekeningen!J9 -> 10 | AD61: =berekeningen!K9 -> 8 | ... AL61: =berekeningen!S9 -> 0.063 | AM61: (%)
B62: 41 | E62: Aanvoervulstof | H62: IIa | K62: Duras filler 2 | N62: Ankersmit Maastricht | Q62: BENOR | S62: 2.7 | U62: 45 | AG62: 100 | AH62: 99 | AI62: 98 | AJ62: 97 | AK62: 90 | AL62: 85 | AM62: 17,5
B63: 42 | E63: Aanvoervulstof
B64: 43 | E64: Aanvoervulstof
B65: 44 | E65: Aanvoervulstof
B66: 45 | E66: Aanvoervulstof
W68: Korrelverdeling: Op basis van zelfcontrole (resultaten max. 1 jaar oud) ofwel proefresultaat van een BENOR-gecertificeerde leverancier.
U69: Holle ruimte: Op basis van zelfcontrole (resultaten max. 1 jaar oud) ofwel proefresultaat van een BENOR-gecertificeerde leverancier.
S70: Volumemassa: Op basis van zelfcontrole (resultaten max. 1 jaar oud) ofwel proefresultaat van een BENOR-gecertificeerde leverancier. Voor teruggewonnen stof en het vulstofmengsel mag dit ook worden berekend.
Q71: Keuring: = kwaliteitsmerk. BENOR, partijkeuring, bouwheer of intern. (CE is geen kwaliteitsmerk.)
R72: "BENOR" in geval van BENOR-gecertificeerde aanvoervulstof.
R73: "partijkeuring" in geval van speciale, niet gecertificeerde vulstoffen, waaraan eisen worden gesteld in het bestek.
R74: "bouwheer" in geval van speciale, niet gecertificeerde vulstoffen, die door de bouwheer moeten worden aanvaard.
N76: Leverancier en herkomst: Firmanaam en eventueel plaats van de productie-eenheid (gemeente).
K77: Commerciële benaming: De volledige commerciële benaming van de aanvoervulstof, zodat het duidelijk is om welk type (met welke kenmerken) het gaat.Duras filler 2, Duras filler 2W, Vulprofite 30, Vulprofite 40.
H78: Type: Ia, IIa, Ib, IIb
B80: BINDMIDDELEN
B81: Nr. | E81: Type | H81: Volledige benaming | K81: Leverancier | N81: Herkomst | Q81: Keuring | S81: Volumemassa | U81: Indringing | W81: Verweking | Y81: Oplosbaarheid | AB81: Complexe modulus G* (MPa) | AH81: Kritische temp.
S82: (Mg/m³) | U82: (mm/10) | W82: tR&K (°C) | Y82: (%) | AB82: 15 °C / 10 Hz | AD82: 30 °C / 10 Hz | AF82: 52 °C / 1,6 Hz | AH82: BBR (°C)
B83: 51 | E83: synthetisch pigmenteerbaar bindmiddel | H83: Mexphalte CLT50/70 | K83: Shell | N83: Koudekerk-aan-de-Rijn | Q83: COPRO | S83: 1.025 | U83: 60 | W83: 48 | Y83: 98 | AB83: 55 | AD83: 7.36 | AF83: 0.07 | AH83: d
B84: 52
B85: 53
B86: 54
B87: 55
B88: 56
B89: 57
B90: 58
B91: 59
B92: 60
B93: 61
B94: 62
B95: 63
... B102: 70
Y104: Oplosbaarheid: Gedeelte van het bindmiddel dat oplosbaar is. Indien geen info van de leverancier, = 100.
W105: Verweking: In principe hoeft het verwekingspunt niet meer vermeld te worden bij een voorstudie.
U106: Indringing: Proefresultaat dat hoort bij het gebruikte monster bindmiddel voor de voorstudie (zelf beproefd of van COPRO-gecertificeerde leverancier).
S107: Volumemassa: Op basis van zelfcontrole (resultaten max. 1 jaar oud) ofwel proefresultaat van een COPRO-gecertificeerde leverancier. Voor normale bindmiddelen mag men conventioneel 1025 kg/m³ nemen.
Q108: Keuring: = kwaliteitsmerk. COPRO, partijkeuring of bouwheer. (CE is geen kwaliteitsmerk.)
R109: "COPRO" in geval van COPRO-gecertificeerd bindmiddel.
R110: "bouwheer" in geval van speciale, niet gecertificeerde bindmiddelen, die door de bouwheer worden voorgeschreven.
R111: "partijkeuring" in geval van speciale, niet gecertificeerde bindmiddelen, die door de bouwheer moeten worden aanvaard.
N112: Herkomst: De plaats (gemeente) waar de productie van het bindmiddel gebeurt.
K113: Leverancier: De firmanaam van de bindmiddelproducent. Vermeld geen tussenleveranciers.
H114: Volledige benaming: De volledige officiële + commerciële benaming van het bindmiddel, zodat het duidelijk is om welk type (met welke kenmerken) het gaat.
...

Sheet samenstelling
A1: GEGEVENS GRONDSTOFFEN
B3: Hieronder kiest u de grondstoffen die u effectief bij de voorstudie gebruikt.
B5: AGGREGATEN (Steenslag en zand)
B6: Nr. | C6: Hoeveelheid | E6: Aard | H6: Kaliber | I6: BENOR | K6: Leverancier | N6: Herkomst | Q6: Keuring | S6: Volumemassa | U6: Hoekigheid | W6: Korrelverdeling (in % doorval door de zeef van … mm) | AM6: Andere klassen
B7: 1-40 | C7: (%) | I7: klasse | S7: (Mg/m³) | W7: =berekeningen!D9 -> 40 | X7: =berekeningen!E9 -> 31.5 | Y7: =berekeningen!F9 -> 20 | Z7: =berekeningen!G9 -> 16 | AA7: =berekeningen!H9 -> 14 | AB7: =berekeningen!I9 -> 12.5 | AC7: =berekeningen!J9 -> 10 | AD7: =berekeningen!K9 -> 8 | ... AL7: =berekeningen!S9 -> 0.063 | AM7: FI | AN7: C | AO7: Ecs | AP7: LA | AQ7: MD | AR7: PSV
B8: 1 | C8: =IF(B8="","",C88) -> 5.1 | E8: =IF($B8="","",IF(VLOOKUP($B8,grondstoffen!$B$8:$AL$47,4,FALSE)="","",VLOOKUP($B8,grondstoffen!$B$8:$AL$47,4,FALSE))) -> Kalksteen | H8: =IF($B8="","",IF(VLOOKUP($B8,grondstoffen!$B$8:$AL$47,7,FALSE)="","",VLOOKUP($B8,grondstoffen!$B$8:$AL$47,7,FALSE))) -> 14/20 | I8: =IF($B8="","",IF(VLOOKUP($B8,grondstoffen!$B$8:$AL$47,8,FALSE)="","",VLOOKUP($B8,grondstoffen!$B$8:$AL$47,8,FALSE))) -> Aa1 I f1 | K8: =IF($B8="","",IF(VLOOKUP($B8,grondstoffen!$B$8:$AL$47,10,FALSE)="","",VLOOKUP($B8,grondstoffen!$B$8:$AL$47,10,FALSE))) -> Gralex | N8: =IF($B8="","",IF(VLOOKUP($B8,grondstoffen!$B$8:$AL$47,13,FALSE)="","",VLOOKUP($B8,grondstoffen!$B$8:$AL$47,13,FALSE))) -> Beez | Q8: =IF($B8="","",IF(VLOOKUP($B8,grondstoffen!$B$8:$AL$47,16,FALSE)="","",VLOOKUP($B8,grondstoffen!$B$8:$AL$47,16,FALSE))) -> BENOR | S8: =IF($B8="","",IF(VLOOKUP($B8,grondstoffen!$B$8:$AL$47,18,FALSE)="","",VLOOKUP($B8,grondstoffen!$B$8:$AL$47,18,FALSE))) -> 2.789 | U8: =IF($B8="","",IF(VLOOKUP($B8,grondstoffen!$B$8:$AL$47,20,FALSE)="","",VLOOKUP($B8,grondstoffen!$B$8:$AL$47,20,FALSE))) -> B | W8: =IF($B8="","",IF(VLOOKUP($B8,grondstoffen!$B$8:$AL$47,22,FALSE)="","",VLOOKUP($B8,grondstoffen!$B$8:$AL$47,22,FALSE))) -> 100 | X8: =IF($B8="","",IF(VLOOKUP($B8,grondstoffen!$B$8:$AL$47,23,FALSE)="","",VLOOKUP($B8,grondstoffen!$B$8:$AL$47,23,FALSE))) -> 100 | Y8: =IF($B8="","",IF(VLOOKUP($B8,grondstoffen!$B$8:$AL$47,24,FALSE)="","",VLOOKUP($B8,grondstoffen!$B$8:$AL$47,24,FALSE))) -> 99 | Z8: =IF($B8="","",IF(VLOOKUP($B8,grondstoffen!$B$8:$AL$47,25,FALSE)="","",VLOOKUP($B8,grondstoffen!$B$8:$AL$47,25,FALSE))) -> 55 | AA8: =IF($B8="","",IF(VLOOKUP($B8,grondstoffen!$B$8:$AL$47,26,FALSE)="","",VLOOKUP($B8,grondstoffen!$B$8:$AL$47,26,FALSE))) -> 25 | AB8: =IF($B8="","",IF(VLOOKUP($B8,grondstoffen!$B$8:$AL$47,27,FALSE)="","",VLOOKUP($B8,grondstoffen!$B$8:$AL$47,27,FALSE))) -> 10 | AC8: =IF($B8="","",IF(VLOOKUP($B8,grondstoffen!$B$8:$AL$47,28,FALSE)="","",VLOOKUP($B8,grondstoffen!$B$8:$AL$47,28,FALSE))) -> 2 | AD8: =IF($B8="","",IF(VLOOKUP($B8,grondstoffen!$B$8:$AL$47,29,FALSE)="","",VLOOKUP($B8,grondstoffen!$B$8:$AL$47,29,FALSE))) -> 1 | AE8: =IF($B8="","",IF(VLOOKUP($B8,grondstoffen!$B$8:$AL$47,30,FALSE)="","",VLOOKUP($B8,grondstoffen!$B$8:$AL$47,30,FALSE))) -> 0.9 | AF8: =IF($B8="","",IF(VLOOKUP($B8,grondstoffen!$B$8:$AL$47,31,FALSE)="","",VLOOKUP($B8,grondstoffen!$B$8:$AL$47,31,FALSE))) -> 0.8 | AG8: =IF($B8="","",IF(VLOOKUP($B8,grondstoffen!$B$8:$AL$47,32,FALSE)="","",VLOOKUP($B8,grondstoffen!$B$8:$AL$47,32,FALSE))) -> 0.7 | AH8: =IF($B8="","",IF(VLOOKUP($B8,grondstoffen!$B$8:$AL$47,33,FALSE)="","",VLOOKUP($B8,grondstoffen!$B$8:$AL$47,33,FALSE))) -> 0.6 | AI8: =IF($B8="","",IF(VLOOKUP($B8,grondstoffen!$B$8:$AL$47,34,FALSE)="","",VLOOKUP($B8,grondstoffen!$B$8:$AL$47,34,FALSE))) -> 0.5 | AJ8: =IF($B8="","",IF(VLOOKUP($B8,grondstoffen!$B$8:$AL$47,35,FALSE)="","",VLOOKUP($B8,grondstoffen!$B$8:$AL$47,35,FALSE))) -> 0.4 | AK8: =IF($B8="","",IF(VLOOKUP($B8,grondstoffen!$B$8:$AL$47,36,FALSE)="","",VLOOKUP($B8,grondstoffen!$B$8:$AL$47,36,FALSE))) -> 0.3 | AL8: =IF($B8="","",IF(VLOOKUP($B8,grondstoffen!$B$8:$AL$47,37,FALSE)="","",VLOOKUP($B8,grondstoffen!$B$8:$AL$47,37,FALSE))) -> 0.2 | AM8: =IF($B8="","",IF(VLOOKUP($B8,grondstoffen!$B$8:$AQ$47,38,FALSE)="","",VLOOKUP($B8,grondstoffen!$B$8:$AQ$47,38,FALSE))) -> 15 | AN8: =IF($B8="","",IF(VLOOKUP($B8,grondstoffen!$B$8:$AQ$47,39,FALSE)="","",VLOOKUP($B8,grondstoffen!$B$8:$AQ$47,39,FALSE))) -> 100/0 | AO8: =IF($B8="","",IF(VLOOKUP($B8,grondstoffen!$B$8:$AQ$47,40,FALSE)="","",VLOOKUP($B8,grondstoffen!$B$8:$AQ$47,40,FALSE))) -> 25 | AP8: =IF($B8="","",IF(VLOOKUP($B8,grondstoffen!$B$8:$AQ$47,41,FALSE)="","",VLOOKUP($B8,grondstoffen!$B$8:$AQ$47,41,FALSE))) -> 10 | AQ8: =IF($B8="","",IF(VLOOKUP($B8,grondstoffen!$B$8:$AQ$47,42,FALSE)="","",VLOOKUP($B8,grondstoffen!$B$8:$AQ$47,42,FALSE))) -> 35 | AR8: =IF($B8="","",IF(VLOOKUP($B8,grondstoffen!$B$8:$AR$47,43,FALSE)="","",VLOOKUP($B8,grondstoffen!$B$8:$AR$47,43,FALSE))) -> 50
B9: 2 | C9: =IF(B9="","",C89) -> 10.2 | E9: =IF($B9="","",IF(VLOOKUP($B9,grondstoffen!$B$8:$AL$47,4,FALSE)="","",VLOOKUP($B9,grondstoffen!$B$8:$AL$47,4,FALSE))) -> Porfier | H9: =IF($B9="","",IF(VLOOKUP($B9,grondstoffen!$B$8:$AL$47,7,FALSE)="","",VLOOKUP($B9,grondstoffen!$B$8:$AL$47,7,FALSE))) -> 6/14 | I9: =IF($B9="","",IF(VLOOKUP($B9,grondstoffen!$B$8:$AL$47,8,FALSE)="","",VLOOKUP($B9,grondstoffen!$B$8:$AL$47,8,FALSE))) -> BB2 II f2 | K9: =IF($B9="","",IF(VLOOKUP($B9,grondstoffen!$B$8:$AL$47,10,FALSE)="","",VLOOKUP($B9,grondstoffen!$B$8:$AL$47,10,FALSE))) -> Holcim | N9: =IF($B9="","",IF(VLOOKUP($B9,grondstoffen!$B$8:$AL$47,13,FALSE)="","",VLOOKUP($B9,grondstoffen!$B$8:$AL$47,13,FALSE))) -> Soignies | Q9: =IF($B9="","",IF(VLOOKUP($B9,grondstoffen!$B$8:$AL$47,16,FALSE)="","",VLOOKUP($B9,grondstoffen!$B$8:$AL$47,16,FALSE))) -> BENOR | S9: =IF($B9="","",IF(VLOOKUP($B9,grondstoffen!$B$8:$AL$47,18,FALSE)="","",VLOOKUP($B9,grondstoffen!$B$8:$AL$47,18,FALSE))) -> 2.788 | U9: =IF($B9="","",IF(VLOOKUP($B9,grondstoffen!$B$8:$AL$47,20,FALSE)="","",VLOOKUP($B9,grondstoffen!$B$8:$AL$47,20,FALSE))) -> B | W9: =IF($B9="","",IF(VLOOKUP($B9,grondstoffen!$B$8:$AL$47,22,FALSE)="","",VLOOKUP($B9,grondstoffen!$B$8:$AL$47,22,FALSE))) | X9: =IF($B9="","",IF(VLOOKUP($B9,grondstoffen!$B$8:$AL$47,23,FALSE)="","",VLOOKUP($B9,grondstoffen!$B$8:$AL$47,23,FALSE))) | Y9: =IF($B9="","",IF(VLOOKUP($B9,grondstoffen!$B$8:$AL$47,24,FALSE)="","",VLOOKUP($B9,grondstoffen!$B$8:$AL$47,24,FALSE))) -> 100 | Z9: =IF($B9="","",IF(VLOOKUP($B9,grondstoffen!$B$8:$AL$47,25,FALSE)="","",VLOOKUP($B9,grondstoffen!$B$8:$AL$47,25,FALSE))) -> 98 | AA9: =IF($B9="","",IF(VLOOKUP($B9,grondstoffen!$B$8:$AL$47,26,FALSE)="","",VLOOKUP($B9,grondstoffen!$B$8:$AL$47,26,FALSE))) -> 97 | AB9: =IF($B9="","",IF(VLOOKUP($B9,grondstoffen!$B$8:$AL$47,27,FALSE)="","",VLOOKUP($B9,grondstoffen!$B$8:$AL$47,27,FALSE))) -> 72 | AC9: =IF($B9="","",IF(VLOOKUP($B9,grondstoffen!$B$8:$AL$47,28,FALSE)="","",VLOOKUP($B9,grondstoffen!$B$8:$AL$47,28,FALSE))) -> 65 | AD9: =IF($B9="","",IF(VLOOKUP($B9,grondstoffen!$B$8:$AL$47,29,FALSE)="","",VLOOKUP($B9,grondstoffen!$B$8:$AL$47,29,FALSE))) -> 44 | AE9: =IF($B9="","",IF(VLOOKUP($B9,grondstoffen!$B$8:$AL$47,30,FALSE)="","",VLOOKUP($B9,grondstoffen!$B$8:$AL$47,30,FALSE))) -> 21 | AF9: =IF($B9="","",IF(VLOOKUP($B9,grondstoffen!$B$8:$AL$47,31,FALSE)="","",VLOOKUP($B9,grondstoffen!$B$8:$AL$47,31,FALSE))) -> 10 | AG9: =IF($B9="","",IF(VLOOKUP($B9,grondstoffen!$B$8:$AL$47,32,FALSE)="","",VLOOKUP($B9,grondstoffen!$B$8:$AL$47,32,FALSE))) -> 4 | AH9: =IF($B9="","",IF(VLOOKUP($B9,grondstoffen!$B$8:$AL$47,33,FALSE)="","",VLOOKUP($B9,grondstoffen!$B$8:$AL$47,33,FALSE))) -> 3 | AI9: =IF($B9="","",IF(VLOOKUP($B9,grondstoffen!$B$8:$AL$47,34,FALSE)="","",VLOOKUP($B9,grondstoffen!$B$8:$AL$47,34,FALSE))) -> 2 | AJ9: =IF($B9="","",IF(VLOOKUP($B9,grondstoffen!$B$8:$AL$47,35,FALSE)="","",VLOOKUP($B9,grondstoffen!$B$8:$AL$47,35,FALSE))) -> 1 | AK9: =IF($B9="","",IF(VLOOKUP($B9,grondstoffen!$B$8:$AL$47,36,FALSE)="","",VLOOKUP($B9,grondstoffen!$B$8:$AL$47,36,FALSE))) -> 0.5 | AL9: =IF($B9="","",IF(VLOOKUP($B9,grondstoffen!$B$8:$AL$47,37,FALSE)="","",VLOOKUP($B9,grondstoffen!$B$8:$AL$47,37,FALSE))) -> 0.2 | AM9: =IF($B9="","",IF(VLOOKUP($B9,grondstoffen!$B$8:$AQ$47,38,FALSE)="","",VLOOKUP($B9,grondstoffen!$B$8:$AQ$47,38,FALSE))) -> 20 | AN9: =IF($B9="","",IF(VLOOKUP($B9,grondstoffen!$B$8:$AQ$47,39,FALSE)="","",VLOOKUP($B9,grondstoffen!$B$8:$AQ$47,39,FALSE))) -> 100/0 | AO9: =IF($B9="","",IF(VLOOKUP($B9,grondstoffen!$B$8:$AQ$47,40,FALSE)="","",VLOOKUP($B9,grondstoffen!$B$8:$AQ$47,40,FALSE))) -> 30 | AP9: =IF($B9="","",IF(VLOOKUP($B9,grondstoffen!$B$8:$AQ$47,41,FALSE)="","",VLOOKUP($B9,grondstoffen!$B$8:$AQ$47,41,FALSE))) -> 15 | AQ9: =IF($B9="","",IF(VLOOKUP($B9,grondstoffen!$B$8:$AQ$47,42,FALSE)="","",VLOOKUP($B9,grondstoffen!$B$8:$AQ$47,42,FALSE))) -> 40 | AR9: =IF($B9="","",IF(VLOOKUP($B9,grondstoffen!$B$8:$AR$47,43,FALSE)="","",VLOOKUP($B9,grondstoffen!$B$8:$AR$47,43,FALSE))) -> 52
B10: 3 | C10: =IF(B10="","",C90) -> 15.3 | E10: =IF($B10="","",IF(VLOOKUP($B10,grondstoffen!$B$8:$AL$47,4,FALSE)="","",VLOOKUP($B10,grondstoffen!$B$8:$AL$47,4,FALSE))) -> Rode zandsteen | H10: =IF($B10="","",IF(VLOOKUP($B10,grondstoffen!$B$8:$AL$47,7,FALSE)="","",VLOOKUP($B10,grondstoffen!$B$8:$AL$47,7,FALSE))) -> 0/2 (0/0,05) | I10: =IF($B10="","",IF(VLOOKUP($B10,grondstoffen!$B$8:$AL$47,8,FALSE)="","",VLOOKUP($B10,grondstoffen!$B$8:$AL$47,8,FALSE))) -> Af22aPA Ecs30 | K10: =IF($B10="","",IF(VLOOKUP($B10,grondstoffen!$B$8:$AL$47,10,FALSE)="","",VLOOKUP($B10,grondstoffen!$B$8:$AL$47,10,FALSE))) -> Porfibel | N10: =IF($B10="","",IF(VLOOKUP($B10,grondstoffen!$B$8:$AL$47,13,FALSE)="","",VLOOKUP($B10,grondstoffen!$B$8:$AL$47,13,FALSE))) -> Neufvilles | Q10: =IF($B10="","",IF(VLOOKUP($B10,grondstoffen!$B$8:$AL$47,16,FALSE)="","",VLOOKUP($B10,grondstoffen!$B$8:$AL$47,16,FALSE))) -> BENOR | S10: =IF($B10="","",IF(VLOOKUP($B10,grondstoffen!$B$8:$AL$47,18,FALSE)="","",VLOOKUP($B10,grondstoffen!$B$8:$AL$47,18,FALSE))) -> 2.786 | U10: =IF($B10="","",IF(VLOOKUP($B10,grondstoffen!$B$8:$AL$47,20,FALSE)="","",VLOOKUP($B10,grondstoffen!$B$8:$AL$47,20,FALSE))) -> R | W10: =IF($B10="","",IF(VLOOKUP($B10,grondstoffen!$B$8:$AL$47,22,FALSE)="","",VLOOKUP($B10,grondstoffen!$B$8:$AL$47,22,FALSE))) | X10: =IF($B10="","",IF(VLOOKUP($B10,grondstoffen!$B$8:$AL$47,23,FALSE)="","",VLOOKUP($B10,grondstoffen!$B$8:$AL$47,23,FALSE))) | Y10: =IF($B10="","",IF(VLOOKUP($B10,grondstoffen!$B$8:$AL$47,24,FALSE)="","",VLOOKUP($B10,grondstoffen!$B$8:$AL$47,24,FALSE))) | Z10: =IF($B10="","",IF(VLOOKUP($B10,grondstoffen!$B$8:$AL$47,25,FALSE)="","",VLOOKUP($B10,grondstoffen!$B$8:$AL$47,25,FALSE))) | AA10: =IF($B10="","",IF(VLOOKUP($B10,grondstoffen!$B$8:$AL$47,26,FALSE)="","",VLOOKUP($B10,grondstoffen!$B$8:$AL$47,26,FALSE))) | AB10: =IF($B10="","",IF(VLOOKUP($B10,grondstoffen!$B$8:$AL$47,27,FALSE)="","",VLOOKUP($B10,grondstoffen!$B$8:$AL$47,27,FALSE))) | AC10: =IF($B10="","",IF(VLOOKUP($B10,grondstoffen!$B$8:$AL$47,28,FALSE)="","",VLOOKUP($B10,grondstoffen!$B$8:$AL$47,28,FALSE))) -> 100 | AD10: =IF($B10="","",IF(VLOOKUP($B10,grondstoffen!$B$8:$AL$47,29,FALSE)="","",VLOOKUP($B10,grondstoffen!$B$8:$AL$47,29,FALSE))) -> 98 | AE10: =IF($B10="","",IF(VLOOKUP($B10,grondstoffen!$B$8:$AL$47,30,FALSE)="","",VLOOKUP($B10,grondstoffen!$B$8:$AL$47,30,FALSE))) -> 85 | AF10: =IF($B10="","",IF(VLOOKUP($B10,grondstoffen!$B$8:$AL$47,31,FALSE)="","",VLOOKUP($B10,grondstoffen!$B$8:$AL$47,31,FALSE))) -> 64 | AG10: =IF($B10="","",IF(VLOOKUP($B10,grondstoffen!$B$8:$AL$47,32,FALSE)="","",VLOOKUP($B10,grondstoffen!$B$8:$AL$47,32,FALSE))) -> 23 | AH10: =IF($B10="","",IF(VLOOKUP($B10,grondstoffen!$B$8:$AL$47,33,FALSE)="","",VLOOKUP($B10,grondstoffen!$B$8:$AL$47,33,FALSE))) -> 11 | AI10: =IF($B10="","",IF(VLOOKUP($B10,grondstoffen!$B$8:$AL$47,34,FALSE)="","",VLOOKUP($B10,grondstoffen!$B$8:$AL$47,34,FALSE))) -> 4 | AJ10: =IF($B10="","",IF(VLOOKUP($B10,grondstoffen!$B$8:$AL$47,35,FALSE)="","",VLOOKUP($B10,grondstoffen!$B$8:$AL$47,35,FALSE))) -> 3 | AK10: =IF($B10="","",IF(VLOOKUP($B10,grondstoffen!$B$8:$AL$47,36,FALSE)="","",VLOOKUP($B10,grondstoffen!$B$8:$AL$47,36,FALSE))) -> 2 | AL10: =IF($B10="","",IF(VLOOKUP($B10,grondstoffen!$B$8:$AL$47,37,FALSE)="","",VLOOKUP($B10,grondstoffen!$B$8:$AL$47,37,FALSE))) -> 1 | AM10: =IF($B10="","",IF(VLOOKUP($B10,grondstoffen!$B$8:$AQ$47,38,FALSE)="","",VLOOKUP($B10,grondstoffen!$B$8:$AQ$47,38,FALSE))) -> 25 | AN10: =IF($B10="","",IF(VLOOKUP($B10,grondstoffen!$B$8:$AQ$47,39,FALSE)="","",VLOOKUP($B10,grondstoffen!$B$8:$AQ$47,39,FALSE))) -> 95/3 | AO10: =IF($B10="","",IF(VLOOKUP($B10,grondstoffen!$B$8:$AQ$47,40,FALSE)="","",VLOOKUP($B10,grondstoffen!$B$8:$AQ$47,40,FALSE))) -> 35 | AP10: =IF($B10="","",IF(VLOOKUP($B10,grondstoffen!$B$8:$AQ$47,41,FALSE)="","",VLOOKUP($B10,grondstoffen!$B$8:$AQ$47,41,FALSE))) -> 20 | AQ10: =IF($B10="","",IF(VLOOKUP($B10,grondstoffen!$B$8:$AQ$47,42,FALSE)="","",VLOOKUP($B10,grondstoffen!$B$8:$AQ$47,42,FALSE))) -> 45 | AR10: =IF($B10="","",IF(VLOOKUP($B10,grondstoffen!$B$8:$AR$47,43,FALSE)="","",VLOOKUP($B10,grondstoffen!$B$8:$AR$47,43,FALSE))) -> 54
C11: =IF(B11="","",C91) | E11: =IF($B11="","",IF(VLOOKUP($B11,grondstoffen!$B$8:$AL$47,4,FALSE)="","",VLOOKUP($B11,grondstoffen!$B$8:$AL$47,4,FALSE))) | H11: =IF($B11="","",IF(VLOOKUP($B11,grondstoffen!$B$8:$AL$47,7,FALSE)="","",VLOOKUP($B11,grondstoffen!$B$8:$AL$47,7,FALSE))) | I11: =IF($B11="","",IF(VLOOKUP($B11,grondstoffen!$B$8:$AL$47,8,FALSE)="","",VLOOKUP($B11,grondstoffen!$B$8:$AL$47,8,FALSE))) | K11: =IF($B11="","",IF(VLOOKUP($B11,grondstoffen!$B$8:$AL$47,10,FALSE)="","",VLOOKUP($B11,grondstoffen!$B$8:$AL$47,10,FALSE))) | N11: =IF($B11="","",IF(VLOOKUP($B11,grondstoffen!$B$8:$AL$47,13,FALSE)="","",VLOOKUP($B11,grondstoffen!$B$8:$AL$47,13,FALSE))) | Q11: =IF($B11="","",IF(VLOOKUP($B11,grondstoffen!$B$8:$AL$47,16,FALSE)="","",VLOOKUP($B11,grondstoffen!$B$8:$AL$47,16,FALSE))) | S11: =IF($B11="","",IF(VLOOKUP($B11,grondstoffen!$B$8:$AL$47,18,FALSE)="","",VLOOKUP($B11,grondstoffen!$B$8:$AL$47,18,FALSE))) | U11: =IF($B11="","",IF(VLOOKUP($B11,grondstoffen!$B$8:$AL$47,20,FALSE)="","",VLOOKUP($B11,grondstoffen!$B$8:$AL$47,20,FALSE))) | W11: =IF($B11="","",IF(VLOOKUP($B11,grondstoffen!$B$8:$AL$47,22,FALSE)="","",VLOOKUP($B11,grondstoffen!$B$8:$AL$47,22,FALSE))) | X11: =IF($B11="","",IF(VLOOKUP($B11,grondstoffen!$B$8:$AL$47,23,FALSE)="","",VLOOKUP($B11,grondstoffen!$B$8:$AL$47,23,FALSE))) | Y11: =IF($B11="","",IF(VLOOKUP($B11,grondstoffen!$B$8:$AL$47,24,FALSE)="","",VLOOKUP($B11,grondstoffen!$B$8:$AL$47,24,FALSE))) | Z11: =IF($B11="","",IF(VLOOKUP($B11,grondstoffen!$B$8:$AL$47,25,FALSE)="","",VLOOKUP($B11,grondstoffen!$B$8:$AL$47,25,FALSE))) | AA11: =IF($B11="","",IF(VLOOKUP($B11,grondstoffen!$B$8:$AL$47,26,FALSE)="","",VLOOKUP($B11,grondstoffen!$B$8:$AL$47,26,FALSE))) | AB11: =IF($B11="","",IF(VLOOKUP($B11,grondstoffen!$B$8:$AL$47,27,FALSE)="","",VLOOKUP($B11,grondstoffen!$B$8:$AL$47,27,FALSE))) | AC11: =IF($B11="","",IF(VLOOKUP($B11,grondstoffen!$B$8:$AL$47,28,FALSE)="","",VLOOKUP($B11,grondstoffen!$B$8:$AL$47,28,FALSE))) | AD11: =IF($B11="","",IF(VLOOKUP($B11,grondstoffen!$B$8:$AL$47,29,FALSE)="","",VLOOKUP($B11,grondstoffen!$B$8:$AL$47,29,FALSE))) | AE11: =IF($B11="","",IF(VLOOKUP($B11,grondstoffen!$B$8:$AL$47,30,FALSE)="","",VLOOKUP($B11,grondstoffen!$B$8:$AL$47,30,FALSE))) | AF11: =IF($B11="","",IF(VLOOKUP($B11,grondstoffen!$B$8:$AL$47,31,FALSE)="","",VLOOKUP($B11,grondstoffen!$B$8:$AL$47,31,FALSE))) | AG11: =IF($B11="","",IF(VLOOKUP($B11,grondstoffen!$B$8:$AL$47,32,FALSE)="","",VLOOKUP($B11,grondstoffen!$B$8:$AL$47,32,FALSE))) | AH11: =IF($B11="","",IF(VLOOKUP($B11,grondstoffen!$B$8:$AL$47,33,FALSE)="","",VLOOKUP($B11,grondstoffen!$B$8:$AL$47,33,FALSE))) | AI11: =IF($B11="","",IF(VLOOKUP($B11,grondstoffen!$B$8:$AL$47,34,FALSE)="","",VLOOKUP($B11,grondstoffen!$B$8:$AL$47,34,FALSE))) | AJ11: =IF($B11="","",IF(VLOOKUP($B11,grondstoffen!$B$8:$AL$47,35,FALSE)="","",VLOOKUP($B11,grondstoffen!$B$8:$AL$47,35,FALSE))) | AK11: =IF($B11="","",IF(VLOOKUP($B11,grondstoffen!$B$8:$AL$47,36,FALSE)="","",VLOOKUP($B11,grondstoffen!$B$8:$AL$47,36,FALSE))) | AL11: =IF($B11="","",IF(VLOOKUP($B11,grondstoffen!$B$8:$AL$47,37,FALSE)="","",VLOOKUP($B11,grondstoffen!$B$8:$AL$47,37,FALSE))) | AM11: =IF($B11="","",IF(VLOOKUP($B11,grondstoffen!$B$8:$AQ$47,38,FALSE)="","",VLOOKUP($B11,grondstoffen!$B$8:$AQ$47,38,FALSE))) | AN11: =IF($B11="","",IF(VLOOKUP($B11,grondstoffen!$B$8:$AQ$47,39,FALSE)="","",VLOOKUP($B11,grondstoffen!$B$8:$AQ$47,39,FALSE))) | AO11: =IF($B11="","",IF(VLOOKUP($B11,grondstoffen!$B$8:$AQ$47,40,FALSE)="","",VLOOKUP($B11,grondstoffen!$B$8:$AQ$47,40,FALSE))) | AP11: =IF($B11="","",IF(VLOOKUP($B11,grondstoffen!$B$8:$AQ$47,41,FALSE)="","",VLOOKUP($B11,grondstoffen!$B$8:$AQ$47,41,FALSE))) | AQ11: =IF($B11="","",IF(VLOOKUP($B11,grondstoffen!$B$8:$AQ$47,42,FALSE)="","",VLOOKUP($B11,grondstoffen!$B$8:$AQ$47,42,FALSE))) | AR11: =IF($B11="","",IF(VLOOKUP($B11,grondstoffen!$B$8:$AR$47,43,FALSE)="","",VLOOKUP($B11,grondstoffen!$B$8:$AR$47,43,FALSE)))
C12: =IF(B12="","",C92) | E12: =IF($B12="","",IF(VLOOKUP($B12,grondstoffen!$B$8:$AL$47,4,FALSE)="","",VLOOKUP($B12,grondstoffen!$B$8:$AL$47,4,FALSE))) | H12: =IF($B12="","",IF(VLOOKUP($B12,grondstoffen!$B$8:$AL$47,7,FALSE)="","",VLOOKUP($B12,grondstoffen!$B$8:$AL$47,7,FALSE))) | I12: =IF($B12="","",IF(VLOOKUP($B12,grondstoffen!$B$8:$AL$47,8,FALSE)="","",VLOOKUP($B12,grondstoffen!$B$8:$AL$47,8,FALSE))) | K12: =IF($B12="","",IF(VLOOKUP($B12,grondstoffen!$B$8:$AL$47,10,FALSE)="","",VLOOKUP($B12,grondstoffen!$B$8:$AL$47,10,FALSE))) | N12: =IF($B12="","",IF(VLOOKUP($B12,grondstoffen!$B$8:$AL$47,13,FALSE)="","",VLOOKUP($B12,grondstoffen!$B$8:$AL$47,13,FALSE))) | Q12: =IF($B12="","",IF(VLOOKUP($B12,grondstoffen!$B$8:$AL$47,16,FALSE)="","",VLOOKUP($B12,grondstoffen!$B$8:$AL$47,16,FALSE))) | S12: =IF($B12="","",IF(VLOOKUP($B12,grondstoffen!$B$8:$AL$47,18,FALSE)="","",VLOOKUP($B12,grondstoffen!$B$8:$AL$47,18,FALSE))) | U12: =IF($B12="","",IF(VLOOKUP($B12,grondstoffen!$B$8:$AL$47,20,FALSE)="","",VLOOKUP($B12,grondstoffen!$B$8:$AL$47,20,FALSE))) | W12: =IF($B12="","",IF(VLOOKUP($B12,grondstoffen!$B$8:$AL$47,22,FALSE)="","",VLOOKUP($B12,grondstoffen!$B$8:$AL$47,22,FALSE))) | X12: =IF($B12="","",IF(VLOOKUP($B12,grondstoffen!$B$8:$AL$47,23,FALSE)="","",VLOOKUP($B12,grondstoffen!$B$8:$AL$47,23,FALSE))) | Y12: =IF($B12="","",IF(VLOOKUP($B12,grondstoffen!$B$8:$AL$47,24,FALSE)="","",VLOOKUP($B12,grondstoffen!$B$8:$AL$47,24,FALSE))) | Z12: =IF($B12="","",IF(VLOOKUP($B12,grondstoffen!$B$8:$AL$47,25,FALSE)="","",VLOOKUP($B12,grondstoffen!$B$8:$AL$47,25,FALSE))) | AA12: =IF($B12="","",IF(VLOOKUP($B12,grondstoffen!$B$8:$AL$47,26,FALSE)="","",VLOOKUP($B12,grondstoffen!$B$8:$AL$47,26,FALSE))) | AB12: =IF($B12="","",IF(VLOOKUP($B12,grondstoffen!$B$8:$AL$47,27,FALSE)="","",VLOOKUP($B12,grondstoffen!$B$8:$AL$47,27,FALSE))) | AC12: =IF($B12="","",IF(VLOOKUP($B12,grondstoffen!$B$8:$AL$47,28,FALSE)="","",VLOOKUP($B12,grondstoffen!$B$8:$AL$47,28,FALSE))) | AD12: =IF($B12="","",IF(VLOOKUP($B12,grondstoffen!$B$8:$AL$47,29,FALSE)="","",VLOOKUP($B12,grondstoffen!$B$8:$AL$47,29,FALSE))) | AE12: =IF($B12="","",IF(VLOOKUP($B12,grondstoffen!$B$8:$AL$47,30,FALSE)="","",VLOOKUP($B12,grondstoffen!$B$8:$AL$47,30,FALSE))) | AF12: =IF($B12="","",IF(VLOOKUP($B12,grondstoffen!$B$8:$AL$47,31,FALSE)="","",VLOOKUP($B12,grondstoffen!$B$8:$AL$47,31,FALSE))) | AG12: =IF($B12="","",IF(VLOOKUP($B12,grondstoffen!$B$8:$AL$47,32,FALSE)="","",VLOOKUP($B12,grondstoffen!$B$8:$AL$47,32,FALSE))) | AH12: =IF($B12="","",IF(VLOOKUP($B12,grondstoffen!$B$8:$AL$47,33,FALSE)="","",VLOOKUP($B12,grondstoffen!$B$8:$AL$47,33,FALSE))) | AI12: =IF($B12="","",IF(VLOOKUP($B12,grondstoffen!$B$8:$AL$47,34,FALSE)="","",VLOOKUP($B12,grondstoffen!$B$8:$AL$47,34,FALSE))) | AJ12: =IF($B12="","",IF(VLOOKUP($B12,grondstoffen!$B$8:$AL$47,35,FALSE)="","",VLOOKUP($B12,grondstoffen!$B$8:$AL$47,35,FALSE))) | AK12: =IF($B12="","",IF(VLOOKUP($B12,grondstoffen!$B$8:$AL$47,36,FALSE)="","",VLOOKUP($B12,grondstoffen!$B$8:$AL$47,36,FALSE))) | AL12: =IF($B12="","",IF(VLOOKUP($B12,grondstoffen!$B$8:$AL$47,37,FALSE)="","",VLOOKUP($B12,grondstoffen!$B$8:$AL$47,37,FALSE))) | AM12: =IF($B12="","",IF(VLOOKUP($B12,grondstoffen!$B$8:$AQ$47,38,FALSE)="","",VLOOKUP($B12,grondstoffen!$B$8:$AQ$47,38,FALSE))) | AN12: =IF($B12="","",IF(VLOOKUP($B12,grondstoffen!$B$8:$AQ$47,39,FALSE)="","",VLOOKUP($B12,grondstoffen!$B$8:$AQ$47,39,FALSE))) | AO12: =IF($B12="","",IF(VLOOKUP($B12,grondstoffen!$B$8:$AQ$47,40,FALSE)="","",VLOOKUP($B12,grondstoffen!$B$8:$AQ$47,40,FALSE))) | AP12: =IF($B12="","",IF(VLOOKUP($B12,grondstoffen!$B$8:$AQ$47,41,FALSE)="","",VLOOKUP($B12,grondstoffen!$B$8:$AQ$47,41,FALSE))) | AQ12: =IF($B12="","",IF(VLOOKUP($B12,grondstoffen!$B$8:$AQ$47,42,FALSE)="","",VLOOKUP($B12,grondstoffen!$B$8:$AQ$47,42,FALSE))) | AR12: =IF($B12="","",IF(VLOOKUP($B12,grondstoffen!$B$8:$AR$47,43,FALSE)="","",VLOOKUP($B12,grondstoffen!$B$8:$AR$47,43,FALSE)))
B13: 6 | C13: =IF(B13="","",C93) -> 35.3 | E13: =IF($B13="","",IF(VLOOKUP($B13,grondstoffen!$B$8:$AL$47,4,FALSE)="","",VLOOKUP($B13,grondstoffen!$B$8:$AL$47,4,FALSE))) -> Slakken | H13: =IF($B13="","",IF(VLOOKUP($B13,grondstoffen!$B$8:$AL$47,7,FALSE)="","",VLOOKUP($B13,grondstoffen!$B$8:$AL$47,7,FALSE))) -> 6/10 | I13: =IF($B13="","",IF(VLOOKUP($B13,grondstoffen!$B$8:$AL$47,8,FALSE)="","",VLOOKUP($B13,grondstoffen!$B$8:$AL$47,8,FALSE))) -> Dd4 IV f4 | K13: =IF($B13="","",IF(VLOOKUP($B13,grondstoffen!$B$8:$AL$47,10,FALSE)="","",VLOOKUP($B13,grondstoffen!$B$8:$AL$47,10,FALSE))) -> SDF | N13: =IF($B13="","",IF(VLOOKUP($B13,grondstoffen!$B$8:$AL$47,13,FALSE)="","",VLOOKUP($B13,grondstoffen!$B$8:$AL$47,13,FALSE))) -> Genk | Q13: =IF($B13="","",IF(VLOOKUP($B13,grondstoffen!$B$8:$AL$47,16,FALSE)="","",VLOOKUP($B13,grondstoffen!$B$8:$AL$47,16,FALSE))) -> intern | S13: =IF($B13="","",IF(VLOOKUP($B13,grondstoffen!$B$8:$AL$47,18,FALSE)="","",VLOOKUP($B13,grondstoffen!$B$8:$AL$47,18,FALSE))) -> 3.21 | U13: =IF($B13="","",IF(VLOOKUP($B13,grondstoffen!$B$8:$AL$47,20,FALSE)="","",VLOOKUP($B13,grondstoffen!$B$8:$AL$47,20,FALSE))) -> B | W13: =IF($B13="","",IF(VLOOKUP($B13,grondstoffen!$B$8:$AL$47,22,FALSE)="","",VLOOKUP($B13,grondstoffen!$B$8:$AL$47,22,FALSE))) | X13: =IF($B13="","",IF(VLOOKUP($B13,grondstoffen!$B$8:$AL$47,23,FALSE)="","",VLOOKUP($B13,grondstoffen!$B$8:$AL$47,23,FALSE))) | Y13: =IF($B13="","",IF(VLOOKUP($B13,grondstoffen!$B$8:$AL$47,24,FALSE)="","",VLOOKUP($B13,grondstoffen!$B$8:$AL$47,24,FALSE))) | Z13: =IF($B13="","",IF(VLOOKUP($B13,grondstoffen!$B$8:$AL$47,25,FALSE)="","",VLOOKUP($B13,grondstoffen!$B$8:$AL$47,25,FALSE))) | AA13: =IF($B13="","",IF(VLOOKUP($B13,grondstoffen!$B$8:$AL$47,26,FALSE)="","",VLOOKUP($B13,grondstoffen!$B$8:$AL$47,26,FALSE))) -> 100 | AB13: =IF($B13="","",IF(VLOOKUP($B13,grondstoffen!$B$8:$AL$47,27,FALSE)="","",VLOOKUP($B13,grondstoffen!$B$8:$AL$47,27,FALSE))) -> 100 | AC13: =IF($B13="","",IF(VLOOKUP($B13,grondstoffen!$B$8:$AL$47,28,FALSE)="","",VLOOKUP($B13,grondstoffen!$B$8:$AL$47,28,FALSE))) -> 95 | AD13: =IF($B13="","",IF(VLOOKUP($B13,grondstoffen!$B$8:$AL$47,29,FALSE)="","",VLOOKUP($B13,grondstoffen!$B$8:$AL$47,29,FALSE))) -> 50 | AE13: =IF($B13="","",IF(VLOOKUP($B13,grondstoffen!$B$8:$AL$47,30,FALSE)="","",VLOOKUP($B13,grondstoffen!$B$8:$AL$47,30,FALSE))) -> 12 | AF13: =IF($B13="","",IF(VLOOKUP($B13,grondstoffen!$B$8:$AL$47,31,FALSE)="","",VLOOKUP($B13,grondstoffen!$B$8:$AL$47,31,FALSE))) -> 7 | AG13: =IF($B13="","",IF(VLOOKUP($B13,grondstoffen!$B$8:$AL$47,32,FALSE)="","",VLOOKUP($B13,grondstoffen!$B$8:$AL$47,32,FALSE))) -> 6 | AH13: =IF($B13="","",IF(VLOOKUP($B13,grondstoffen!$B$8:$AL$47,33,FALSE)="","",VLOOKUP($B13,grondstoffen!$B$8:$AL$47,33,FALSE))) -> 5 | AI13: =IF($B13="","",IF(VLOOKUP($B13,grondstoffen!$B$8:$AL$47,34,FALSE)="","",VLOOKUP($B13,grondstoffen!$B$8:$AL$47,34,FALSE))) -> 4 | AJ13: =IF($B13="","",IF(VLOOKUP($B13,grondstoffen!$B$8:$AL$47,35,FALSE)="","",VLOOKUP($B13,grondstoffen!$B$8:$AL$47,35,FALSE))) -> 3 | AK13: =IF($B13="","",IF(VLOOKUP($B13,grondstoffen!$B$8:$AL$47,36,FALSE)="","",VLOOKUP($B13,grondstoffen!$B$8:$AL$47,36,FALSE))) -> 2 | AL13: =IF($B13="","",IF(VLOOKUP($B13,grondstoffen!$B$8:$AL$47,37,FALSE)="","",VLOOKUP($B13,grondstoffen!$B$8:$AL$47,37,FALSE))) -> 1 | AM13: =IF($B13="","",IF(VLOOKUP($B13,grondstoffen!$B$8:$AQ$47,38,FALSE)="","",VLOOKUP($B13,grondstoffen!$B$8:$AQ$47,38,FALSE))) -> 30 | AN13: =IF($B13="","",IF(VLOOKUP($B13,grondstoffen!$B$8:$AQ$47,39,FALSE)="","",VLOOKUP($B13,grondstoffen!$B$8:$AQ$47,39,FALSE))) -> 100/0 | AO13: =IF($B13="","",IF(VLOOKUP($B13,grondstoffen!$B$8:$AQ$47,40,FALSE)="","",VLOOKUP($B13,grondstoffen!$B$8:$AQ$47,40,FALSE))) -> 38 | AP13: =IF($B13="","",IF(VLOOKUP($B13,grondstoffen!$B$8:$AQ$47,41,FALSE)="","",VLOOKUP($B13,grondstoffen!$B$8:$AQ$47,41,FALSE))) -> 25 | AQ13: =IF($B13="","",IF(VLOOKUP($B13,grondstoffen!$B$8:$AQ$47,42,FALSE)="","",VLOOKUP($B13,grondstoffen!$B$8:$AQ$47,42,FALSE))) -> 50 | AR13: =IF($B13="","",IF(VLOOKUP($B13,grondstoffen!$B$8:$AR$47,43,FALSE)="","",VLOOKUP($B13,grondstoffen!$B$8:$AR$47,43,FALSE))) -> 56
B14: 11 | C14: =IF(B14="","",C94) -> 0 | E14: =IF($B14="","",IF(VLOOKUP($B14,grondstoffen!$B$8:$AL$47,4,FALSE)="","",VLOOKUP($B14,grondstoffen!$B$8:$AL$47,4,FALSE))) -> Kalksteen | H14: =IF($B14="","",IF(VLOOKUP($B14,grondstoffen!$B$8:$AL$47,7,FALSE)="","",VLOOKUP($B14,grondstoffen!$B$8:$AL$47,7,FALSE))) -> 14/20 | I14: =IF($B14="","",IF(VLOOKUP($B14,grondstoffen!$B$8:$AL$47,8,FALSE)="","",VLOOKUP($B14,grondstoffen!$B$8:$AL$47,8,FALSE))) -> Aa1 I f1 | K14: =IF($B14="","",IF(VLOOKUP($B14,grondstoffen!$B$8:$AL$47,10,FALSE)="","",VLOOKUP($B14,grondstoffen!$B$8:$AL$47,10,FALSE))) -> Gralex | N14: =IF($B14="","",IF(VLOOKUP($B14,grondstoffen!$B$8:$AL$47,13,FALSE)="","",VLOOKUP($B14,grondstoffen!$B$8:$AL$47,13,FALSE))) -> Beez | Q14: =IF($B14="","",IF(VLOOKUP($B14,grondstoffen!$B$8:$AL$47,16,FALSE)="","",VLOOKUP($B14,grondstoffen!$B$8:$AL$47,16,FALSE))) -> BENOR | S14: =IF($B14="","",IF(VLOOKUP($B14,grondstoffen!$B$8:$AL$47,18,FALSE)="","",VLOOKUP($B14,grondstoffen!$B$8:$AL$47,18,FALSE))) -> 2.779 | U14: =IF($B14="","",IF(VLOOKUP($B14,grondstoffen!$B$8:$AL$47,20,FALSE)="","",VLOOKUP($B14,grondstoffen!$B$8:$AL$47,20,FALSE))) -> B | W14: =IF($B14="","",IF(VLOOKUP($B14,grondstoffen!$B$8:$AL$47,22,FALSE)="","",VLOOKUP($B14,grondstoffen!$B$8:$AL$47,22,FALSE))) -> 100 | X14: =IF($B14="","",IF(VLOOKUP($B14,grondstoffen!$B$8:$AL$47,23,FALSE)="","",VLOOKUP($B14,grondstoffen!$B$8:$AL$47,23,FALSE))) -> 100 | Y14: =IF($B14="","",IF(VLOOKUP($B14,grondstoffen!$B$8:$AL$47,24,FALSE)="","",VLOOKUP($B14,grondstoffen!$B$8:$AL$47,24,FALSE))) -> 99 | Z14: =IF($B14="","",IF(VLOOKUP($B14,grondstoffen!$B$8:$AL$47,25,FALSE)="","",VLOOKUP($B14,grondstoffen!$B$8:$AL$47,25,FALSE))) -> 55 | AA14: =IF($B14="","",IF(VLOOKUP($B14,grondstoffen!$B$8:$AL$47,26,FALSE)="","",VLOOKUP($B14,grondstoffen!$B$8:$AL$47,26,FALSE))) -> 25 | AB14: =IF($B14="","",IF(VLOOKUP($B14,grondstoffen!$B$8:$AL$47,27,FALSE)="","",VLOOKUP($B14,grondstoffen!$B$8:$AL$47,27,FALSE))) -> 10 | AC14: =IF($B14="","",IF(VLOOKUP($B14,grondstoffen!$B$8:$AL$47,28,FALSE)="","",VLOOKUP($B14,grondstoffen!$B$8:$AL$47,28,FALSE))) -> 2 | AD14: =IF($B14="","",IF(VLOOKUP($B14,grondstoffen!$B$8:$AL$47,29,FALSE)="","",VLOOKUP($B14,grondstoffen!$B$8:$AL$47,29,FALSE))) -> 1 | AE14: =IF($B14="","",IF(VLOOKUP($B14,grondstoffen!$B$8:$AL$47,30,FALSE)="","",VLOOKUP($B14,grondstoffen!$B$8:$AL$47,30,FALSE))) -> 0.9 | AF14: =IF($B14="","",IF(VLOOKUP($B14,grondstoffen!$B$8:$AL$47,31,FALSE)="","",VLOOKUP($B14,grondstoffen!$B$8:$AL$47,31,FALSE))) -> 0.8 | AG14: =IF($B14="","",IF(VLOOKUP($B14,grondstoffen!$B$8:$AL$47,32,FALSE)="","",VLOOKUP($B14,grondstoffen!$B$8:$AL$47,32,FALSE))) -> 0.7 | AH14: =IF($B14="","",IF(VLOOKUP($B14,grondstoffen!$B$8:$AL$47,33,FALSE)="","",VLOOKUP($B14,grondstoffen!$B$8:$AL$47,33,FALSE))) -> 0.6 | AI14: =IF($B14="","",IF(VLOOKUP($B14,grondstoffen!$B$8:$AL$47,34,FALSE)="","",VLOOKUP($B14,grondstoffen!$B$8:$AL$47,34,FALSE))) -> 0.5 | AJ14: =IF($B14="","",IF(VLOOKUP($B14,grondstoffen!$B$8:$AL$47,35,FALSE)="","",VLOOKUP($B14,grondstoffen!$B$8:$AL$47,35,FALSE))) -> 0.4 | AK14: =IF($B14="","",IF(VLOOKUP($B14,grondstoffen!$B$8:$AL$47,36,FALSE)="","",VLOOKUP($B14,grondstoffen!$B$8:$AL$47,36,FALSE))) -> 0.3 | AL14: =IF($B14="","",IF(VLOOKUP($B14,grondstoffen!$B$8:$AL$47,37,FALSE)="","",VLOOKUP($B14,grondstoffen!$B$8:$AL$47,37,FALSE))) -> 0.2 | AM14: =IF($B14="","",IF(VLOOKUP($B14,grondstoffen!$B$8:$AQ$47,38,FALSE)="","",VLOOKUP($B14,grondstoffen!$B$8:$AQ$47,38,FALSE))) -> 15 | AN14: =IF($B14="","",IF(VLOOKUP($B14,grondstoffen!$B$8:$AQ$47,39,FALSE)="","",VLOOKUP($B14,grondstoffen!$B$8:$AQ$47,39,FALSE))) -> 100/0 | AO14: =IF($B14="","",IF(VLOOKUP($B14,grondstoffen!$B$8:$AQ$47,40,FALSE)="","",VLOOKUP($B14,grondstoffen!$B$8:$AQ$47,40,FALSE))) -> 25 | AP14: =IF($B14="","",IF(VLOOKUP($B14,grondstoffen!$B$8:$AQ$47,41,FALSE)="","",VLOOKUP($B14,grondstoffen!$B$8:$AQ$47,41,FALSE))) -> 10 | AQ14: =IF($B14="","",IF(VLOOKUP($B14,grondstoffen!$B$8:$AQ$47,42,FALSE)="","",VLOOKUP($B14,grondstoffen!$B$8:$AQ$47,42,FALSE))) -> 35 | AR14: =IF($B14="","",IF(VLOOKUP($B14,grondstoffen!$B$8:$AR$47,43,FALSE)="","",VLOOKUP($B14,grondstoffen!$B$8:$AR$47,43,FALSE))) -> 58
B15: 12 | C15: =IF(B15="","",C95) -> 0 | E15: =IF($B15="","",IF(VLOOKUP($B15,grondstoffen!$B$8:$AL$47,4,FALSE)="","",VLOOKUP($B15,grondstoffen!$B$8:$AL$47,4,FALSE))) -> Porfier | H15: =IF($B15="","",IF(VLOOKUP($B15,grondstoffen!$B$8:$AL$47,7,FALSE)="","",VLOOKUP($B15,grondstoffen!$B$8:$AL$47,7,FALSE))) -> 6/14 | I15: =IF($B15="","",IF(VLOOKUP($B15,grondstoffen!$B$8:$AL$47,8,FALSE)="","",VLOOKUP($B15,grondstoffen!$B$8:$AL$47,8,FALSE))) -> BB2 II f2 | K15: =IF($B15="","",IF(VLOOKUP($B15,grondstoffen!$B$8:$AL$47,10,FALSE)="","",VLOOKUP($B15,grondstoffen!$B$8:$AL$47,10,FALSE))) -> Holcim | N15: =IF($B15="","",IF(VLOOKUP($B15,grondstoffen!$B$8:$AL$47,13,FALSE)="","",VLOOKUP($B15,grondstoffen!$B$8:$AL$47,13,FALSE))) -> Soignies | Q15: =IF($B15="","",IF(VLOOKUP($B15,grondstoffen!$B$8:$AL$47,16,FALSE)="","",VLOOKUP($B15,grondstoffen!$B$8:$AL$47,16,FALSE))) -> BENOR | S15: =IF($B15="","",IF(VLOOKUP($B15,grondstoffen!$B$8:$AL$47,18,FALSE)="","",VLOOKUP($B15,grondstoffen!$B$8:$AL$47,18,FALSE))) -> 2.778 | U15: =IF($B15="","",IF(VLOOKUP($B15,grondstoffen!$B$8:$AL$47,20,FALSE)="","",VLOOKUP($B15,grondstoffen!$B$8:$AL$47,20,FALSE))) -> B | W15: =IF($B15="","",IF(VLOOKUP($B15,grondstoffen!$B$8:$AL$47,22,FALSE)="","",VLOOKUP($B15,grondstoffen!$B$8:$AL$47,22,FALSE))) | X15: =IF($B15="","",IF(VLOOKUP($B15,grondstoffen!$B$8:$AL$47,23,FALSE)="","",VLOOKUP($B15,grondstoffen!$B$8:$AL$47,23,FALSE))) | Y15: =IF($B15="","",IF(VLOOKUP($B15,grondstoffen!$B$8:$AL$47,24,FALSE)="","",VLOOKUP($B15,grondstoffen!$B$8:$AL$47,24,FALSE))) -> 100 | Z15: =IF($B15="","",IF(VLOOKUP($B15,grondstoffen!$B$8:$AL$47,25,FALSE)="","",VLOOKUP($B15,grondstoffen!$B$8:$AL$47,25,FALSE))) -> 98 | AA15: =IF($B15="","",IF(VLOOKUP($B15,grondstoffen!$B$8:$AL$47,26,FALSE)="","",VLOOKUP($B15,grondstoffen!$B$8:$AL$47,26,FALSE))) -> 97 | AB15: =IF($B15="","",IF(VLOOKUP($B15,grondstoffen!$B$8:$AL$47,27,FALSE)="","",VLOOKUP($B15,grondstoffen!$B$8:$AL$47,27,FALSE))) -> 72 | AC15: =IF($B15="","",IF(VLOOKUP($B15,grondstoffen!$B$8:$AL$47,28,FALSE)="","",VLOOKUP($B15,grondstoffen!$B$8:$AL$47,28,FALSE))) -> 65 | AD15: =IF($B15="","",IF(VLOOKUP($B15,grondstoffen!$B$8:$AL$47,29,FALSE)="","",VLOOKUP($B15,grondstoffen!$B$8:$AL$47,29,FALSE))) -> 44 | AE15: =IF($B15="","",IF(VLOOKUP($B15,grondstoffen!$B$8:$AL$47,30,FALSE)="","",VLOOKUP($B15,grondstoffen!$B$8:$AL$47,30,FALSE))) -> 21 | AF15: =IF($B15="","",IF(VLOOKUP($B15,grondstoffen!$B$8:$AL$47,31,FALSE)="","",VLOOKUP($B15,grondstoffen!$B$8:$AL$47,31,FALSE))) -> 10 | AG15: =IF($B15="","",IF(VLOOKUP($B15,grondstoffen!$B$8:$AL$47,32,FALSE)="","",VLOOKUP($B15,grondstoffen!$B$8:$AL$47,32,FALSE))) -> 4 | AH15: =IF($B15="","",IF(VLOOKUP($B15,grondstoffen!$B$8:$AL$47,33,FALSE)="","",VLOOKUP($B15,grondstoffen!$B$8:$AL$47,33,FALSE))) -> 3 | AI15: =IF($B15="","",IF(VLOOKUP($B15,grondstoffen!$B$8:$AL$47,34,FALSE)="","",VLOOKUP($B15,grondstoffen!$B$8:$AL$47,34,FALSE))) -> 2 | AJ15: =IF($B15="","",IF(VLOOKUP($B15,grondstoffen!$B$8:$AL$47,35,FALSE)="","",VLOOKUP($B15,grondstoffen!$B$8:$AL$47,35,FALSE))) -> 1 | AK15: =IF($B15="","",IF(VLOOKUP($B15,grondstoffen!$B$8:$AL$47,36,FALSE)="","",VLOOKUP($B15,grondstoffen!$B$8:$AL$47,36,FALSE))) -> 0.5 | AL15: =IF($B15="","",IF(VLOOKUP($B15,grondstoffen!$B$8:$AL$47,37,FALSE)="","",VLOOKUP($B15,grondstoffen!$B$8:$AL$47,37,FALSE))) -> 0.2 | AM15: =IF($B15="","",IF(VLOOKUP($B15,grondstoffen!$B$8:$AQ$47,38,FALSE)="","",VLOOKUP($B15,grondstoffen!$B$8:$AQ$47,38,FALSE))) -> 20 | AN15: =IF($B15="","",IF(VLOOKUP($B15,grondstoffen!$B$8:$AQ$47,39,FALSE)="","",VLOOKUP($B15,grondstoffen!$B$8:$AQ$47,39,FALSE))) -> 100/0 | AO15: =IF($B15="","",IF(VLOOKUP($B15,grondstoffen!$B$8:$AQ$47,40,FALSE)="","",VLOOKUP($B15,grondstoffen!$B$8:$AQ$47,40,FALSE))) -> 30 | AP15: =IF($B15="","",IF(VLOOKUP($B15,grondstoffen!$B$8:$AQ$47,41,FALSE)="","",VLOOKUP($B15,grondstoffen!$B$8:$AQ$47,41,FALSE))) -> 15 | AQ15: =IF($B15="","",IF(VLOOKUP($B15,grondstoffen!$B$8:$AQ$47,42,FALSE)="","",VLOOKUP($B15,grondstoffen!$B$8:$AQ$47,42,FALSE))) -> 40 | AR15: =IF($B15="","",IF(VLOOKUP($B15,grondstoffen!$B$8:$AR$47,43,FALSE)="","",VLOOKUP($B15,grondstoffen!$B$8:$AR$47,43,FALSE))) -> 60
B16: 16 | C16: =IF(B16="","",C96) -> 0 | E16: =IF($B16="","",IF(VLOOKUP($B16,grondstoffen!$B$8:$AL$47,4,FALSE)="","",VLOOKUP($B16,grondstoffen!$B$8:$AL$47,4,FALSE))) -> Slakken | H16: =IF($B16="","",IF(VLOOKUP($B16,grondstoffen!$B$8:$AL$47,7,FALSE)="","",VLOOKUP($B16,grondstoffen!$B$8:$AL$47,7,FALSE))) -> 6/10 | I16: =IF($B16="","",IF(VLOOKUP($B16,grondstoffen!$B$8:$AL$47,8,FALSE)="","",VLOOKUP($B16,grondstoffen!$B$8:$AL$47,8,FALSE))) -> Dd4 IV f4 | K16: =IF($B16="","",IF(VLOOKUP($B16,grondstoffen!$B$8:$AL$47,10,FALSE)="","",VLOOKUP($B16,grondstoffen!$B$8:$AL$47,10,FALSE))) -> SDF | N16: =IF($B16="","",IF(VLOOKUP($B16,grondstoffen!$B$8:$AL$47,13,FALSE)="","",VLOOKUP($B16,grondstoffen!$B$8:$AL$47,13,FALSE))) -> Genk | Q16: =IF($B16="","",IF(VLOOKUP($B16,grondstoffen!$B$8:$AL$47,16,FALSE)="","",VLOOKUP($B16,grondstoffen!$B$8:$AL$47,16,FALSE))) -> intern | S16: =IF($B16="","",IF(VLOOKUP($B16,grondstoffen!$B$8:$AL$47,18,FALSE)="","",VLOOKUP($B16,grondstoffen!$B$8:$AL$47,18,FALSE))) -> 3.2 | U16: =IF($B16="","",IF(VLOOKUP($B16,grondstoffen!$B$8:$AL$47,20,FALSE)="","",VLOOKUP($B16,grondstoffen!$B$8:$AL$47,20,FALSE))) -> B | W16: =IF($B16="","",IF(VLOOKUP($B16,grondstoffen!$B$8:$AL$47,22,FALSE)="","",VLOOKUP($B16,grondstoffen!$B$8:$AL$47,22,FALSE))) | X16: =IF($B16="","",IF(VLOOKUP($B16,grondstoffen!$B$8:$AL$47,23,FALSE)="","",VLOOKUP($B16,grondstoffen!$B$8:$AL$47,23,FALSE))) | Y16: =IF($B16="","",IF(VLOOKUP($B16,grondstoffen!$B$8:$AL$47,24,FALSE)="","",VLOOKUP($B16,grondstoffen!$B$8:$AL$47,24,FALSE))) | Z16: =IF($B16="","",IF(VLOOKUP($B16,grondstoffen!$B$8:$AL$47,25,FALSE)="","",VLOOKUP($B16,grondstoffen!$B$8:$AL$47,25,FALSE))) | AA16: =IF($B16="","",IF(VLOOKUP($B16,grondstoffen!$B$8:$AL$47,26,FALSE)="","",VLOOKUP($B16,grondstoffen!$B$8:$AL$47,26,FALSE))) -> 100 | AB16: =IF($B16="","",IF(VLOOKUP($B16,grondstoffen!$B$8:$AL$47,27,FALSE)="","",VLOOKUP($B16,grondstoffen!$B$8:$AL$47,27,FALSE))) -> 100 | AC16: =IF($B16="","",IF(VLOOKUP($B16,grondstoffen!$B$8:$AL$47,28,FALSE)="","",VLOOKUP($B16,grondstoffen!$B$8:$AL$47,28,FALSE))) -> 95 | AD16: =IF($B16="","",IF(VLOOKUP($B16,grondstoffen!$B$8:$AL$47,29,FALSE)="","",VLOOKUP($B16,grondstoffen!$B$8:$AL$47,29,FALSE))) -> 50 | AE16: =IF($B16="","",IF(VLOOKUP($B16,grondstoffen!$B$8:$AL$47,30,FALSE)="","",VLOOKUP($B16,grondstoffen!$B$8:$AL$47,30,FALSE))) -> 12 | AF16: =IF($B16="","",IF(VLOOKUP($B16,grondstoffen!$B$8:$AL$47,31,FALSE)="","",VLOOKUP($B16,grondstoffen!$B$8:$AL$47,31,FALSE))) -> 7 | AG16: =IF($B16="","",IF(VLOOKUP($B16,grondstoffen!$B$8:$AL$47,32,FALSE)="","",VLOOKUP($B16,grondstoffen!$B$8:$AL$47,32,FALSE))) -> 6 | AH16: =IF($B16="","",IF(VLOOKUP($B16,grondstoffen!$B$8:$AL$47,33,FALSE)="","",VLOOKUP($B16,grondstoffen!$B$8:$AL$47,33,FALSE))) -> 5 | AI16: =IF($B16="","",IF(VLOOKUP($B16,grondstoffen!$B$8:$AL$47,34,FALSE)="","",VLOOKUP($B16,grondstoffen!$B$8:$AL$47,34,FALSE))) -> 4 | AJ16: =IF($B16="","",IF(VLOOKUP($B16,grondstoffen!$B$8:$AL$47,35,FALSE)="","",VLOOKUP($B16,grondstoffen!$B$8:$AL$47,35,FALSE))) -> 3 | AK16: =IF($B16="","",IF(VLOOKUP($B16,grondstoffen!$B$8:$AL$47,36,FALSE)="","",VLOOKUP($B16,grondstoffen!$B$8:$AL$47,36,FALSE))) -> 2 | AL16: =IF($B16="","",IF(VLOOKUP($B16,grondstoffen!$B$8:$AL$47,37,FALSE)="","",VLOOKUP($B16,grondstoffen!$B$8:$AL$47,37,FALSE))) -> 1 | AM16: =IF($B16="","",IF(VLOOKUP($B16,grondstoffen!$B$8:$AQ$47,38,FALSE)="","",VLOOKUP($B16,grondstoffen!$B$8:$AQ$47,38,FALSE))) -> 30 | AN16: =IF($B16="","",IF(VLOOKUP($B16,grondstoffen!$B$8:$AQ$47,39,FALSE)="","",VLOOKUP($B16,grondstoffen!$B$8:$AQ$47,39,FALSE))) -> 100/0 | AO16: =IF($B16="","",IF(VLOOKUP($B16,grondstoffen!$B$8:$AQ$47,40,FALSE)="","",VLOOKUP($B16,grondstoffen!$B$8:$AQ$47,40,FALSE))) -> 38 | AP16: =IF($B16="","",IF(VLOOKUP($B16,grondstoffen!$B$8:$AQ$47,41,FALSE)="","",VLOOKUP($B16,grondstoffen!$B$8:$AQ$47,41,FALSE))) -> 25 | AQ16: =IF($B16="","",IF(VLOOKUP($B16,grondstoffen!$B$8:$AQ$47,42,FALSE)="","",VLOOKUP($B16,grondstoffen!$B$8:$AQ$47,42,FALSE))) -> 50 | AR16: =IF($B16="","",IF(VLOOKUP($B16,grondstoffen!$B$8:$AR$47,43,FALSE)="","",VLOOKUP($B16,grondstoffen!$B$8:$AR$47,43,FALSE))) -> 64
C17: =IF(B17="","",C97) | E17: =IF($B17="","",IF(VLOOKUP($B17,grondstoffen!$B$8:$AL$47,4,FALSE)="","",VLOOKUP($B17,grondstoffen!$B$8:$AL$47,4,FALSE))) | H17: =IF($B17="","",IF(VLOOKUP($B17,grondstoffen!$B$8:$AL$47,7,FALSE)="","",VLOOKUP($B17,grondstoffen!$B$8:$AL$47,7,FALSE))) | I17: =IF($B17="","",IF(VLOOKUP($B17,grondstoffen!$B$8:$AL$47,8,FALSE)="","",VLOOKUP($B17,grondstoffen!$B$8:$AL$47,8,FALSE))) | K17: =IF($B17="","",IF(VLOOKUP($B17,grondstoffen!$B$8:$AL$47,10,FALSE)="","",VLOOKUP($B17,grondstoffen!$B$8:$AL$47,10,FALSE))) | N17: =IF($B17="","",IF(VLOOKUP($B17,grondstoffen!$B$8:$AL$47,13,FALSE)="","",VLOOKUP($B17,grondstoffen!$B$8:$AL$47,13,FALSE))) | Q17: =IF($B17="","",IF(VLOOKUP($B17,grondstoffen!$B$8:$AL$47,16,FALSE)="","",VLOOKUP($B17,grondstoffen!$B$8:$AL$47,16,FALSE))) | S17: =IF($B17="","",IF(VLOOKUP($B17,grondstoffen!$B$8:$AL$47,18,FALSE)="","",VLOOKUP($B17,grondstoffen!$B$8:$AL$47,18,FALSE))) | U17: =IF($B17="","",IF(VLOOKUP($B17,grondstoffen!$B$8:$AL$47,20,FALSE)="","",VLOOKUP($B17,grondstoffen!$B$8:$AL$47,20,FALSE))) | W17: =IF($B17="","",IF(VLOOKUP($B17,grondstoffen!$B$8:$AL$47,22,FALSE)="","",VLOOKUP($B17,grondstoffen!$B$8:$AL$47,22,FALSE))) | X17: =IF($B17="","",IF(VLOOKUP($B17,grondstoffen!$B$8:$AL$47,23,FALSE)="","",VLOOKUP($B17,grondstoffen!$B$8:$AL$47,23,FALSE))) | Y17: =IF($B17="","",IF(VLOOKUP($B17,grondstoffen!$B$8:$AL$47,24,FALSE)="","",VLOOKUP($B17,grondstoffen!$B$8:$AL$47,24,FALSE))) | Z17: =IF($B17="","",IF(VLOOKUP($B17,grondstoffen!$B$8:$AL$47,25,FALSE)="","",VLOOKUP($B17,grondstoffen!$B$8:$AL$47,25,FALSE))) | AA17: =IF($B17="","",IF(VLOOKUP($B17,grondstoffen!$B$8:$AL$47,26,FALSE)="","",VLOOKUP($B17,grondstoffen!$B$8:$AL$47,26,FALSE))) | AB17: =IF($B17="","",IF(VLOOKUP($B17,grondstoffen!$B$8:$AL$47,27,FALSE)="","",VLOOKUP($B17,grondstoffen!$B$8:$AL$47,27,FALSE))) | AC17: =IF($B17="","",IF(VLOOKUP($B17,grondstoffen!$B$8:$AL$47,28,FALSE)="","",VLOOKUP($B17,grondstoffen!$B$8:$AL$47,28,FALSE))) | AD17: =IF($B17="","",IF(VLOOKUP($B17,grondstoffen!$B$8:$AL$47,29,FALSE)="","",VLOOKUP($B17,grondstoffen!$B$8:$AL$47,29,FALSE))) | AE17: =IF($B17="","",IF(VLOOKUP($B17,grondstoffen!$B$8:$AL$47,30,FALSE)="","",VLOOKUP($B17,grondstoffen!$B$8:$AL$47,30,FALSE))) | AF17: =IF($B17="","",IF(VLOOKUP($B17,grondstoffen!$B$8:$AL$47,31,FALSE)="","",VLOOKUP($B17,grondstoffen!$B$8:$AL$47,31,FALSE))) | AG17: =IF($B17="","",IF(VLOOKUP($B17,grondstoffen!$B$8:$AL$47,32,FALSE)="","",VLOOKUP($B17,grondstoffen!$B$8:$AL$47,32,FALSE))) | AH17: =IF($B17="","",IF(VLOOKUP($B17,grondstoffen!$B$8:$AL$47,33,FALSE)="","",VLOOKUP($B17,grondstoffen!$B$8:$AL$47,33,FALSE))) | AI17: =IF($B17="","",IF(VLOOKUP($B17,grondstoffen!$B$8:$AL$47,34,FALSE)="","",VLOOKUP($B17,grondstoffen!$B$8:$AL$47,34,FALSE))) | AJ17: =IF($B17="","",IF(VLOOKUP($B17,grondstoffen!$B$8:$AL$47,35,FALSE)="","",VLOOKUP($B17,grondstoffen!$B$8:$AL$47,35,FALSE))) | AK17: =IF($B17="","",IF(VLOOKUP($B17,grondstoffen!$B$8:$AL$47,36,FALSE)="","",VLOOKUP($B17,grondstoffen!$B$8:$AL$47,36,FALSE))) | AL17: =IF($B17="","",IF(VLOOKUP($B17,grondstoffen!$B$8:$AL$47,37,FALSE)="","",VLOOKUP($B17,grondstoffen!$B$8:$AL$47,37,FALSE))) | AM17: =IF($B17="","",IF(VLOOKUP($B17,grondstoffen!$B$8:$AQ$47,38,FALSE)="","",VLOOKUP($B17,grondstoffen!$B$8:$AQ$47,38,FALSE))) | AN17: =IF($B17="","",IF(VLOOKUP($B17,grondstoffen!$B$8:$AQ$47,39,FALSE)="","",VLOOKUP($B17,grondstoffen!$B$8:$AQ$47,39,FALSE))) | AO17: =IF($B17="","",IF(VLOOKUP($B17,grondstoffen!$B$8:$AQ$47,40,FALSE)="","",VLOOKUP($B17,grondstoffen!$B$8:$AQ$47,40,FALSE))) | AP17: =IF($B17="","",IF(VLOOKUP($B17,grondstoffen!$B$8:$AQ$47,41,FALSE)="","",VLOOKUP($B17,grondstoffen!$B$8:$AQ$47,41,FALSE))) | AQ17: =IF($B17="","",IF(VLOOKUP($B17,grondstoffen!$B$8:$AQ$47,42,FALSE)="","",VLOOKUP($B17,grondstoffen!$B$8:$AQ$47,42,FALSE))) | AR17: =IF($B17="","",IF(VLOOKUP($B17,grondstoffen!$B$8:$AR$47,43,FALSE)="","",VLOOKUP($B17,grondstoffen!$B$8:$AR$47,43,FALSE)))
C19: Hoeveelheid: Toegevoegd gehalte aggregaten in het aggregaatmengsel. In te vullen vanaf rij 88.
B20: Nr.: Kies de nummers van de grondstoffen die u wil selecteren uit het blad 'grondstoffen'.
B23: VULSTOFFEN
B24: Nr. | C24: Hoeveelheid | E24: Soort | H24: Type | K24: Commerciële | N24: Leverancier | Q24: Keuring | S24: Volumemassa | U24: Holle ruimte | W24: Korrelverdeling (in % doorval door de zeef van … mm) | AM24: Gehalte Ca(OH)2
B25: 41-45 | C25: (%) | K25: benaming | N25: en herkomst | S25: (Mg/m³) | U25: (%) | W25: =berekeningen!D9 -> 40 | X25: =berekeningen!E9 -> 31.5 | Y25: =berekeningen!F9 -> 20 | Z25: =berekeningen!G9 -> 16 | AA25: =berekeningen!H9 -> 14 | AB25: =berekeningen!I9 -> 12.5 | AC25: =berekeningen!J9 -> 10 | AD25: =berekeningen!K9 -> 8 | ... AL25: =berekeningen!S9 -> 0.063 | AM25: (%)
B26: 41 | C26: =IF(B26="","",C98) -> 0.55 | E26: =IF($B26="","",IF(VLOOKUP($B26,grondstoffen!$B$62:$AL$66,4,FALSE)="","",VLOOKUP($B26,grondstoffen!$B$62:$AL$66,4,FALSE))) -> Aanvoervulstof | H26: =IF($B26="","",IF(VLOOKUP($B26,grondstoffen!$B$62:$AL$66,7,FALSE)="","",VLOOKUP($B26,grondstoffen!$B$62:$AL$66,7,FALSE))) -> IIa | K26: =IF($B26="","",IF(VLOOKUP($B26,grondstoffen!$B$62:$AL$66,10,FALSE)="","",VLOOKUP($B26,grondstoffen!$B$62:$AL$66,10,FALSE))) -> Duras filler 2 | N26: =IF($B26="","",IF(VLOOKUP($B26,grondstoffen!$B$62:$AL$66,13,FALSE)="","",VLOOKUP($B26,grondstoffen!$B$62:$AL$66,13,FALSE))) -> Ankersmit Maastricht | Q26: =IF($B26="","",IF(VLOOKUP($B26,grondstoffen!$B$62:$AL$66,16,FALSE)="","",VLOOKUP($B26,grondstoffen!$B$62:$AL$66,16,FALSE))) -> BENOR | S26: =IF($B26="","",IF(VLOOKUP($B26,grondstoffen!$B$62:$AL$66,18,FALSE)="","",VLOOKUP($B26,grondstoffen!$B$62:$AL$66,18,FALSE))) -> 2.7 | U26: =IF($B26="","",IF(VLOOKUP($B26,grondstoffen!$B$62:$AL$66,20,FALSE)="","",VLOOKUP($B26,grondstoffen!$B$62:$AL$66,20,FALSE))) -> 45 | W26: =IF($B26="","",IF(VLOOKUP($B26,grondstoffen!$B$62:$AL$66,22,FALSE)="","",VLOOKUP($B26,grondstoffen!$B$62:$AL$66,22,FALSE))) | X26: =IF($B26="","",IF(VLOOKUP($B26,grondstoffen!$B$62:$AL$66,23,FALSE)="","",VLOOKUP($B26,grondstoffen!$B$62:$AL$66,23,FALSE))) | Y26: =IF($B26="","",IF(VLOOKUP($B26,grondstoffen!$B$62:$AL$66,24,FALSE)="","",VLOOKUP($B26,grondstoffen!$B$62:$AL$66,24,FALSE))) | Z26: =IF($B26="","",IF(VLOOKUP($B26,grondstoffen!$B$62:$AL$66,25,FALSE)="","",VLOOKUP($B26,grondstoffen!$B$62:$AL$66,25,FALSE))) | AA26: =IF($B26="","",IF(VLOOKUP($B26,grondstoffen!$B$62:$AL$66,26,FALSE)="","",VLOOKUP($B26,grondstoffen!$B$62:$AL$66,26,FALSE))) | AB26: =IF($B26="","",IF(VLOOKUP($B26,grondstoffen!$B$62:$AL$66,27,FALSE)="","",VLOOKUP($B26,grondstoffen!$B$62:$AL$66,27,FALSE))) | AC26: =IF($B26="","",IF(VLOOKUP($B26,grondstoffen!$B$62:$AL$66,28,FALSE)="","",VLOOKUP($B26,grondstoffen!$B$62:$AL$66,28,FALSE))) | AD26: =IF($B26="","",IF(VLOOKUP($B26,grondstoffen!$B$62:$AL$66,29,FALSE)="","",VLOOKUP($B26,grondstoffen!$B$62:$AL$66,29,FALSE))) | AE26: =IF($B26="","",IF(VLOOKUP($B26,grondstoffen!$B$62:$AL$66,30,FALSE)="","",VLOOKUP($B26,grondstoffen!$B$62:$AL$66,30,FALSE))) | AF26: =IF($B26="","",IF(VLOOKUP($B26,grondstoffen!$B$62:$AL$66,31,FALSE)="","",VLOOKUP($B26,grondstoffen!$B$62:$AL$66,31,FALSE))) | AG26: =IF($B26="","",IF(VLOOKUP($B26,grondstoffen!$B$62:$AL$66,32,FALSE)="","",VLOOKUP($B26,grondstoffen!$B$62:$AL$66,32,FALSE))) -> 100 | AH26: =IF($B26="","",IF(VLOOKUP($B26,grondstoffen!$B$62:$AL$66,33,FALSE)="","",VLOOKUP($B26,grondstoffen!$B$62:$AL$66,33,FALSE))) -> 99 | AI26: =IF($B26="","",IF(VLOOKUP($B26,grondstoffen!$B$62:$AL$66,34,FALSE)="","",VLOOKUP($B26,grondstoffen!$B$62:$AL$66,34,FALSE))) -> 98 | AJ26: =IF($B26="","",IF(VLOOKUP($B26,grondstoffen!$B$62:$AL$66,35,FALSE)="","",VLOOKUP($B26,grondstoffen!$B$62:$AL$66,35,FALSE))) -> 97 | AK26: =IF($B26="","",IF(VLOOKUP($B26,grondstoffen!$B$62:$AL$66,36,FALSE)="","",VLOOKUP($B26,grondstoffen!$B$62:$AL$66,36,FALSE))) -> 90 | AL26: =IF($B26="","",IF(VLOOKUP($B26,grondstoffen!$B$62:$AL$66,37,FALSE)="","",VLOOKUP($B26,grondstoffen!$B$62:$AL$66,37,FALSE))) -> 85 | AM26: =IF($B26="","",IF(VLOOKUP($B26,grondstoffen!$B$62:$AM$66,38,FALSE)="","",VLOOKUP($B26,grondstoffen!$B$62:$AM$66,38,FALSE))) -> 17,5
C27: =IF(B27="","",C99) | E27: =IF($B27="","",IF(VLOOKUP($B27,grondstoffen!$B$62:$AL$66,4,FALSE)="","",VLOOKUP($B27,grondstoffen!$B$62:$AL$66,4,FALSE))) | H27: =IF($B27="","",IF(VLOOKUP($B27,grondstoffen!$B$62:$AL$66,7,FALSE)="","",VLOOKUP($B27,grondstoffen!$B$62:$AL$66,7,FALSE))) | K27: =IF($B27="","",IF(VLOOKUP($B27,grondstoffen!$B$62:$AL$66,10,FALSE)="","",VLOOKUP($B27,grondstoffen!$B$62:$AL$66,10,FALSE))) | N27: =IF($B27="","",IF(VLOOKUP($B27,grondstoffen!$B$62:$AL$66,13,FALSE)="","",VLOOKUP($B27,grondstoffen!$B$62:$AL$66,13,FALSE))) | Q27: =IF($B27="","",IF(VLOOKUP($B27,grondstoffen!$B$62:$AL$66,16,FALSE)="","",VLOOKUP($B27,grondstoffen!$B$62:$AL$66,16,FALSE))) | S27: =IF($B27="","",IF(VLOOKUP($B27,grondstoffen!$B$62:$AL$66,18,FALSE)="","",VLOOKUP($B27,grondstoffen!$B$62:$AL$66,18,FALSE))) | U27: =IF($B27="","",IF(VLOOKUP($B27,grondstoffen!$B$62:$AL$66,20,FALSE)="","",VLOOKUP($B27,grondstoffen!$B$62:$AL$66,20,FALSE))) | W27: =IF($B27="","",IF(VLOOKUP($B27,grondstoffen!$B$62:$AL$66,22,FALSE)="","",VLOOKUP($B27,grondstoffen!$B$62:$AL$66,22,FALSE))) | X27: =IF($B27="","",IF(VLOOKUP($B27,grondstoffen!$B$62:$AL$66,23,FALSE)="","",VLOOKUP($B27,grondstoffen!$B$62:$AL$66,23,FALSE))) | Y27: =IF($B27="","",IF(VLOOKUP($B27,grondstoffen!$B$62:$AL$66,24,FALSE)="","",VLOOKUP($B27,grondstoffen!$B$62:$AL$66,24,FALSE))) | Z27: =IF($B27="","",IF(VLOOKUP($B27,grondstoffen!$B$62:$AL$66,25,FALSE)="","",VLOOKUP($B27,grondstoffen!$B$62:$AL$66,25,FALSE))) | AA27: =IF($B27="","",IF(VLOOKUP($B27,grondstoffen!$B$62:$AL$66,26,FALSE)="","",VLOOKUP($B27,grondstoffen!$B$62:$AL$66,26,FALSE))) | AB27: =IF($B27="","",IF(VLOOKUP($B27,grondstoffen!$B$62:$AL$66,27,FALSE)="","",VLOOKUP($B27,grondstoffen!$B$62:$AL$66,27,FALSE))) | AC27: =IF($B27="","",IF(VLOOKUP($B27,grondstoffen!$B$62:$AL$66,28,FALSE)="","",VLOOKUP($B27,grondstoffen!$B$62:$AL$66,28,FALSE))) | AD27: =IF($B27="","",IF(VLOOKUP($B27,grondstoffen!$B$62:$AL$66,29,FALSE)="","",VLOOKUP($B27,grondstoffen!$B$62:$AL$66,29,FALSE))) | AE27: =IF($B27="","",IF(VLOOKUP($B27,grondstoffen!$B$62:$AL$66,30,FALSE)="","",VLOOKUP($B27,grondstoffen!$B$62:$AL$66,30,FALSE))) | AF27: =IF($B27="","",IF(VLOOKUP($B27,grondstoffen!$B$62:$AL$66,31,FALSE)="","",VLOOKUP($B27,grondstoffen!$B$62:$AL$66,31,FALSE))) | AG27: =IF($B27="","",IF(VLOOKUP($B27,grondstoffen!$B$62:$AL$66,32,FALSE)="","",VLOOKUP($B27,grondstoffen!$B$62:$AL$66,32,FALSE))) | AH27: =IF($B27="","",IF(VLOOKUP($B27,grondstoffen!$B$62:$AL$66,33,FALSE)="","",VLOOKUP($B27,grondstoffen!$B$62:$AL$66,33,FALSE))) | AI27: =IF($B27="","",IF(VLOOKUP($B27,grondstoffen!$B$62:$AL$66,34,FALSE)="","",VLOOKUP($B27,grondstoffen!$B$62:$AL$66,34,FALSE))) | AJ27: =IF($B27="","",IF(VLOOKUP($B27,grondstoffen!$B$62:$AL$66,35,FALSE)="","",VLOOKUP($B27,grondstoffen!$B$62:$AL$66,35,FALSE))) | AK27: =IF($B27="","",IF(VLOOKUP($B27,grondstoffen!$B$62:$AL$66,36,FALSE)="","",VLOOKUP($B27,grondstoffen!$B$62:$AL$66,36,FALSE))) | AL27: =IF($B27="","",IF(VLOOKUP($B27,grondstoffen!$B$62:$AL$66,37,FALSE)="","",VLOOKUP($B27,grondstoffen!$B$62:$AL$66,37,FALSE))) | AM27: =IF($B27="","",IF(VLOOKUP($B27,grondstoffen!$B$62:$AM$66,38,FALSE)="","",VLOOKUP($B27,grondstoffen!$B$62:$AM$66,38,FALSE)))
C28: (uit 1 - 40) | E28: Teruggewonnen stof | N28: Productieproces | S28: =AA124 -> 3.0512285 | U28: 38
C29: =IF(C100=0,"",C100) -> 1 | E29: Extra teruggew. stof | N29: Productieproces | S29: =AA124 -> 3.0512285
W31: Korrelverdeling: Op basis van zelfcontrole (resultaten max. 1 jaar oud).
U32: Holle ruimte: Op basis van zelfcontrole (resultaten max. 1 jaar oud).
S33: Volumemassa: Op basis van zelfcontrole (resultaten max. 1 jaar oud) ofwel mag dit ook worden berekend (zie cel AA124).
Q34: Keuring: = intern of geen.
R35: "intern" in geval de asfaltproducent zelf proeven uitvoert op het teruggewonnen stof, conform het TRA 64 of TRA 65.
C36: Hoeveelheid: Toegevoegd gehalte vulstof in het aggregaatmengsel. In te vullen vanaf rij 98.
B37: Nummer: Kies de nummers van de grondstoffen die u wil selecteren uit het blad 'grondstoffen'.
B40: BINDMIDDELEN
B41: Nr. | C41: Hoeveelheid | E41: Type | H41: Volledige benaming | K41: Leverancier | N41: Herkomst | Q41: Keuring | S41: Volumemassa | U41: Indringing | W41: Verweking | Y41: Oplosbaarheid | AB41: Complexe modulus G* | AH41: Kritische temp.
B42: 51-70 | C42: (%) | S42: (Mg/m³) | U42: (mm/10) | W42: tR&K (°C) | Y42: (%) | AB42: 15 °C / 10 Hz | AD42: 30 °C / 10 Hz | AF42: 52 °C / 1,6 Hz | AH42: BBR (°C)
B43: 51 | C43: =IF(samenstelling!C158-SUM(samenstelling!C146:C150)-SUM(samenstelling!C153:C157)<0.01,0,samenstelling!C158-SUM(samenstelling!C146:C150)-SUM(samenstelling!C153:C157)) -> 2.21605 | E43: =IF($B43="","",IF(VLOOKUP($B43,grondstoffen!$B$83:$AL$102,4,FALSE)="","",VLOOKUP($B43,grondstoffen!$B$83:$AL$102,4,FALSE))) -> synthetisch pigmenteerbaar bindmiddel | H43: =IF($B43="","",IF(VLOOKUP($B43,grondstoffen!$B$83:$AL$102,7,FALSE)="","",VLOOKUP($B43,grondstoffen!$B$83:$AL$102,7,FALSE))) -> Mexphalte CLT50/70 | K43: =IF($B43="","",IF(VLOOKUP($B43,grondstoffen!$B$83:$AL$102,10,FALSE)="","",VLOOKUP($B43,grondstoffen!$B$83:$AL$102,10,FALSE))) -> Shell | N43: =IF($B43="","",IF(VLOOKUP($B43,grondstoffen!$B$83:$AL$102,13,FALSE)="","",VLOOKUP($B43,grondstoffen!$B$83:$AL$102,13,FALSE))) -> Koudekerk-aan-de-Rijn | Q43: =IF($B43="","",IF(VLOOKUP($B43,grondstoffen!$B$83:$AL$102,16,FALSE)="","",VLOOKUP($B43,grondstoffen!$B$83:$AL$102,16,FALSE))) -> COPRO | S43: =IF($B43="","",IF(VLOOKUP($B43,grondstoffen!$B$83:$AL$102,18,FALSE)="","",VLOOKUP($B43,grondstoffen!$B$83:$AL$102,18,FALSE))) -> 1.025 | U43: =IF($B43="","",IF(VLOOKUP($B43,grondstoffen!$B$83:$AL$102,20,FALSE)="","",VLOOKUP($B43,grondstoffen!$B$83:$AL$102,20,FALSE))) -> 60 | W43: =IF($B43="","",IF(VLOOKUP($B43,grondstoffen!$B$83:$AL$102,22,FALSE)="","",VLOOKUP($B43,grondstoffen!$B$83:$AL$102,22,FALSE))) -> 48 | Y43: =IF($B43="","",IF(VLOOKUP($B43,grondstoffen!$B$83:$AL$102,24,FALSE)="","",VLOOKUP($B43,grondstoffen!$B$83:$AL$102,24,FALSE))) -> 98 | AB43: =IF($B43="","",IF(VLOOKUP($B43,grondstoffen!$B$83:$AL$102,27,FALSE)="","",VLOOKUP($B43,grondstoffen!$B$83:$AL$102,27,FALSE))) -> 55 | AD43: =IF($B43="","",IF(VLOOKUP($B43,grondstoffen!$B$83:$AL$102,29,FALSE)="","",VLOOKUP($B43,grondstoffen!$B$83:$AL$102,29,FALSE))) -> 7.36 | AF43: =IF($B43="","",IF(VLOOKUP($B43,grondstoffen!$B$83:$AL$102,31,FALSE)="","",VLOOKUP($B43,grondstoffen!$B$83:$AL$102,31,FALSE))) -> 0.07 | AH43: =IF($B43="","",IF(VLOOKUP($B43,grondstoffen!$B$83:$AL$102,33,FALSE)="","",VLOOKUP($B43,grondstoffen!$B$83:$AL$102,33,FALSE))) -> d
E44: =IF($B44="","",IF(VLOOKUP($B44,grondstoffen!$B$83:$AL$102,4,FALSE)="","",VLOOKUP($B44,grondstoffen!$B$83:$AL$102,4,FALSE))) | H44: =IF($B44="","",IF(VLOOKUP($B44,grondstoffen!$B$83:$AL$102,7,FALSE)="","",VLOOKUP($B44,grondstoffen!$B$83:$AL$102,7,FALSE))) | K44: =IF($B44="","",IF(VLOOKUP($B44,grondstoffen!$B$83:$AL$102,10,FALSE)="","",VLOOKUP($B44,grondstoffen!$B$83:$AL$102,10,FALSE))) | N44: =IF($B44="","",IF(VLOOKUP($B44,grondstoffen!$B$83:$AL$102,13,FALSE)="","",VLOOKUP($B44,grondstoffen!$B$83:$AL$102,13,FALSE))) | Q44: =IF($B44="","",IF(VLOOKUP($B44,grondstoffen!$B$83:$AL$102,16,FALSE)="","",VLOOKUP($B44,grondstoffen!$B$83:$AL$102,16,FALSE))) | S44: =IF($B44="","",IF(VLOOKUP($B44,grondstoffen!$B$83:$AL$102,18,FALSE)="","",VLOOKUP($B44,grondstoffen!$B$83:$AL$102,18,FALSE))) | U44: =IF($B44="","",IF(VLOOKUP($B44,grondstoffen!$B$83:$AL$102,20,FALSE)="","",VLOOKUP($B44,grondstoffen!$B$83:$AL$102,20,FALSE))) | W44: =IF($B44="","",IF(VLOOKUP($B44,grondstoffen!$B$83:$AL$102,22,FALSE)="","",VLOOKUP($B44,grondstoffen!$B$83:$AL$102,22,FALSE))) | Y44: =IF($B44="","",IF(VLOOKUP($B44,grondstoffen!$B$83:$AL$102,24,FALSE)="","",VLOOKUP($B44,grondstoffen!$B$83:$AL$102,24,FALSE))) | AB44: =IF($B44="","",IF(VLOOKUP($B44,grondstoffen!$B$83:$AL$102,27,FALSE)="","",VLOOKUP($B44,grondstoffen!$B$83:$AL$102,27,FALSE))) | AD44: =IF($B44="","",IF(VLOOKUP($B44,grondstoffen!$B$83:$AL$102,29,FALSE)="","",VLOOKUP($B44,grondstoffen!$B$83:$AL$102,29,FALSE))) | AF44: =IF($B44="","",IF(VLOOKUP($B44,grondstoffen!$B$83:$AL$102,31,FALSE)="","",VLOOKUP($B44,grondstoffen!$B$83:$AL$102,31,FALSE))) | AH44: =IF($B44="","",IF(VLOOKUP($B44,grondstoffen!$B$83:$AL$102,33,FALSE)="","",VLOOKUP($B44,grondstoffen!$B$83:$AL$102,33,FALSE)))
E45: =IF($B45="","",IF(VLOOKUP($B45,grondstoffen!$B$83:$AL$102,4,FALSE)="","",VLOOKUP($B45,grondstoffen!$B$83:$AL$102,4,FALSE))) | H45: =IF($B45="","",IF(VLOOKUP($B45,grondstoffen!$B$83:$AL$102,7,FALSE)="","",VLOOKUP($B45,grondstoffen!$B$83:$AL$102,7,FALSE))) | K45: =IF($B45="","",IF(VLOOKUP($B45,grondstoffen!$B$83:$AL$102,10,FALSE)="","",VLOOKUP($B45,grondstoffen!$B$83:$AL$102,10,FALSE))) | N45: =IF($B45="","",IF(VLOOKUP($B45,grondstoffen!$B$83:$AL$102,13,FALSE)="","",VLOOKUP($B45,grondstoffen!$B$83:$AL$102,13,FALSE))) | Q45: =IF($B45="","",IF(VLOOKUP($B45,grondstoffen!$B$83:$AL$102,16,FALSE)="","",VLOOKUP($B45,grondstoffen!$B$83:$AL$102,16,FALSE))) | S45: =IF($B45="","",IF(VLOOKUP($B45,grondstoffen!$B$83:$AL$102,18,FALSE)="","",VLOOKUP($B45,grondstoffen!$B$83:$AL$102,18,FALSE))) | U45: =IF($B45="","",IF(VLOOKUP($B45,grondstoffen!$B$83:$AL$102,20,FALSE)="","",VLOOKUP($B45,grondstoffen!$B$83:$AL$102,20,FALSE))) | W45: =IF($B45="","",IF(VLOOKUP($B45,grondstoffen!$B$83:$AL$102,22,FALSE)="","",VLOOKUP($B45,grondstoffen!$B$83:$AL$102,22,FALSE))) | Y45: =IF($B45="","",IF(VLOOKUP($B45,grondstoffen!$B$83:$AL$102,24,FALSE)="","",VLOOKUP($B45,grondstoffen!$B$83:$AL$102,24,FALSE))) | AB45: =IF($B45="","",IF(VLOOKUP($B45,grondstoffen!$B$83:$AL$102,27,FALSE)="","",VLOOKUP($B45,grondstoffen!$B$83:$AL$102,27,FALSE))) | AD45: =IF($B45="","",IF(VLOOKUP($B45,grondstoffen!$B$83:$AL$102,29,FALSE)="","",VLOOKUP($B45,grondstoffen!$B$83:$AL$102,29,FALSE))) | AF45: =IF($B45="","",IF(VLOOKUP($B45,grondstoffen!$B$83:$AL$102,31,FALSE)="","",VLOOKUP($B45,grondstoffen!$B$83:$AL$102,31,FALSE))) | AH45: =IF($B45="","",IF(VLOOKUP($B45,grondstoffen!$B$83:$AL$102,33,FALSE)="","",VLOOKUP($B45,grondstoffen!$B$83:$AL$102,33,FALSE)))
C47: Hoeveelheid: Toegevoegd gehalte oplosbaar bindmiddel in het bitumineus mengsel. De hoeveelheid van bindmiddel nr. 51 is steeds het saldo van de totale hoeveelheid bindmiddel, min alle andere oplosbare fracties.
E48: De totale hoeveelheid bindmiddel moet worden ingevuld in cel C158.
B49: Nummer: Kies de nummers van de grondstoffen die u wil selecteren uit het blad 'grondstoffen'.
B52: ASFALTGRANULATEN
B53: Nr. | C53: Hoeveelheid | E53: Soort | H53: Officiële benaming | K53: Interne benaming | N53: Homogeen | P53: Proeffrequentie | S53: Toleranties | U53: Keuring | W53: Volumemassa | Y53: Volumemassa | AA53: Volumemassa | AC53: Bindmiddel | AE53: Indringing | AG53: Verweking | AI53: Holle ruimte | AK53: Korrelverdeling (in % doorval door de zeef van … mm) | BA53: Aard aggregaten | BE53: Aard bindmiddel
B54: 71-80 | C54: (%) | H54: stapel | K54: stapel | P54: kv | Q54: pen | S54: homogeniteit | W54: asfaltgranulaat | Y54: aggregaatfractie | AA54: bindmiddelfractie | AC54: gehalte | AE54: bindmiddel | AG54: tR&K (°C) | AI54: vulstoffractie | BE54: (hoofdzakelijk)
P55: + bit. | W55: (Mg/m³) | Y55: (Mg/m³) | AA55: (Mg/m³) | AC55: (% in) | AE55: (mm/10) | AI55: (%) | AK55: =berekeningen!D9 -> 40 | AL55: =berekeningen!E9 -> 31.5 | AM55: =berekeningen!F9 -> 20 | AN55: =berekeningen!G9 -> 16 | AO55: =berekeningen!H9 -> 14 | AP55: =berekeningen!I9 -> 12.5 | AQ55: =berekeningen!J9 -> 10 | AR55: =berekeningen!K9 -> 8 | ... AZ55: =berekeningen!S9 -> 0.063
B56: 71 | C56: 30 | E56: =IF($B56="","",IF(VLOOKUP($B56,grondstoffen!$B$121:$AP$130,4,FALSE)="","",VLOOKUP($B56,grondstoffen!$B$121:$AP$130,4,FALSE))) -> Asfaltgranulaat | H56: =IF($B56="","",IF(VLOOKUP($B56,grondstoffen!$B$121:$AP$130,7,FALSE)="","",VLOOKUP($B56,grondstoffen!$B$121:$AP$130,7,FALSE))) -> 40 RA 0/14mm HE | K56: =IF($B56="","",IF(VLOOKUP($B56,grondstoffen!$B$121:$AP$130,10,FALSE)="","",VLOOKUP($B56,grondstoffen!$B$121:$AP$130,10,FALSE))) -> onderlaag 14/2 | N56: =IF($B56="","",IF(VLOOKUP($B56,grondstoffen!$B$121:$AP$130,13,FALSE)="","",VLOOKUP($B56,grondstoffen!$B$121:$AP$130,13,FALSE))) -> ja | P56: =IF($B56="","",IF(VLOOKUP($B56,grondstoffen!$B$121:$AP$130,15,FALSE)="","",VLOOKUP($B56,grondstoffen!$B$121:$AP$130,15,FALSE))) -> X | Q56: =IF($B56="","",IF(VLOOKUP($B56,grondstoffen!$B$121:$AP$130,16,FALSE)="","",VLOOKUP($B56,grondstoffen!$B$121:$AP$130,16,FALSE))) -> Z | S56: =IF($B56="","",IF(VLOOKUP($B56,grondstoffen!$B$121:$AP$130,18,FALSE)="","",VLOOKUP($B56,grondstoffen!$B$121:$AP$130,18,FALSE))) -> HE | U56: =IF($B56="","",IF(VLOOKUP($B56,grondstoffen!$B$121:$AP$130,20,FALSE)="","",VLOOKUP($B56,grondstoffen!$B$121:$AP$130,20,FALSE))) -> COPRO | W56: =IF($B56="","",IF(VLOOKUP($B56,grondstoffen!$B$121:$AP$130,22,FALSE)="","",VLOOKUP($B56,grondstoffen!$B$121:$AP$130,22,FALSE))) -> 2.45 | Y56: =IF($B56="","",IF(VLOOKUP($B56,grondstoffen!$B$121:$AP$130,24,FALSE)="","",VLOOKUP($B56,grondstoffen!$B$121:$AP$130,24,FALSE))) -> 2.6416804 | AA56: =IF($B56="","",IF(VLOOKUP($B56,grondstoffen!$B$121:$AP$130,26,FALSE)="","",VLOOKUP($B56,grondstoffen!$B$121:$AP$130,26,FALSE))) -> 1.03 | AC56: =IF($B56="",0,IF(VLOOKUP($B56,grondstoffen!$B$121:$AP$130,28,FALSE)="","",VLOOKUP($B56,grondstoffen!$B$121:$AP$130,28,FALSE))) -> 5 | AE56: =IF($B56="","",IF(VLOOKUP($B56,grondstoffen!$B$121:$AP$130,30,FALSE)="","",VLOOKUP($B56,grondstoffen!$B$121:$AP$130,30,FALSE))) -> 25 | AG56: =IF($B56="","",IF(VLOOKUP($B56,grondstoffen!$B$121:$AP$130,32,FALSE)="","",VLOOKUP($B56,grondstoffen!$B$121:$AP$130,32,FALSE))) -> 48 | AH56: =IF($B56="","",IF(VLOOKUP($B56,grondstoffen!$B$121:$AP$130,33,FALSE)="","",VLOOKUP($B56,grondstoffen!$B$121:$AP$130,33,FALSE))) | AI56: =IF($B56="","",IF(VLOOKUP($B56,grondstoffen!$B$121:$AP$130,34,FALSE)="","",VLOOKUP($B56,grondstoffen!$B$121:$AP$130,34,FALSE))) -> 29 | AJ56: =IF($B56="","",IF(VLOOKUP($B56,grondstoffen!$B$121:$AP$130,35,FALSE)="","",VLOOKUP($B56,grondstoffen!$B$121:$AP$130,35,FALSE))) | AK56: =IF($B56="","",IF(VLOOKUP($B56,grondstoffen!$B$121:$AP$130,36,FALSE)="","",VLOOKUP($B56,grondstoffen!$B$121:$AP$130,36,FALSE))) | AL56: =IF($B56="","",IF(VLOOKUP($B56,grondstoffen!$B$121:$AP$130,37,FALSE)="","",VLOOKUP($B56,grondstoffen!$B$121:$AP$130,37,FALSE))) | AM56: =IF($B56="","",IF(VLOOKUP($B56,grondstoffen!$B$121:$BG$130,38,FALSE)="","",VLOOKUP($B56,grondstoffen!$B$121:$BG$130,38,FALSE))) | AN56: =IF($B56="","",IF(VLOOKUP($B56,grondstoffen!$B$121:$BG$130,39,FALSE)="","",VLOOKUP($B56,grondstoffen!$B$121:$BG$130,39,FALSE))) | AO56: =IF($B56="","",IF(VLOOKUP($B56,grondstoffen!$B$121:$BG$130,40,FALSE)="","",VLOOKUP($B56,grondstoffen!$B$121:$BG$130,40,FALSE))) | AP56: =IF($B56="","",IF(VLOOKUP($B56,grondstoffen!$B$121:$BG$130,41,FALSE)="","",VLOOKUP($B56,grondstoffen!$B$121:$BG$130,41,FALSE))) | AQ56: =IF($B56="","",IF(VLOOKUP($B56,grondstoffen!$B$121:$BG$130,42,FALSE)="","",VLOOKUP($B56,grondstoffen!$B$121:$BG$130,42,FALSE))) -> 100 | AR56: =IF($B56="","",IF(VLOOKUP($B56,grondstoffen!$B$121:$BG$130,43,FALSE)="","",VLOOKUP($B56,grondstoffen!$B$121:$BG$130,43,FALSE))) -> 90 | AS56: =IF($B56="","",IF(VLOOKUP($B56,grondstoffen!$B$121:$BG$130,44,FALSE)="","",VLOOKUP($B56,grondstoffen!$B$121:$BG$130,44,FALSE))) -> 80 | AT56: =IF($B56="","",IF(VLOOKUP($B56,grondstoffen!$B$121:$BG$130,45,FALSE)="","",VLOOKUP($B56,grondstoffen!$B$121:$BG$130,45,FALSE))) -> 70 | AU56: =IF($B56="","",IF(VLOOKUP($B56,grondstoffen!$B$121:$BG$130,46,FALSE)="","",VLOOKUP($B56,grondstoffen!$B$121:$BG$130,46,FALSE))) -> 60 | AV56: =IF($B56="","",IF(VLOOKUP($B56,grondstoffen!$B$121:$BG$130,47,FALSE)="","",VLOOKUP($B56,grondstoffen!$B$121:$BG$130,47,FALSE))) -> 50 | AW56: =IF($B56="","",IF(VLOOKUP($B56,grondstoffen!$B$121:$BG$130,48,FALSE)="","",VLOOKUP($B56,grondstoffen!$B$121:$BG$130,48,FALSE))) -> 40 | AX56: =IF($B56="","",IF(VLOOKUP($B56,grondstoffen!$B$121:$BG$130,49,FALSE)="","",VLOOKUP($B56,grondstoffen!$B$121:$BG$130,49,FALSE))) -> 30 | AY56: =IF($B56="","",IF(VLOOKUP($B56,grondstoffen!$B$121:$BG$130,50,FALSE)="","",VLOOKUP($B56,grondstoffen!$B$121:$BG$130,50,FALSE))) -> 20 | AZ56: =IF($B56="","",IF(VLOOKUP($B56,grondstoffen!$B$121:$BG$130,51,FALSE)="","",VLOOKUP($B56,grondstoffen!$B$121:$BG$130,51,FALSE))) -> 10 | BA56: =IF($B56="","",IF(VLOOKUP($B56,grondstoffen!$B$121:$BG$130,52,FALSE)="","",VLOOKUP($B56,grondstoffen!$B$121:$BG$130,52,FALSE))) -> kalksteen en zandsteen | BE56: =IF($B56="","",IF(VLOOKUP($B56,grondstoffen!$B$121:$BG$130,56,FALSE)="","",VLOOKUP($B56,grondstoffen!$B$121:$BG$130,56,FALSE))) -> wegenbitumen
E57: =IF($B57="","",IF(VLOOKUP($B57,grondstoffen!$B$121:$AP$130,4,FALSE)="","",VLOOKUP($B57,grondstoffen!$B$121:$AP$130,4,FALSE))) | H57: =IF($B57="","",IF(VLOOKUP($B57,grondstoffen!$B$121:$AP$130,7,FALSE)="","",VLOOKUP($B57,grondstoffen!$B$121:$AP$130,7,FALSE))) | K57: =IF($B57="","",IF(VLOOKUP($B57,grondstoffen!$B$121:$AP$130,10,FALSE)="","",VLOOKUP($B57,grondstoffen!$B$121:$AP$130,10,FALSE))) | N57: =IF($B57="","",IF(VLOOKUP($B57,grondstoffen!$B$121:$AP$130,13,FALSE)="","",VLOOKUP($B57,grondstoffen!$B$121:$AP$130,13,FALSE))) | P57: =IF($B57="","",IF(VLOOKUP($B57,grondstoffen!$B$121:$AP$130,15,FALSE)="","",VLOOKUP($B57,grondstoffen!$B$121:$AP$130,15,FALSE))) | Q57: =IF($B57="","",IF(VLOOKUP($B57,grondstoffen!$B$121:$AP$130,16,FALSE)="","",VLOOKUP($B57,grondstoffen!$B$121:$AP$130,16,FALSE))) | S57: =IF($B57="","",IF(VLOOKUP($B57,grondstoffen!$B$121:$AP$130,18,FALSE)="","",VLOOKUP($B57,grondstoffen!$B$121:$AP$130,18,FALSE))) | U57: =IF($B57="","",IF(VLOOKUP($B57,grondstoffen!$B$121:$AP$130,20,FALSE)="","",VLOOKUP($B57,grondstoffen!$B$121:$AP$130,20,FALSE))) | W57: =IF($B57="","",IF(VLOOKUP($B57,grondstoffen!$B$121:$AP$130,22,FALSE)="","",VLOOKUP($B57,grondstoffen!$B$121:$AP$130,22,FALSE))) | Y57: =IF($B57="","",IF(VLOOKUP($B57,grondstoffen!$B$121:$AP$130,24,FALSE)="","",VLOOKUP($B57,grondstoffen!$B$121:$AP$130,24,FALSE))) | AA57: =IF($B57="","",IF(VLOOKUP($B57,grondstoffen!$B$121:$AP$130,26,FALSE)="","",VLOOKUP($B57,grondstoffen!$B$121:$AP$130,26,FALSE))) | AC57: =IF($B57="",0,IF(VLOOKUP($B57,grondstoffen!$B$121:$AP$130,28,FALSE)="","",VLOOKUP($B57,grondstoffen!$B$121:$AP$130,28,FALSE))) -> 0 | AE57: =IF($B57="","",IF(VLOOKUP($B57,grondstoffen!$B$121:$AP$130,30,FALSE)="","",VLOOKUP($B57,grondstoffen!$B$121:$AP$130,30,FALSE))) | AG57: =IF($B57="","",IF(VLOOKUP($B57,grondstoffen!$B$121:$AP$130,32,FALSE)="","",VLOOKUP($B57,grondstoffen!$B$121:$AP$130,32,FALSE))) | AH57: =IF($B57="","",IF(VLOOKUP($B57,grondstoffen!$B$121:$AP$130,33,FALSE)="","",VLOOKUP($B57,grondstoffen!$B$121:$AP$130,33,FALSE))) | AI57: =IF($B57="","",IF(VLOOKUP($B57,grondstoffen!$B$121:$AP$130,34,FALSE)="","",VLOOKUP($B57,grondstoffen!$B$121:$AP$130,34,FALSE))) | AJ57: =IF($B57="","",IF(VLOOKUP($B57,grondstoffen!$B$121:$AP$130,35,FALSE)="","",VLOOKUP($B57,grondstoffen!$B$121:$AP$130,35,FALSE))) | AK57: =IF($B57="","",IF(VLOOKUP($B57,grondstoffen!$B$121:$AP$130,36,FALSE)="","",VLOOKUP($B57,grondstoffen!$B$121:$AP$130,36,FALSE))) | AL57: =IF($B57="","",IF(VLOOKUP($B57,grondstoffen!$B$121:$AP$130,37,FALSE)="","",VLOOKUP($B57,grondstoffen!$B$121:$AP$130,37,FALSE))) | AM57: =IF($B57="","",IF(VLOOKUP($B57,grondstoffen!$B$121:$BG$130,38,FALSE)="","",VLOOKUP($B57,grondstoffen!$B$121:$BG$130,38,FALSE))) | AN57: =IF($B57="","",IF(VLOOKUP($B57,grondstoffen!$B$121:$BG$130,39,FALSE)="","",VLOOKUP($B57,grondstoffen!$B$121:$BG$130,39,FALSE))) | AO57: =IF($B57="","",IF(VLOOKUP($B57,grondstoffen!$B$121:$BG$130,40,FALSE)="","",VLOOKUP($B57,grondstoffen!$B$121:$BG$130,40,FALSE))) | AP57: =IF($B57="","",IF(VLOOKUP($B57,grondstoffen!$B$121:$BG$130,41,FALSE)="","",VLOOKUP($B57,grondstoffen!$B$121:$BG$130,41,FALSE))) | AQ57: =IF($B57="","",IF(VLOOKUP($B57,grondstoffen!$B$121:$BG$130,42,FALSE)="","",VLOOKUP($B57,grondstoffen!$B$121:$BG$130,42,FALSE))) | AR57: =IF($B57="","",IF(VLOOKUP($B57,grondstoffen!$B$121:$BG$130,43,FALSE)="","",VLOOKUP($B57,grondstoffen!$B$121:$BG$130,43,FALSE))) | AS57: =IF($B57="","",IF(VLOOKUP($B57,grondstoffen!$B$121:$BG$130,44,FALSE)="","",VLOOKUP($B57,grondstoffen!$B$121:$BG$130,44,FALSE))) | AT57: =IF($B57="","",IF(VLOOKUP($B57,grondstoffen!$B$121:$BG$130,45,FALSE)="","",VLOOKUP($B57,grondstoffen!$B$121:$BG$130,45,FALSE))) | AU57: =IF($B57="","",IF(VLOOKUP($B57,grondstoffen!$B$121:$BG$130,46,FALSE)="","",VLOOKUP($B57,grondstoffen!$B$121:$BG$130,46,FALSE))) | AV57: =IF($B57="","",IF(VLOOKUP($B57,grondstoffen!$B$121:$BG$130,47,FALSE)="","",VLOOKUP($B57,grondstoffen!$B$121:$BG$130,47,FALSE))) | AW57: =IF($B57="","",IF(VLOOKUP($B57,grondstoffen!$B$121:$BG$130,48,FALSE)="","",VLOOKUP($B57,grondstoffen!$B$121:$BG$130,48,FALSE))) | AX57: =IF($B57="","",IF(VLOOKUP($B57,grondstoffen!$B$121:$BG$130,49,FALSE)="","",VLOOKUP($B57,grondstoffen!$B$121:$BG$130,49,FALSE))) | AY57: =IF($B57="","",IF(VLOOKUP($B57,grondstoffen!$B$121:$BG$130,50,FALSE)="","",VLOOKUP($B57,grondstoffen!$B$121:$BG$130,50,FALSE))) | AZ57: =IF($B57="","",IF(VLOOKUP($B57,grondstoffen!$B$121:$BG$130,51,FALSE)="","",VLOOKUP($B57,grondstoffen!$B$121:$BG$130,51,FALSE))) | BA57: =IF($B57="","",IF(VLOOKUP($B57,grondstoffen!$B$121:$BG$130,52,FALSE)="","",VLOOKUP($B57,grondstoffen!$B$121:$BG$130,52,FALSE))) | BE57: =IF($B57="","",IF(VLOOKUP($B57,grondstoffen!$B$121:$BG$130,56,FALSE)="","",VLOOKUP($B57,grondstoffen!$B$121:$BG$130,56,FALSE)))
E58: =IF($B58="","",IF(VLOOKUP($B58,grondstoffen!$B$121:$AP$130,4,FALSE)="","",VLOOKUP($B58,grondstoffen!$B$121:$AP$130,4,FALSE))) | H58: =IF($B58="","",IF(VLOOKUP($B58,grondstoffen!$B$121:$AP$130,7,FALSE)="","",VLOOKUP($B58,grondstoffen!$B$121:$AP$130,7,FALSE))) | K58: =IF($B58="","",IF(VLOOKUP($B58,grondstoffen!$B$121:$AP$130,10,FALSE)="","",VLOOKUP($B58,grondstoffen!$B$121:$AP$130,10,FALSE))) | N58: =IF($B58="","",IF(VLOOKUP($B58,grondstoffen!$B$121:$AP$130,13,FALSE)="","",VLOOKUP($B58,grondstoffen!$B$121:$AP$130,13,FALSE))) | P58: =IF($B58="","",IF(VLOOKUP($B58,grondstoffen!$B$121:$AP$130,15,FALSE)="","",VLOOKUP($B58,grondstoffen!$B$121:$AP$130,15,FALSE))) | Q58: =IF($B58="","",IF(VLOOKUP($B58,grondstoffen!$B$121:$AP$130,16,FALSE)="","",VLOOKUP($B58,grondstoffen!$B$121:$AP$130,16,FALSE))) | S58: =IF($B58="","",IF(VLOOKUP($B58,grondstoffen!$B$121:$AP$130,18,FALSE)="","",VLOOKUP($B58,grondstoffen!$B$121:$AP$130,18,FALSE))) | U58: =IF($B58="","",IF(VLOOKUP($B58,grondstoffen!$B$121:$AP$130,20,FALSE)="","",VLOOKUP($B58,grondstoffen!$B$121:$AP$130,20,FALSE))) | W58: =IF($B58="","",IF(VLOOKUP($B58,grondstoffen!$B$121:$AP$130,22,FALSE)="","",VLOOKUP($B58,grondstoffen!$B$121:$AP$130,22,FALSE))) | Y58: =IF($B58="","",IF(VLOOKUP($B58,grondstoffen!$B$121:$AP$130,24,FALSE)="","",VLOOKUP($B58,grondstoffen!$B$121:$AP$130,24,FALSE))) | AA58: =IF($B58="","",IF(VLOOKUP($B58,grondstoffen!$B$121:$AP$130,26,FALSE)="","",VLOOKUP($B58,grondstoffen!$B$121:$AP$130,26,FALSE))) | AC58: =IF($B58="",0,IF(VLOOKUP($B58,grondstoffen!$B$121:$AP$130,28,FALSE)="","",VLOOKUP($B58,grondstoffen!$B$121:$AP$130,28,FALSE))) -> 0 | AE58: =IF($B58="","",IF(VLOOKUP($B58,grondstoffen!$B$121:$AP$130,30,FALSE)="","",VLOOKUP($B58,grondstoffen!$B$121:$AP$130,30,FALSE))) | AG58: =IF($B58="","",IF(VLOOKUP($B58,grondstoffen!$B$121:$AP$130,32,FALSE)="","",VLOOKUP($B58,grondstoffen!$B$121:$AP$130,32,FALSE))) | AH58: =IF($B58="","",IF(VLOOKUP($B58,grondstoffen!$B$121:$AP$130,33,FALSE)="","",VLOOKUP($B58,grondstoffen!$B$121:$AP$130,33,FALSE))) | AI58: =IF($B58="","",IF(VLOOKUP($B58,grondstoffen!$B$121:$AP$130,34,FALSE)="","",VLOOKUP($B58,grondstoffen!$B$121:$AP$130,34,FALSE))) | AJ58: =IF($B58="","",IF(VLOOKUP($B58,grondstoffen!$B$121:$AP$130,35,FALSE)="","",VLOOKUP($B58,grondstoffen!$B$121:$AP$130,35,FALSE))) | AK58: =IF($B58="","",IF(VLOOKUP($B58,grondstoffen!$B$121:$AP$130,36,FALSE)="","",VLOOKUP($B58,grondstoffen!$B$121:$AP$130,36,FALSE))) | AL58: =IF($B58="","",IF(VLOOKUP($B58,grondstoffen!$B$121:$AP$130,37,FALSE)="","",VLOOKUP($B58,grondstoffen!$B$121:$AP$130,37,FALSE))) | AM58: =IF($B58="","",IF(VLOOKUP($B58,grondstoffen!$B$121:$BG$130,38,FALSE)="","",VLOOKUP($B58,grondstoffen!$B$121:$BG$130,38,FALSE))) | AN58: =IF($B58="","",IF(VLOOKUP($B58,grondstoffen!$B$121:$BG$130,39,FALSE)="","",VLOOKUP($B58,grondstoffen!$B$121:$BG$130,39,FALSE))) | AO58: =IF($B58="","",IF(VLOOKUP($B58,grondstoffen!$B$121:$BG$130,40,FALSE)="","",VLOOKUP($B58,grondstoffen!$B$121:$BG$130,40,FALSE))) | AP58: =IF($B58="","",IF(VLOOKUP($B58,grondstoffen!$B$121:$BG$130,41,FALSE)="","",VLOOKUP($B58,grondstoffen!$B$121:$BG$130,41,FALSE))) | AQ58: =IF($B58="","",IF(VLOOKUP($B58,grondstoffen!$B$121:$BG$130,42,FALSE)="","",VLOOKUP($B58,grondstoffen!$B$121:$BG$130,42,FALSE))) | AR58: =IF($B58="","",IF(VLOOKUP($B58,grondstoffen!$B$121:$BG$130,43,FALSE)="","",VLOOKUP($B58,grondstoffen!$B$121:$BG$130,43,FALSE))) | AS58: =IF($B58="","",IF(VLOOKUP($B58,grondstoffen!$B$121:$BG$130,44,FALSE)="","",VLOOKUP($B58,grondstoffen!$B$121:$BG$130,44,FALSE))) | AT58: =IF($B58="","",IF(VLOOKUP($B58,grondstoffen!$B$121:$BG$130,45,FALSE)="","",VLOOKUP($B58,grondstoffen!$B$121:$BG$130,45,FALSE))) | AU58: =IF($B58="","",IF(VLOOKUP($B58,grondstoffen!$B$121:$BG$130,46,FALSE)="","",VLOOKUP($B58,grondstoffen!$B$121:$BG$130,46,FALSE))) | AV58: =IF($B58="","",IF(VLOOKUP($B58,grondstoffen!$B$121:$BG$130,47,FALSE)="","",VLOOKUP($B58,grondstoffen!$B$121:$BG$130,47,FALSE))) | AW58: =IF($B58="","",IF(VLOOKUP($B58,grondstoffen!$B$121:$BG$130,48,FALSE)="","",VLOOKUP($B58,grondstoffen!$B$121:$BG$130,48,FALSE))) | AX58: =IF($B58="","",IF(VLOOKUP($B58,grondstoffen!$B$121:$BG$130,49,FALSE)="","",VLOOKUP($B58,grondstoffen!$B$121:$BG$130,49,FALSE))) | AY58: =IF($B58="","",IF(VLOOKUP($B58,grondstoffen!$B$121:$BG$130,50,FALSE)="","",VLOOKUP($B58,grondstoffen!$B$121:$BG$130,50,FALSE))) | AZ58: =IF($B58="","",IF(VLOOKUP($B58,grondstoffen!$B$121:$BG$130,51,FALSE)="","",VLOOKUP($B58,grondstoffen!$B$121:$BG$130,51,FALSE))) | BA58: =IF($B58="","",IF(VLOOKUP($B58,grondstoffen!$B$121:$BG$130,52,FALSE)="","",VLOOKUP($B58,grondstoffen!$B$121:$BG$130,52,FALSE))) | BE58: =IF($B58="","",IF(VLOOKUP($B58,grondstoffen!$B$121:$BG$130,56,FALSE)="","",VLOOKUP($B58,grondstoffen!$B$121:$BG$130,56,FALSE)))
C60: Hoeveelheid: Toegevoegd gehalte asfaltgranulaat (gerecycleerd aggregaat én bindmiddel samen) in het bitumineus mengsel.
B61: Nummer: Kies de nummers van de grondstoffen die u wil selecteren uit het blad 'grondstoffen'.
B64: TOEVOEGSELS
B65: Nr. | C65: Hoeveelheid | E65: Soort | H65: Type en benaming | K65: Leverancier | N65: Herkomst | Q65: Keuring | S65: Volumemassa | U65: Volumemassa | W65: Korrelverdeling (in % doorval door de zeef van … mm) | AM65: Gehalte | AO65: Indringing | AQ65: Verweking t R&K | AS65: Holle ruimte
S66: aggregaatfractie | U66: oplosbare fractie | AM66: oplosbare fractie | AO66: oplosbare fractie | AQ66: oplosbare fractie | AS66: vulstoffractie
C67: (%) | S67: (Mg/m³) | U67: (Mg/m³) | W67: =berekeningen!D9 -> 40 | X67: =berekeningen!E9 -> 31.5 | Y67: =berekeningen!F9 -> 20 | Z67: =berekeningen!G9 -> 16 | AA67: =berekeningen!H9 -> 14 | AB67: =berekeningen!I9 -> 12.5 | AC67: =berekeningen!J9 -> 10 | AD67: =berekeningen!K9 -> 8 | ... AL67: =berekeningen!S9 -> 0.063 | AM67: (%) | AO67: (mm/10) | AQ67: (mm/10) | AS67: (%)
A68: 81-82 | B68: 81 | C68: 0.33 | E68: =IF($B68="","",IF(VLOOKUP($B68,grondstoffen!$B$156:$AL$157,4,FALSE)="","",VLOOKUP($B68,grondstoffen!$B$156:$AL$157,4,FALSE))) -> Afdruipremmer | H68: =IF($B68="","",IF(VLOOKUP($B68,grondstoffen!$B$156:$AL$157,7,FALSE)="","",VLOOKUP($B68,grondstoffen!$B$156:$AL$157,7,FALSE))) -> Cellulose Viatop Premium | K68: =IF($B68="","",IF(VLOOKUP($B68,grondstoffen!$B$156:$AL$157,10,FALSE)="","",VLOOKUP($B68,grondstoffen!$B$156:$AL$157,10,FALSE))) -> JRS | N68: =IF($B68="","",IF(VLOOKUP($B68,grondstoffen!$B$156:$AL$157,13,FALSE)="","",VLOOKUP($B68,grondstoffen!$B$156:$AL$157,13,FALSE))) -> Rosenberg, D. | Q68: =IF($B68="","",IF(VLOOKUP($B68,grondstoffen!$B$156:$AL$157,16,FALSE)="","",VLOOKUP($B68,grondstoffen!$B$156:$AL$157,16,FALSE))) -> COPRO
E69: =IF($B69="","",IF(VLOOKUP($B69,grondstoffen!$B$156:$AL$157,4,FALSE)="","",VLOOKUP($B69,grondstoffen!$B$156:$AL$157,4,FALSE))) | H69: =IF($B69="","",IF(VLOOKUP($B69,grondstoffen!$B$156:$AL$157,7,FALSE)="","",VLOOKUP($B69,grondstoffen!$B$156:$AL$157,7,FALSE))) | K69: =IF($B69="","",IF(VLOOKUP($B69,grondstoffen!$B$156:$AL$157,10,FALSE)="","",VLOOKUP($B69,grondstoffen!$B$156:$AL$157,10,FALSE))) | N69: =IF($B69="","",IF(VLOOKUP($B69,grondstoffen!$B$156:$AL$157,13,FALSE)="","",VLOOKUP($B69,grondstoffen!$B$156:$AL$157,13,FALSE))) | Q69: =IF($B69="","",IF(VLOOKUP($B69,grondstoffen!$B$156:$AL$157,16,FALSE)="","",VLOOKUP($B69,grondstoffen!$B$156:$AL$157,16,FALSE)))
A70: 83-95 | B70: 83 | C70: 2.82 | E70: =IF($B70="","",IF(VLOOKUP($B70,grondstoffen!$B$158:$AL$170,4,FALSE)="","",VLOOKUP($B70,grondstoffen!$B$158:$AL$170,4,FALSE))) -> Rode kleurstof | H70: =IF($B70="","",IF(VLOOKUP($B70,grondstoffen!$B$158:$AL$170,7,FALSE)="","",VLOOKUP($B70,grondstoffen!$B$158:$AL$170,7,FALSE))) -> Bayferrox 130 | K70: =IF($B70="","",IF(VLOOKUP($B70,grondstoffen!$B$158:$AL$170,10,FALSE)="","",VLOOKUP($B70,grondstoffen!$B$158:$AL$170,10,FALSE))) -> Catay | N70: =IF($B70="","",IF(VLOOKUP($B70,grondstoffen!$B$158:$AL$170,13,FALSE)="","",VLOOKUP($B70,grondstoffen!$B$158:$AL$170,13,FALSE))) -> China | Q70: =IF($B70="","",IF(VLOOKUP($B70,grondstoffen!$B$158:$AL$170,16,FALSE)="","",VLOOKUP($B70,grondstoffen!$B$158:$AL$170,16,FALSE))) -> bouwheer | S70: =IF($B70="","",IF(VLOOKUP($B70,grondstoffen!$B$158:$AL$170,18,FALSE)="","",VLOOKUP($B70,grondstoffen!$B$158:$AL$170,18,FALSE))) -> 5 | W70: =IF($B70="","",IF(VLOOKUP($B70,grondstoffen!$B$158:$AL$170,22,FALSE)="","",VLOOKUP($B70,grondstoffen!$B$158:$AL$170,22,FALSE))) | X70: =IF($B70="","",IF(VLOOKUP($B70,grondstoffen!$B$158:$AL$170,23,FALSE)="","",VLOOKUP($B70,grondstoffen!$B$158:$AL$170,23,FALSE))) | Y70: =IF($B70="","",IF(VLOOKUP($B70,grondstoffen!$B$158:$AL$170,24,FALSE)="","",VLOOKUP($B70,grondstoffen!$B$158:$AL$170,24,FALSE))) | Z70: =IF($B70="","",IF(VLOOKUP($B70,grondstoffen!$B$158:$AL$170,25,FALSE)="","",VLOOKUP($B70,grondstoffen!$B$158:$AL$170,25,FALSE))) | AA70: =IF($B70="","",IF(VLOOKUP($B70,grondstoffen!$B$158:$AL$170,26,FALSE)="","",VLOOKUP($B70,grondstoffen!$B$158:$AL$170,26,FALSE))) | AB70: =IF($B70="","",IF(VLOOKUP($B70,grondstoffen!$B$158:$AL$170,27,FALSE)="","",VLOOKUP($B70,grondstoffen!$B$158:$AL$170,27,FALSE))) | AC70: =IF($B70="","",IF(VLOOKUP($B70,grondstoffen!$B$158:$AL$170,28,FALSE)="","",VLOOKUP($B70,grondstoffen!$B$158:$AL$170,28,FALSE))) | AD70: =IF($B70="","",IF(VLOOKUP($B70,grondstoffen!$B$158:$AL$170,29,FALSE)="","",VLOOKUP($B70,grondstoffen!$B$158:$AL$170,29,FALSE))) | AE70: =IF($B70="","",IF(VLOOKUP($B70,grondstoffen!$B$158:$AL$170,30,FALSE)="","",VLOOKUP($B70,grondstoffen!$B$158:$AL$170,30,FALSE))) | AF70: =IF($B70="","",IF(VLOOKUP($B70,grondstoffen!$B$158:$AL$170,31,FALSE)="","",VLOOKUP($B70,grondstoffen!$B$158:$AL$170,31,FALSE))) | AG70: =IF($B70="","",IF(VLOOKUP($B70,grondstoffen!$B$158:$AL$170,32,FALSE)="","",VLOOKUP($B70,grondstoffen!$B$158:$AL$170,32,FALSE))) | AH70: =IF($B70="","",IF(VLOOKUP($B70,grondstoffen!$B$158:$AL$170,33,FALSE)="","",VLOOKUP($B70,grondstoffen!$B$158:$AL$170,33,FALSE))) | AI70: =IF($B70="","",IF(VLOOKUP($B70,grondstoffen!$B$158:$AL$170,34,FALSE)="","",VLOOKUP($B70,grondstoffen!$B$158:$AL$170,34,FALSE))) | AJ70: =IF($B70="","",IF(VLOOKUP($B70,grondstoffen!$B$158:$AL$170,35,FALSE)="","",VLOOKUP($B70,grondstoffen!$B$158:$AL$170,35,FALSE))) | AK70: =IF($B70="","",IF(VLOOKUP($B70,grondstoffen!$B$158:$AL$170,36,FALSE)="","",VLOOKUP($B70,grondstoffen!$B$158:$AL$170,36,FALSE))) | AL70: =IF($B70="","",IF(VLOOKUP($B70,grondstoffen!$B$158:$AL$170,37,FALSE)="","",VLOOKUP($B70,grondstoffen!$B$158:$AL$170,37,FALSE))) -> 100 | AS70: =IF($B70="","",IF(VLOOKUP($B70,grondstoffen!$B$158:$AT$170,44,FALSE)="","",VLOOKUP($B70,grondstoffen!$B$158:$AT$170,44,FALSE))) -> 40
E71: =IF($B71="","",IF(VLOOKUP($B71,grondstoffen!$B$158:$AL$170,4,FALSE)="","",VLOOKUP($B71,grondstoffen!$B$158:$AL$170,4,FALSE))) | H71: =IF($B71="","",IF(VLOOKUP($B71,grondstoffen!$B$158:$AL$170,7,FALSE)="","",VLOOKUP($B71,grondstoffen!$B$158:$AL$170,7,FALSE))) | K71: =IF($B71="","",IF(VLOOKUP($B71,grondstoffen!$B$158:$AL$170,10,FALSE)="","",VLOOKUP($B71,grondstoffen!$B$158:$AL$170,10,FALSE))) | N71: =IF($B71="","",IF(VLOOKUP($B71,grondstoffen!$B$158:$AL$170,13,FALSE)="","",VLOOKUP($B71,grondstoffen!$B$158:$AL$170,13,FALSE))) | Q71: =IF($B71="","",IF(VLOOKUP($B71,grondstoffen!$B$158:$AL$170,16,FALSE)="","",VLOOKUP($B71,grondstoffen!$B$158:$AL$170,16,FALSE))) | S71: =IF($B71="","",IF(VLOOKUP($B71,grondstoffen!$B$158:$AL$170,18,FALSE)="","",VLOOKUP($B71,grondstoffen!$B$158:$AL$170,18,FALSE))) | W71: =IF($B71="","",IF(VLOOKUP($B71,grondstoffen!$B$158:$AL$170,22,FALSE)="","",VLOOKUP($B71,grondstoffen!$B$158:$AL$170,22,FALSE))) | X71: =IF($B71="","",IF(VLOOKUP($B71,grondstoffen!$B$158:$AL$170,23,FALSE)="","",VLOOKUP($B71,grondstoffen!$B$158:$AL$170,23,FALSE))) | Y71: =IF($B71="","",IF(VLOOKUP($B71,grondstoffen!$B$158:$AL$170,24,FALSE)="","",VLOOKUP($B71,grondstoffen!$B$158:$AL$170,24,FALSE))) | Z71: =IF($B71="","",IF(VLOOKUP($B71,grondstoffen!$B$158:$AL$170,25,FALSE)="","",VLOOKUP($B71,grondstoffen!$B$158:$AL$170,25,FALSE))) | AA71: =IF($B71="","",IF(VLOOKUP($B71,grondstoffen!$B$158:$AL$170,26,FALSE)="","",VLOOKUP($B71,grondstoffen!$B$158:$AL$170,26,FALSE))) | AB71: =IF($B71="","",IF(VLOOKUP($B71,grondstoffen!$B$158:$AL$170,27,FALSE)="","",VLOOKUP($B71,grondstoffen!$B$158:$AL$170,27,FALSE))) | AC71: =IF($B71="","",IF(VLOOKUP($B71,grondstoffen!$B$158:$AL$170,28,FALSE)="","",VLOOKUP($B71,grondstoffen!$B$158:$AL$170,28,FALSE))) | AD71: =IF($B71="","",IF(VLOOKUP($B71,grondstoffen!$B$158:$AL$170,29,FALSE)="","",VLOOKUP($B71,grondstoffen!$B$158:$AL$170,29,FALSE))) | AE71: =IF($B71="","",IF(VLOOKUP($B71,grondstoffen!$B$158:$AL$170,30,FALSE)="","",VLOOKUP($B71,grondstoffen!$B$158:$AL$170,30,FALSE))) | AF71: =IF($B71="","",IF(VLOOKUP($B71,grondstoffen!$B$158:$AL$170,31,FALSE)="","",VLOOKUP($B71,grondstoffen!$B$158:$AL$170,31,FALSE))) | AG71: =IF($B71="","",IF(VLOOKUP($B71,grondstoffen!$B$158:$AL$170,32,FALSE)="","",VLOOKUP($B71,grondstoffen!$B$158:$AL$170,32,FALSE))) | AH71: =IF($B71="","",IF(VLOOKUP($B71,grondstoffen!$B$158:$AL$170,33,FALSE)="","",VLOOKUP($B71,grondstoffen!$B$158:$AL$170,33,FALSE))) | AI71: =IF($B71="","",IF(VLOOKUP($B71,grondstoffen!$B$158:$AL$170,34,FALSE)="","",VLOOKUP($B71,grondstoffen!$B$158:$AL$170,34,FALSE))) | AJ71: =IF($B71="","",IF(VLOOKUP($B71,grondstoffen!$B$158:$AL$170,35,FALSE)="","",VLOOKUP($B71,grondstoffen!$B$158:$AL$170,35,FALSE))) | AK71: =IF($B71="","",IF(VLOOKUP($B71,grondstoffen!$B$158:$AL$170,36,FALSE)="","",VLOOKUP($B71,grondstoffen!$B$158:$AL$170,36,FALSE))) | AL71: =IF($B71="","",IF(VLOOKUP($B71,grondstoffen!$B$158:$AL$170,37,FALSE)="","",VLOOKUP($B71,grondstoffen!$B$158:$AL$170,37,FALSE))) | AS71: =IF($B71="","",IF(VLOOKUP($B71,grondstoffen!$B$158:$AT$170,44,FALSE)="","",VLOOKUP($B71,grondstoffen!$B$158:$AT$170,44,FALSE)))
E72: =IF($B72="","",IF(VLOOKUP($B72,grondstoffen!$B$158:$AL$170,4,FALSE)="","",VLOOKUP($B72,grondstoffen!$B$158:$AL$170,4,FALSE))) | H72: =IF($B72="","",IF(VLOOKUP($B72,grondstoffen!$B$158:$AL$170,7,FALSE)="","",VLOOKUP($B72,grondstoffen!$B$158:$AL$170,7,FALSE))) | K72: =IF($B72="","",IF(VLOOKUP($B72,grondstoffen!$B$158:$AL$170,10,FALSE)="","",VLOOKUP($B72,grondstoffen!$B$158:$AL$170,10,FALSE))) | N72: =IF($B72="","",IF(VLOOKUP($B72,grondstoffen!$B$158:$AL$170,13,FALSE)="","",VLOOKUP($B72,grondstoffen!$B$158:$AL$170,13,FALSE))) | Q72: =IF($B72="","",IF(VLOOKUP($B72,grondstoffen!$B$158:$AL$170,16,FALSE)="","",VLOOKUP($B72,grondstoffen!$B$158:$AL$170,16,FALSE))) | S72: =IF($B72="","",IF(VLOOKUP($B72,grondstoffen!$B$158:$AL$170,18,FALSE)="","",VLOOKUP($B72,grondstoffen!$B$158:$AL$170,18,FALSE))) | W72: =IF($B72="","",IF(VLOOKUP($B72,grondstoffen!$B$158:$AL$170,22,FALSE)="","",VLOOKUP($B72,grondstoffen!$B$158:$AL$170,22,FALSE))) | X72: =IF($B72="","",IF(VLOOKUP($B72,grondstoffen!$B$158:$AL$170,23,FALSE)="","",VLOOKUP($B72,grondstoffen!$B$158:$AL$170,23,FALSE))) | Y72: =IF($B72="","",IF(VLOOKUP($B72,grondstoffen!$B$158:$AL$170,24,FALSE)="","",VLOOKUP($B72,grondstoffen!$B$158:$AL$170,24,FALSE))) | Z72: =IF($B72="","",IF(VLOOKUP($B72,grondstoffen!$B$158:$AL$170,25,FALSE)="","",VLOOKUP($B72,grondstoffen!$B$158:$AL$170,25,FALSE))) | AA72: =IF($B72="","",IF(VLOOKUP($B72,grondstoffen!$B$158:$AL$170,26,FALSE)="","",VLOOKUP($B72,grondstoffen!$B$158:$AL$170,26,FALSE))) | AB72: =IF($B72="","",IF(VLOOKUP($B72,grondstoffen!$B$158:$AL$170,27,FALSE)="","",VLOOKUP($B72,grondstoffen!$B$158:$AL$170,27,FALSE))) | AC72: =IF($B72="","",IF(VLOOKUP($B72,grondstoffen!$B$158:$AL$170,28,FALSE)="","",VLOOKUP($B72,grondstoffen!$B$158:$AL$170,28,FALSE))) | AD72: =IF($B72="","",IF(VLOOKUP($B72,grondstoffen!$B$158:$AL$170,29,FALSE)="","",VLOOKUP($B72,grondstoffen!$B$158:$AL$170,29,FALSE))) | AE72: =IF($B72="","",IF(VLOOKUP($B72,grondstoffen!$B$158:$AL$170,30,FALSE)="","",VLOOKUP($B72,grondstoffen!$B$158:$AL$170,30,FALSE))) | AF72: =IF($B72="","",IF(VLOOKUP($B72,grondstoffen!$B$158:$AL$170,31,FALSE)="","",VLOOKUP($B72,grondstoffen!$B$158:$AL$170,31,FALSE))) | AG72: =IF($B72="","",IF(VLOOKUP($B72,grondstoffen!$B$158:$AL$170,32,FALSE)="","",VLOOKUP($B72,grondstoffen!$B$158:$AL$170,32,FALSE))) | AH72: =IF($B72="","",IF(VLOOKUP($B72,grondstoffen!$B$158:$AL$170,33,FALSE)="","",VLOOKUP($B72,grondstoffen!$B$158:$AL$170,33,FALSE))) | AI72: =IF($B72="","",IF(VLOOKUP($B72,grondstoffen!$B$158:$AL$170,34,FALSE)="","",VLOOKUP($B72,grondstoffen!$B$158:$AL$170,34,FALSE))) | AJ72: =IF($B72="","",IF(VLOOKUP($B72,grondstoffen!$B$158:$AL$170,35,FALSE)="","",VLOOKUP($B72,grondstoffen!$B$158:$AL$170,35,FALSE))) | AK72: =IF($B72="","",IF(VLOOKUP($B72,grondstoffen!$B$158:$AL$170,36,FALSE)="","",VLOOKUP($B72,grondstoffen!$B$158:$AL$170,36,FALSE))) | AL72: =IF($B72="","",IF(VLOOKUP($B72,grondstoffen!$B$158:$AL$170,37,FALSE)="","",VLOOKUP($B72,grondstoffen!$B$158:$AL$170,37,FALSE))) | AS72: =IF($B72="","",IF(VLOOKUP($B72,grondstoffen!$B$158:$AT$170,44,FALSE)="","",VLOOKUP($B72,grondstoffen!$B$158:$AT$170,44,FALSE)))
A73: 96-97 | B73: 96 | D73: 5 | E73: =IF($B73="","",IF(VLOOKUP($B73,grondstoffen!$B$171:$AL$172,4,FALSE)="","",VLOOKUP($B73,grondstoffen!$B$171:$AL$172,4,FALSE))) -> Trinidad | H73: =IF($B73="","",IF(VLOOKUP($B73,grondstoffen!$B$171:$AL$172,7,FALSE)="","",VLOOKUP($B73,grondstoffen!$B$171:$AL$172,7,FALSE))) -> Epurée Z0/8 | K73: =IF($B73="","",IF(VLOOKUP($B73,grondstoffen!$B$171:$AL$172,10,FALSE)="","",VLOOKUP($B73,grondstoffen!$B$171:$AL$172,10,FALSE))) -> Lumat | N73: =IF($B73="","",IF(VLOOKUP($B73,grondstoffen!$B$171:$AL$172,13,FALSE)="","",VLOOKUP($B73,grondstoffen!$B$171:$AL$172,13,FALSE))) -> Trinidad Lake | Q73: =IF($B73="","",IF(VLOOKUP($B73,grondstoffen!$B$171:$AL$172,16,FALSE)="","",VLOOKUP($B73,grondstoffen!$B$171:$AL$172,16,FALSE))) -> partijkeuring | S73: =IF($B73="","",IF(VLOOKUP($B73,grondstoffen!$B$171:$AL$172,18,FALSE)="","",VLOOKUP($B73,grondstoffen!$B$171:$AL$172,18,FALSE))) -> 1.809 | U73: =IF($B73="","",IF(VLOOKUP($B73,grondstoffen!$B$171:$AL$172,20,FALSE)="","",VLOOKUP($B73,grondstoffen!$B$171:$AL$172,20,FALSE))) -> 1.07 | W73: =IF($B73="","",IF(VLOOKUP($B73,grondstoffen!$B$171:$AL$172,22,FALSE)="","",VLOOKUP($B73,grondstoffen!$B$171:$AL$172,22,FALSE))) | X73: =IF($B73="","",IF(VLOOKUP($B73,grondstoffen!$B$171:$AL$172,23,FALSE)="","",VLOOKUP($B73,grondstoffen!$B$171:$AL$172,23,FALSE))) | Y73: =IF($B73="","",IF(VLOOKUP($B73,grondstoffen!$B$171:$AL$172,24,FALSE)="","",VLOOKUP($B73,grondstoffen!$B$171:$AL$172,24,FALSE))) | Z73: =IF($B73="","",IF(VLOOKUP($B73,grondstoffen!$B$171:$AL$172,25,FALSE)="","",VLOOKUP($B73,grondstoffen!$B$171:$AL$172,25,FALSE))) | AA73: =IF($B73="","",IF(VLOOKUP($B73,grondstoffen!$B$171:$AL$172,26,FALSE)="","",VLOOKUP($B73,grondstoffen!$B$171:$AL$172,26,FALSE))) | AB73: =IF($B73="","",IF(VLOOKUP($B73,grondstoffen!$B$171:$AL$172,27,FALSE)="","",VLOOKUP($B73,grondstoffen!$B$171:$AL$172,27,FALSE))) | AC73: =IF($B73="","",IF(VLOOKUP($B73,grondstoffen!$B$171:$AL$172,28,FALSE)="","",VLOOKUP($B73,grondstoffen!$B$171:$AL$172,28,FALSE))) | AD73: =IF($B73="","",IF(VLOOKUP($B73,grondstoffen!$B$171:$AL$172,29,FALSE)="","",VLOOKUP($B73,grondstoffen!$B$171:$AL$172,29,FALSE))) | AE73: =IF($B73="","",IF(VLOOKUP($B73,grondstoffen!$B$171:$AL$172,30,FALSE)="","",VLOOKUP($B73,grondstoffen!$B$171:$AL$172,30,FALSE))) | AF73: =IF($B73="","",IF(VLOOKUP($B73,grondstoffen!$B$171:$AL$172,31,FALSE)="","",VLOOKUP($B73,grondstoffen!$B$171:$AL$172,31,FALSE))) | AG73: =IF($B73="","",IF(VLOOKUP($B73,grondstoffen!$B$171:$AL$172,32,FALSE)="","",VLOOKUP($B73,grondstoffen!$B$171:$AL$172,32,FALSE))) | AH73: =IF($B73="","",IF(VLOOKUP($B73,grondstoffen!$B$171:$AL$172,33,FALSE)="","",VLOOKUP($B73,grondstoffen!$B$171:$AL$172,33,FALSE))) | AI73: =IF($B73="","",IF(VLOOKUP($B73,grondstoffen!$B$171:$AL$172,34,FALSE)="","",VLOOKUP($B73,grondstoffen!$B$171:$AL$172,34,FALSE))) | AJ73: =IF($B73="","",IF(VLOOKUP($B73,grondstoffen!$B$171:$AL$172,35,FALSE)="","",VLOOKUP($B73,grondstoffen!$B$171:$AL$172,35,FALSE))) -> 100 | AK73: =IF($B73="","",IF(VLOOKUP($B73,grondstoffen!$B$171:$AL$172,36,FALSE)="","",VLOOKUP($B73,grondstoffen!$B$171:$AL$172,36,FALSE))) -> 95 | AL73: =IF($B73="","",IF(VLOOKUP($B73,grondstoffen!$B$171:$AL$172,37,FALSE)="","",VLOOKUP($B73,grondstoffen!$B$171:$AL$172,37,FALSE))) -> 90 | AM73: =IF($B73="","",IF(VLOOKUP($B73,grondstoffen!$B$171:$AT$172,38,FALSE)="","",VLOOKUP($B73,grondstoffen!$B$171:$AT$172,38,FALSE))) -> 54 | AO73: =IF($B73="","",IF(VLOOKUP($B73,grondstoffen!$B$171:$AT$172,40,FALSE)="","",VLOOKUP($B73,grondstoffen!$B$171:$AT$172,40,FALSE))) -> 7.5 | AQ73: =IF($B73="","",IF(VLOOKUP($B73,grondstoffen!$B$171:$AT$172,42,FALSE)="","",VLOOKUP($B73,grondstoffen!$B$171:$AT$172,42,FALSE))) -> 73 | AS73: =IF($B73="","",IF(VLOOKUP($B73,grondstoffen!$B$171:$AT$172,44,FALSE)="","",VLOOKUP($B73,grondstoffen!$B$171:$AT$172,44,FALSE))) -> onb.
E74: =IF($B74="","",IF(VLOOKUP($B74,grondstoffen!$B$171:$AL$172,4,FALSE)="","",VLOOKUP($B74,grondstoffen!$B$171:$AL$172,4,FALSE))) | H74: =IF($B74="","",IF(VLOOKUP($B74,grondstoffen!$B$171:$AL$172,7,FALSE)="","",VLOOKUP($B74,grondstoffen!$B$171:$AL$172,7,FALSE))) | K74: =IF($B74="","",IF(VLOOKUP($B74,grondstoffen!$B$171:$AL$172,10,FALSE)="","",VLOOKUP($B74,grondstoffen!$B$171:$AL$172,10,FALSE))) | N74: =IF($B74="","",IF(VLOOKUP($B74,grondstoffen!$B$171:$AL$172,13,FALSE)="","",VLOOKUP($B74,grondstoffen!$B$171:$AL$172,13,FALSE))) | Q74: =IF($B74="","",IF(VLOOKUP($B74,grondstoffen!$B$171:$AL$172,16,FALSE)="","",VLOOKUP($B74,grondstoffen!$B$171:$AL$172,16,FALSE))) | S74: =IF($B74="","",IF(VLOOKUP($B74,grondstoffen!$B$171:$AL$172,18,FALSE)="","",VLOOKUP($B74,grondstoffen!$B$171:$AL$172,18,FALSE))) | U74: =IF($B74="","",IF(VLOOKUP($B74,grondstoffen!$B$171:$AL$172,20,FALSE)="","",VLOOKUP($B74,grondstoffen!$B$171:$AL$172,20,FALSE))) | W74: =IF($B74="","",IF(VLOOKUP($B74,grondstoffen!$B$171:$AL$172,22,FALSE)="","",VLOOKUP($B74,grondstoffen!$B$171:$AL$172,22,FALSE))) | X74: =IF($B74="","",IF(VLOOKUP($B74,grondstoffen!$B$171:$AL$172,23,FALSE)="","",VLOOKUP($B74,grondstoffen!$B$171:$AL$172,23,FALSE))) | Y74: =IF($B74="","",IF(VLOOKUP($B74,grondstoffen!$B$171:$AL$172,24,FALSE)="","",VLOOKUP($B74,grondstoffen!$B$171:$AL$172,24,FALSE))) | Z74: =IF($B74="","",IF(VLOOKUP($B74,grondstoffen!$B$171:$AL$172,25,FALSE)="","",VLOOKUP($B74,grondstoffen!$B$171:$AL$172,25,FALSE))) | AA74: =IF($B74="","",IF(VLOOKUP($B74,grondstoffen!$B$171:$AL$172,26,FALSE)="","",VLOOKUP($B74,grondstoffen!$B$171:$AL$172,26,FALSE))) | AB74: =IF($B74="","",IF(VLOOKUP($B74,grondstoffen!$B$171:$AL$172,27,FALSE)="","",VLOOKUP($B74,grondstoffen!$B$171:$AL$172,27,FALSE))) | AC74: =IF($B74="","",IF(VLOOKUP($B74,grondstoffen!$B$171:$AL$172,28,FALSE)="","",VLOOKUP($B74,grondstoffen!$B$171:$AL$172,28,FALSE))) | AD74: =IF($B74="","",IF(VLOOKUP($B74,grondstoffen!$B$171:$AL$172,29,FALSE)="","",VLOOKUP($B74,grondstoffen!$B$171:$AL$172,29,FALSE))) | AE74: =IF($B74="","",IF(VLOOKUP($B74,grondstoffen!$B$171:$AL$172,30,FALSE)="","",VLOOKUP($B74,grondstoffen!$B$171:$AL$172,30,FALSE))) | AF74: =IF($B74="","",IF(VLOOKUP($B74,grondstoffen!$B$171:$AL$172,31,FALSE)="","",VLOOKUP($B74,grondstoffen!$B$171:$AL$172,31,FALSE))) | AG74: =IF($B74="","",IF(VLOOKUP($B74,grondstoffen!$B$171:$AL$172,32,FALSE)="","",VLOOKUP($B74,grondstoffen!$B$171:$AL$172,32,FALSE))) | AH74: =IF($B74="","",IF(VLOOKUP($B74,grondstoffen!$B$171:$AL$172,33,FALSE)="","",VLOOKUP($B74,grondstoffen!$B$171:$AL$172,33,FALSE))) | AI74: =IF($B74="","",IF(VLOOKUP($B74,grondstoffen!$B$171:$AL$172,34,FALSE)="","",VLOOKUP($B74,grondstoffen!$B$171:$AL$172,34,FALSE))) | AJ74: =IF($B74="","",IF(VLOOKUP($B74,grondstoffen!$B$171:$AL$172,35,FALSE)="","",VLOOKUP($B74,grondstoffen!$B$171:$AL$172,35,FALSE))) | AK74: =IF($B74="","",IF(VLOOKUP($B74,grondstoffen!$B$171:$AL$172,36,FALSE)="","",VLOOKUP($B74,grondstoffen!$B$171:$AL$172,36,FALSE))) | AL74: =IF($B74="","",IF(VLOOKUP($B74,grondstoffen!$B$171:$AL$172,37,FALSE)="","",VLOOKUP($B74,grondstoffen!$B$171:$AL$172,37,FALSE))) | AM74: =IF($B74="","",IF(VLOOKUP($B74,grondstoffen!$B$171:$AT$172,38,FALSE)="","",VLOOKUP($B74,grondstoffen!$B$171:$AT$172,38,FALSE))) | AO74: =IF($B74="","",IF(VLOOKUP($B74,grondstoffen!$B$171:$AT$172,40,FALSE)="","",VLOOKUP($B74,grondstoffen!$B$171:$AT$172,40,FALSE))) | AQ74: =IF($B74="","",IF(VLOOKUP($B74,grondstoffen!$B$171:$AT$172,42,FALSE)="","",VLOOKUP($B74,grondstoffen!$B$171:$AT$172,42,FALSE))) | AS74: =IF($B74="","",IF(VLOOKUP($B74,grondstoffen!$B$171:$AT$172,44,FALSE)="","",VLOOKUP($B74,grondstoffen!$B$171:$AT$172,44,FALSE)))
A75: 98-100 | B75: 98 | C75: 0.03 | E75: =IF($B75="","",IF(VLOOKUP($B75,grondstoffen!$B$173:$AL$175,4,FALSE)="","",VLOOKUP($B75,grondstoffen!$B$173:$AL$175,4,FALSE))) -> Uintah | H75: =IF($B75="","",IF(VLOOKUP($B75,grondstoffen!$B$173:$AL$175,7,FALSE)="","",VLOOKUP($B75,grondstoffen!$B$173:$AL$175,7,FALSE))) -> Gilsonite | K75: =IF($B75="","",IF(VLOOKUP($B75,grondstoffen!$B$173:$AL$175,10,FALSE)="","",VLOOKUP($B75,grondstoffen!$B$173:$AL$175,10,FALSE))) -> MCA | N75: =IF($B75="","",IF(VLOOKUP($B75,grondstoffen!$B$173:$AL$175,13,FALSE)="","",VLOOKUP($B75,grondstoffen!$B$173:$AL$175,13,FALSE))) -> Uintah | Q75: =IF($B75="","",IF(VLOOKUP($B75,grondstoffen!$B$173:$AL$175,16,FALSE)="","",VLOOKUP($B75,grondstoffen!$B$173:$AL$175,16,FALSE))) -> COPRO | S75: =IF($B75="","",IF(VLOOKUP($B75,grondstoffen!$B$173:$AL$175,18,FALSE)="","",VLOOKUP($B75,grondstoffen!$B$173:$AL$175,18,FALSE))) | U75: =IF($B75="","",IF(VLOOKUP($B75,grondstoffen!$B$173:$AL$175,20,FALSE)="","",VLOOKUP($B75,grondstoffen!$B$173:$AL$175,20,FALSE))) -> 1.07 | AM75: =IF($B75="","",IF(VLOOKUP($B75,grondstoffen!$B$173:$AT$175,38,FALSE)="","",VLOOKUP($B75,grondstoffen!$B$173:$AT$175,38,FALSE))) -> 100 | AO75: =IF($B75="","",IF(VLOOKUP($B75,grondstoffen!$B$173:$AT$175,40,FALSE)="","",VLOOKUP($B75,grondstoffen!$B$173:$AT$175,40,FALSE))) | AQ75: =IF($B75="","",IF(VLOOKUP($B75,grondstoffen!$B$173:$AT$175,42,FALSE)="","",VLOOKUP($B75,grondstoffen!$B$173:$AT$175,42,FALSE))) | AS75: =IF($B75="","",IF(VLOOKUP($B75,grondstoffen!$B$173:$AT$175,44,FALSE)="","",VLOOKUP($B75,grondstoffen!$B$173:$AT$175,44,FALSE)))
E76: =IF($B76="","",IF(VLOOKUP($B76,grondstoffen!$B$173:$AL$175,4,FALSE)="","",VLOOKUP($B76,grondstoffen!$B$173:$AL$175,4,FALSE))) | H76: =IF($B76="","",IF(VLOOKUP($B76,grondstoffen!$B$173:$AL$175,7,FALSE)="","",VLOOKUP($B76,grondstoffen!$B$173:$AL$175,7,FALSE))) | K76: =IF($B76="","",IF(VLOOKUP($B76,grondstoffen!$B$173:$AL$175,10,FALSE)="","",VLOOKUP($B76,grondstoffen!$B$173:$AL$175,10,FALSE))) | N76: =IF($B76="","",IF(VLOOKUP($B76,grondstoffen!$B$173:$AL$175,13,FALSE)="","",VLOOKUP($B76,grondstoffen!$B$173:$AL$175,13,FALSE))) | Q76: =IF($B76="","",IF(VLOOKUP($B76,grondstoffen!$B$173:$AL$175,16,FALSE)="","",VLOOKUP($B76,grondstoffen!$B$173:$AL$175,16,FALSE))) | S76: =IF($B76="","",IF(VLOOKUP($B76,grondstoffen!$B$173:$AL$175,18,FALSE)="","",VLOOKUP($B76,grondstoffen!$B$173:$AL$175,18,FALSE))) | U76: =IF($B76="","",IF(VLOOKUP($B76,grondstoffen!$B$173:$AL$175,20,FALSE)="","",VLOOKUP($B76,grondstoffen!$B$173:$AL$175,20,FALSE))) | AM76: =IF($B76="","",IF(VLOOKUP($B76,grondstoffen!$B$173:$AT$175,38,FALSE)="","",VLOOKUP($B76,grondstoffen!$B$173:$AT$175,38,FALSE))) | AO76: =IF($B76="","",IF(VLOOKUP($B76,grondstoffen!$B$173:$AT$175,40,FALSE)="","",VLOOKUP($B76,grondstoffen!$B$173:$AT$175,40,FALSE))) | AQ76: =IF($B76="","",IF(VLOOKUP($B76,grondstoffen!$B$173:$AT$175,42,FALSE)="","",VLOOKUP($B76,grondstoffen!$B$173:$AT$175,42,FALSE))) | AS76: =IF($B76="","",IF(VLOOKUP($B76,grondstoffen!$B$173:$AT$175,44,FALSE)="","",VLOOKUP($B76,grondstoffen!$B$173:$AT$175,44,FALSE)))
E77: =IF($B77="","",IF(VLOOKUP($B77,grondstoffen!$B$173:$AL$175,4,FALSE)="","",VLOOKUP($B77,grondstoffen!$B$173:$AL$175,4,FALSE))) | H77: =IF($B77="","",IF(VLOOKUP($B77,grondstoffen!$B$173:$AL$175,7,FALSE)="","",VLOOKUP($B77,grondstoffen!$B$173:$AL$175,7,FALSE))) | K77: =IF($B77="","",IF(VLOOKUP($B77,grondstoffen!$B$173:$AL$175,10,FALSE)="","",VLOOKUP($B77,grondstoffen!$B$173:$AL$175,10,FALSE))) | N77: =IF($B77="","",IF(VLOOKUP($B77,grondstoffen!$B$173:$AL$175,13,FALSE)="","",VLOOKUP($B77,grondstoffen!$B$173:$AL$175,13,FALSE))) | Q77: =IF($B77="","",IF(VLOOKUP($B77,grondstoffen!$B$173:$AL$175,16,FALSE)="","",VLOOKUP($B77,grondstoffen!$B$173:$AL$175,16,FALSE))) | S77: =IF($B77="","",IF(VLOOKUP($B77,grondstoffen!$B$173:$AL$175,18,FALSE)="","",VLOOKUP($B77,grondstoffen!$B$173:$AL$175,18,FALSE))) | U77: =IF($B77="","",IF(VLOOKUP($B77,grondstoffen!$B$173:$AL$175,20,FALSE)="","",VLOOKUP($B77,grondstoffen!$B$173:$AL$175,20,FALSE))) | AM77: =IF($B77="","",IF(VLOOKUP($B77,grondstoffen!$B$173:$AT$175,38,FALSE)="","",VLOOKUP($B77,grondstoffen!$B$173:$AT$175,38,FALSE))) | AO77: =IF($B77="","",IF(VLOOKUP($B77,grondstoffen!$B$173:$AT$175,40,FALSE)="","",VLOOKUP($B77,grondstoffen!$B$173:$AT$175,40,FALSE))) | AQ77: =IF($B77="","",IF(VLOOKUP($B77,grondstoffen!$B$173:$AT$175,42,FALSE)="","",VLOOKUP($B77,grondstoffen!$B$173:$AT$175,42,FALSE))) | AS77: =IF($B77="","",IF(VLOOKUP($B77,grondstoffen!$B$173:$AT$175,44,FALSE)="","",VLOOKUP($B77,grondstoffen!$B$173:$AT$175,44,FALSE)))
C79: Hoeveelheid: OFWEL links het percentage in het mengsel (in aggregaatmengsel, dus excl. bindmiddel), OFWEL rechts het percentage in het bindmiddelmengsel.
B80: Nummer: Kies de nummers van de grondstoffen die u wil selecteren uit het blad 'grondstoffen'.
A83: GEGEVENS EN BEREKENINGEN GRONDSTOFMENGSELS
B85: AGGREGAATMENGSEL
B86: Nr. | C86: Verdeling | E86: Grondstof | H86: Type | K86: Korrelverdeling (in % doorval door de zeef van … mm)
C87: (%) | H87: Benaming | K87: =berekeningen!D9 -> 40 | L87: =berekeningen!E9 -> 31.5 | M87: =berekeningen!F9 -> 20 | N87: =berekeningen!G9 -> 16 | O87: =berekeningen!H9 -> 14 | P87: =berekeningen!I9 -> 12.5 | Q87: =berekeningen!J9 -> 10 | R87: =berekeningen!K9 -> 8 | ... Z87: =berekeningen!S9 -> 0.063
B88: =B8 -> 1 | C88: 5.1 | E88: =E8 -> Kalksteen | H88: =H8 -> 14/20 | K88: =berekeningen!D15*$C88/100 -> 5.1 | L88: =berekeningen!E15*$C88/100 -> 5.1 | M88: =berekeningen!F15*$C88/100 -> 5.049 | N88: =berekeningen!G15*$C88/100 -> 2.805 | O88: =berekeningen!H15*$C88/100 -> 1.275 | P88: =berekeningen!I15*$C88/100 -> 0.51 | Q88: =berekeningen!J15*$C88/100 -> 0.102 | R88: =berekeningen!K15*$C88/100 -> 0.051 | ... Z88: =berekeningen!S15*$C88/100 -> 0.0102
B89: =B9 -> 2 | C89: 10.2 | E89: =E9 -> Porfier | H89: =H9 -> 6/14 | K89: =berekeningen!D16*$C89/100 -> 10.2 | L89: =berekeningen!E16*$C89/100 -> 10.2 | M89: =berekeningen!F16*$C89/100 -> 10.2 | N89: =berekeningen!G16*$C89/100 -> 9.996 | O89: =berekeningen!H16*$C89/100 -> 9.894 | P89: =berekeningen!I16*$C89/100 -> 7.344 | Q89: =berekeningen!J16*$C89/100 -> 6.63 | R89: =berekeningen!K16*$C89/100 -> 4.488 | ... Z89: =berekeningen!S16*$C89/100 -> 0.0204
B90: =B10 -> 3 | C90: 15.3 | E90: =E10 -> Rode zandsteen | H90: =H10 -> 0/2 (0/0,05) | K90: =berekeningen!D17*$C90/100 -> 15.3 | L90: =berekeningen!E17*$C90/100 -> 15.3 | M90: =berekeningen!F17*$C90/100 -> 15.3 | N90: =berekeningen!G17*$C90/100 -> 15.3 | O90: =berekeningen!H17*$C90/100 -> 15.3 | P90: =berekeningen!I17*$C90/100 -> 15.3 | Q90: =berekeningen!J17*$C90/100 -> 15.3 | R90: =berekeningen!K17*$C90/100 -> 14.994 | ... Z90: =berekeningen!S17*$C90/100 -> 0.153
B91: =B11 -> 0 | C91: 0 | E91: =E11 | H91: =H11 | K91: =berekeningen!D18*$C91/100 -> 0 | L91: =berekeningen!E18*$C91/100 -> 0 | M91: =berekeningen!F18*$C91/100 -> 0 | N91: =berekeningen!G18*$C91/100 -> 0 | O91: =berekeningen!H18*$C91/100 -> 0 | P91: =berekeningen!I18*$C91/100 -> 0 | Q91: =berekeningen!J18*$C91/100 -> 0 | R91: =berekeningen!K18*$C91/100 -> 0 | ... Z91: =berekeningen!S18*$C91/100 -> 0
B92: =B12 -> 0 | C92: 0 | E92: =E12 | H92: =H12 | K92: =berekeningen!D19*$C92/100 -> 0 | L92: =berekeningen!E19*$C92/100 -> 0 | M92: =berekeningen!F19*$C92/100 -> 0 | N92: =berekeningen!G19*$C92/100 -> 0 | O92: =berekeningen!H19*$C92/100 -> 0 | P92: =berekeningen!I19*$C92/100 -> 0 | Q92: =berekeningen!J19*$C92/100 -> 0 | R92: =berekeningen!K19*$C92/100 -> 0 | ... Z92: =berekeningen!S19*$C92/100 -> 0
B93: =B13 -> 6 | C93: 35.3 | E93: =E13 -> Slakken | H93: =H13 -> 6/10 | K93: =berekeningen!D20*$C93/100 -> 35.3 | L93: =berekeningen!E20*$C93/100 -> 35.3 | M93: =berekeningen!F20*$C93/100 -> 35.3 | N93: =berekeningen!G20*$C93/100 -> 35.3 | O93: =berekeningen!H20*$C93/100 -> 35.3 | P93: =berekeningen!I20*$C93/100 -> 35.3 | Q93: =berekeningen!J20*$C93/100 -> 33.535 | R93: =berekeningen!K20*$C93/100 -> 17.65 | ... Z93: =berekeningen!S20*$C93/100 -> 0.353
B94: =B14 -> 11 | C94: 0 | E94: =E14 -> Kalksteen | H94: =H14 -> 14/20 | K94: =berekeningen!D21*$C94/100 -> 0 | L94: =berekeningen!E21*$C94/100 -> 0 | M94: =berekeningen!F21*$C94/100 -> 0 | N94: =berekeningen!G21*$C94/100 -> 0 | O94: =berekeningen!H21*$C94/100 -> 0 | P94: =berekeningen!I21*$C94/100 -> 0 | Q94: =berekeningen!J21*$C94/100 -> 0 | R94: =berekeningen!K21*$C94/100 -> 0 | ... Z94: =berekeningen!S21*$C94/100 -> 0
B95: =B15 -> 12 | C95: 0 | E95: =E15 -> Porfier | H95: =H15 -> 6/14 | K95: =berekeningen!D22*$C95/100 -> 0 | L95: =berekeningen!E22*$C95/100 -> 0 | M95: =berekeningen!F22*$C95/100 -> 0 | N95: =berekeningen!G22*$C95/100 -> 0 | O95: =berekeningen!H22*$C95/100 -> 0 | P95: =berekeningen!I22*$C95/100 -> 0 | Q95: =berekeningen!J22*$C95/100 -> 0 | R95: =berekeningen!K22*$C95/100 -> 0 | ... Z95: =berekeningen!S22*$C95/100 -> 0
B96: =B16 -> 16 | C96: 0 | E96: =E16 -> Slakken | H96: =H16 -> 6/10 | K96: =berekeningen!D23*$C96/100 -> 0 | L96: =berekeningen!E23*$C96/100 -> 0 | M96: =berekeningen!F23*$C96/100 -> 0 | N96: =berekeningen!G23*$C96/100 -> 0 | O96: =berekeningen!H23*$C96/100 -> 0 | P96: =berekeningen!I23*$C96/100 -> 0 | Q96: =berekeningen!J23*$C96/100 -> 0 | R96: =berekeningen!K23*$C96/100 -> 0 | ... Z96: =berekeningen!S23*$C96/100 -> 0
B97: =B17 -> 0 | C97: 0 | E97: =E17 | H97: =H17 | K97: =berekeningen!D24*$C97/100 -> 0 | L97: =berekeningen!E24*$C97/100 -> 0 | M97: =berekeningen!F24*$C97/100 -> 0 | N97: =berekeningen!G24*$C97/100 -> 0 | O97: =berekeningen!H24*$C97/100 -> 0 | P97: =berekeningen!I24*$C97/100 -> 0 | Q97: =berekeningen!J24*$C97/100 -> 0 | R97: =berekeningen!K24*$C97/100 -> 0 | ... Z97: =berekeningen!S24*$C97/100 -> 0
B98: =B26 -> 41 | C98: 0.55 | E98: =E26 -> Aanvoervulstof | H98: =H26 -> IIa | K98: =berekeningen!D25*$C98/100 -> 0.55 | L98: =berekeningen!E25*$C98/100 -> 0.55 | M98: =berekeningen!F25*$C98/100 -> 0.55 | N98: =berekeningen!G25*$C98/100 -> 0.55 | O98: =berekeningen!H25*$C98/100 -> 0.55 | P98: =berekeningen!I25*$C98/100 -> 0.55 | Q98: =berekeningen!J25*$C98/100 -> 0.55 | R98: =berekeningen!K25*$C98/100 -> 0.55 | ... Z98: =berekeningen!S25*$C98/100 -> 0.4675
B99: =B27 -> 0 | C99: 0 | E99: =E27 | H99: =H27 | K99: =berekeningen!D26*$C99/100 -> 0 | L99: =berekeningen!E26*$C99/100 -> 0 | M99: =berekeningen!F26*$C99/100 -> 0 | N99: =berekeningen!G26*$C99/100 -> 0 | O99: =berekeningen!H26*$C99/100 -> 0 | P99: =berekeningen!I26*$C99/100 -> 0 | Q99: =berekeningen!J26*$C99/100 -> 0 | R99: =berekeningen!K26*$C99/100 -> 0 | ... Z99: =berekeningen!S26*$C99/100 -> 0
B100: =B29 -> 0 | C100: 1 | E100: =E29 -> Extra teruggew. stof | K100: =berekeningen!D27*$C100/100 -> 1 | L100: =berekeningen!E27*$C100/100 -> 1 | M100: =berekeningen!F27*$C100/100 -> 1 | N100: =berekeningen!G27*$C100/100 -> 1 | O100: =berekeningen!H27*$C100/100 -> 1 | P100: =berekeningen!I27*$C100/100 -> 1 | Q100: =berekeningen!J27*$C100/100 -> 1 | R100: =berekeningen!K27*$C100/100 -> 1 | ... Z100: =berekeningen!S27*$C100/100 -> 1
B101: =B56 -> 71 | C101: =berekeningen!J11 -> 29.641186 | E101: =samenstelling!E56 -> Asfaltgranulaat | H101: =samenstelling!H56 -> 40 RA 0/14mm HE | K101: =berekeningen!D28*$C101/100 -> 29.641186 | L101: =berekeningen!E28*$C101/100 -> 29.641186 | M101: =berekeningen!F28*$C101/100 -> 29.641186 | N101: =berekeningen!G28*$C101/100 -> 29.641186 | O101: =berekeningen!H28*$C101/100 -> 29.641186 | P101: =berekeningen!I28*$C101/100 -> 29.641186 | Q101: =berekeningen!J28*$C101/100 -> 29.641186 | R101: =berekeningen!K28*$C101/100 -> 26.677067 | ... Z101: =berekeningen!S28*$C101/100 -> 2.9641186
B102: =B57 -> 0 | C102: =berekeningen!J12 -> 0 | E102: =samenstelling!E57 | H102: =samenstelling!H57 | K102: =berekeningen!D29*$C102/100 -> 0 | L102: =berekeningen!E29*$C102/100 -> 0 | M102: =berekeningen!F29*$C102/100 -> 0 | N102: =berekeningen!G29*$C102/100 -> 0 | O102: =berekeningen!H29*$C102/100 -> 0 | P102: =berekeningen!I29*$C102/100 -> 0 | Q102: =berekeningen!J29*$C102/100 -> 0 | R102: =berekeningen!K29*$C102/100 -> 0 | ... Z102: =berekeningen!S29*$C102/100 -> 0
B103: =B58 -> 0 | C103: =berekeningen!J13 -> 0 | E103: =samenstelling!E58 | H103: =samenstelling!H58 | K103: =berekeningen!D30*$C103/100 -> 0 | L103: =berekeningen!E30*$C103/100 -> 0 | M103: =berekeningen!F30*$C103/100 -> 0 | N103: =berekeningen!G30*$C103/100 -> 0 | O103: =berekeningen!H30*$C103/100 -> 0 | P103: =berekeningen!I30*$C103/100 -> 0 | Q103: =berekeningen!J30*$C103/100 -> 0 | R103: =berekeningen!K30*$C103/100 -> 0 | ... Z103: =berekeningen!S30*$C103/100 -> 0
B104: =B70 -> 83 | C104: =C70 -> 2.82 | E104: =E70 -> Rode kleurstof | H104: =H70 -> Bayferrox 130 | K104: =berekeningen!D31*$C104/100 -> 2.82 | L104: =berekeningen!E31*$C104/100 -> 2.82 | M104: =berekeningen!F31*$C104/100 -> 2.82 | N104: =berekeningen!G31*$C104/100 -> 2.82 | O104: =berekeningen!H31*$C104/100 -> 2.82 | P104: =berekeningen!I31*$C104/100 -> 2.82 | Q104: =berekeningen!J31*$C104/100 -> 2.82 | R104: =berekeningen!K31*$C104/100 -> 2.82 | ... Z104: =berekeningen!S31*$C104/100 -> 2.82
B105: =B71 -> 0 | C105: =C71 -> 0 | E105: =E71 | H105: =H71 | K105: =berekeningen!D32*$C105/100 -> 0 | L105: =berekeningen!E32*$C105/100 -> 0 | M105: =berekeningen!F32*$C105/100 -> 0 | N105: =berekeningen!G32*$C105/100 -> 0 | O105: =berekeningen!H32*$C105/100 -> 0 | P105: =berekeningen!I32*$C105/100 -> 0 | Q105: =berekeningen!J32*$C105/100 -> 0 | R105: =berekeningen!K32*$C105/100 -> 0 | ... Z105: =berekeningen!S32*$C105/100 -> 0
B106: =B72 -> 0 | C106: =C72 -> 0 | E106: =E72 | H106: =H72 | K106: =berekeningen!D33*$C106/100 -> 0 | L106: =berekeningen!E33*$C106/100 -> 0 | M106: =berekeningen!F33*$C106/100 -> 0 | N106: =berekeningen!G33*$C106/100 -> 0 | O106: =berekeningen!H33*$C106/100 -> 0 | P106: =berekeningen!I33*$C106/100 -> 0 | Q106: =berekeningen!J33*$C106/100 -> 0 | R106: =berekeningen!K33*$C106/100 -> 0 | ... Z106: =berekeningen!S33*$C106/100 -> 0
B107: =B73 -> 96 | C107: =berekeningen!G54 -> 0.08855 | E107: =E73 -> Trinidad | H107: =H73 -> Epurée Z0/8 | K107: =berekeningen!D34*$C107/100 -> 0.08855 | L107: =berekeningen!E34*$C107/100 -> 0.08855 | M107: =berekeningen!F34*$C107/100 -> 0.08855 | N107: =berekeningen!G34*$C107/100 -> 0.08855 | O107: =berekeningen!H34*$C107/100 -> 0.08855 | P107: =berekeningen!I34*$C107/100 -> 0.08855 | Q107: =berekeningen!J34*$C107/100 -> 0.08855 | R107: =berekeningen!K34*$C107/100 -> 0.08855 | ... Z107: =berekeningen!S34*$C107/100 -> 0.079695
B108: =B74 -> 0 | C108: =berekeningen!G55 -> 0 | E108: =E74 | H108: =H74 | K108: =berekeningen!D35*$C108/100 -> 0 | L108: =berekeningen!E35*$C108/100 -> 0 | M108: =berekeningen!F35*$C108/100 -> 0 | N108: =berekeningen!G35*$C108/100 -> 0 | O108: =berekeningen!H35*$C108/100 -> 0 | P108: =berekeningen!I35*$C108/100 -> 0 | Q108: =berekeningen!J35*$C108/100 -> 0 | R108: =berekeningen!K35*$C108/100 -> 0 | ... Z108: =berekeningen!S35*$C108/100 -> 0
C109: =SUM(C88:C108) -> 99.999736 | E109: Aggregaatmengsel: | K109: =SUM(K88:K108) -> 99.999736 | L109: =SUM(L88:L108) -> 99.999736 | M109: =SUM(M88:M108) -> 99.948736 | N109: =SUM(N88:N108) -> 97.500736 | O109: =SUM(O88:O108) -> 95.868736 | P109: =SUM(P88:P108) -> 92.553736 | Q109: =SUM(Q88:Q108) -> 89.666736 | R109: =SUM(R88:R108) -> 68.318617 | ... Z109: =SUM(Z88:Z108) -> 7.8679136
C110: Som moet 100,00 % zijn !
B112: Opmerking bij de korrelverdeling: | G112: testopmerking
B115: ZANDMENGSEL
B116: Doorval (%) door de zeef van … mm | I116: Verhouding (%) | P116: Opgelet: in de verantwoordingsnota worden deze waarden afgerond. U kan in de tabbladen 'VN' zien hoe de waarden worden vermeld.
B117: =berekeningen!O9 -> 1 | C117: mm: | E117: =(HLOOKUP(B117,K$87:Z$109,23,FALSE)-berekeningen!D$46)*100/berekeningen!D$45 -> 74.272761 | L117: rond zand of natuurzand: | M117: =berekeningen!AP37/berekeningen!D45*100 -> 40.37141
B118: =berekeningen!P9 -> 0.5 | C118: mm: | E118: =(HLOOKUP(B118,K$87:Z$109,23,FALSE)-berekeningen!D$46)*100/berekeningen!D$45 -> 52.266602 | L118: breekzand: | M118: =100-M117 -> 59.62859
B119: =berekeningen!Q9 -> 0.25 | C119: mm: | E119: =(HLOOKUP(B119,K$87:Z$109,23,FALSE)-berekeningen!D$46)*100/berekeningen!D$45 -> 34.748983
B120: =berekeningen!R9 -> 0.125 | C120: mm: | E120: =(HLOOKUP(B120,K$87:Z$109,23,FALSE)-berekeningen!D$46)*100/berekeningen!D$45 -> 17.297727
B123: VULSTOFMENGSEL
...

Sheet studie
A1: DEELTJESGROOTTEVERDELING (KORRELVERDELING) EN BINDMIDDELGEHALTE
B3: PROEF UITGEVOERD | E3: J | F3: J of N.
B4: VALIDATIE | E4: laboratoriumvalidatie
B6: PROEFMETHODE
B7: Toegepaste norm voor de bepaling van het bindmiddelgehalte: | I7: EN 12697-1 | L7: EN 12697-1 (oplossen en afscheiden) of EN 12697-39 (verbranding).
B8: Extractiemethode volgens EN 12697-1 Annex B.2: | J8: B.2.1 | L8: B.2.1 (bekercentrifuge).
B9: Gebruikt oplosmiddel: | H9: dichloormethaan
B10: Toegepaste norm voor de bepaling van de korrelverdeling: | I10: EN 12697-2 | L10: EN 12697-2.
B11: Mengtemperatuur: | I11: °C | J11: 165
B13: PROEFRESULTATEN (Enkel in geval van een productievalidatie !)
E14: Korrelverdeling (in % doorval door de zeef van … mm) | U14: Bindmiddel-
U15: gehalte
E16: =berekeningen!D9 -> 40 | F16: =berekeningen!E9 -> 31.5 | G16: =berekeningen!F9 -> 20 | H16: =berekeningen!G9 -> 16 | I16: =berekeningen!H9 -> 14 | J16: =berekeningen!I9 -> 12.5 | K16: =berekeningen!J9 -> 10 | L16: =berekeningen!K9 -> 8 | ... T16: =berekeningen!S9 -> 0.063 | U16: (% in)
B17: Resultaat: | K17: 100 | L17: 90.5 | M17: 80 | N17: 70 | O17: 60 | P17: 50 | Q17: 40 | R17: 30 | S17: 20 | T17: 9 | U17: 4.05
B18: Mengselformule: | E18: =IF(samenstelling!K109="","",samenstelling!K109) -> 99.999736 | F18: =IF(samenstelling!L109="","",samenstelling!L109) -> 99.999736 | G18: =IF(samenstelling!M109="","",samenstelling!M109) -> 99.948736 | H18: =IF(samenstelling!N109="","",samenstelling!N109) -> 97.500736 | I18: =IF(samenstelling!O109="","",samenstelling!O109) -> 95.868736 | J18: =IF(samenstelling!P109="","",samenstelling!P109) -> 92.553736 | K18: =IF(samenstelling!Q109="","",samenstelling!Q109) -> 89.666736 | L18: =IF(samenstelling!R109="","",samenstelling!R109) -> 68.318617 | ... T18: =IF(samenstelling!Z109="","",samenstelling!Z109) -> 7.8679136 | U18: =samenstelling!G176 -> 3.805679
B19: Afwijking: | E19: =IF(E17="","",E17-E18) | F19: =IF(F17="","",F17-F18) | G19: =IF(G17="","",G17-G18) | H19: =IF(H17="","",H17-H18) | I19: =IF(I17="","",I17-I18) | J19: =IF(J17="","",J17-J18) | K19: =IF(K17="","",K17-K18) -> 10.333264 | L19: =IF(L17="","",L17-L18) -> 22.181383 | ... U19: =IF(U17="","",U17-U18) -> 0.244321
A22: PROEFSTUKKEN EN AFMETINGEN
B24: PROEFMETHODE
B25: Toegepaste norm voor het mengen: | H25: EN 12697-35
B26: Methode ingeval van schuimbitumen of emulsie: | I26: n.v.t. | J26: Zie bijlage A en B van EN 12697-35: A.2 t/m B.3 of cel leeg laten.
B27: Mengmethode: | H27: Machinaal | J27: Manueel of Machinaal.
B28: Type menger (indien machinaal): | H28: Moulinex
B29: Mengvolgorde: | D29: stenen, zand, asfaltgranulaat, bindmiddel, vulstof | J29: De volgorde waarin de grondstoffen worden toegevoegd in de menger.
B30: Mengtijd: | H30: (s) | I30: 15
B31: Toegepaste norm voor de bepaling van de afmetingen: | H31: EN 12697-29
B32: Verschil % bindmiddel tussen de reeksen: | H32: (%) | I32: 0.3 | J32: Courant 0,3 (volgens SB 250). Cel leeglaten indien slechts 1 bindmiddelgehalte.
B35: PROEFRESULTATEN
B36: Proefstuk | D36: Bindmiddel | F36: Hoogte (mm) | K36: Diameter (mm) (enkel voor geometrische methode) | R36: Diameter vorm | T36: Diameter | V36: Temperaturen
B37: nr. | D37: (% IN) | F37: 1 | G37: 2 | H37: 3 | I37: 4 | J37: gem. | K37: 1 | L37: 2 | M37: 3 | N37: 4 | O37: 5 | P37: 6 | Q37: gem. | R37: (mm) | T37: (mm) | V37: mengen (°C) | X37: verdichten (°C)
B38: A1 | D38: =IF(I32="","",D68-I32) -> 3.55 | F38: 62 | J38: =IF(F38="","",AVERAGE(F38:I38)) -> 62 | Q38: =IF(K38="","",AVERAGE(K38:P38)) | R38: 100 | T38: =IF(Q38="",R38,Q38) -> 100 | V38: 170 | X38: 140 | Z38: Cellen met diameter proefstukken
B39: A2 | D39: =D$38 -> 3.55 | F39: 64 | J39: =IF(F39="","",AVERAGE(F39:I39)) -> 64 | K39: 102 | Q39: =IF(K39="","",AVERAGE(K39:P39)) -> 102 | T39: =IF(Q39="",R39,Q39) -> 102 | V39: 171 | X39: 141 | Z39: leegmaken om diameter vorm te
B40: A3 | D40: =D$38 -> 3.55 | F40: 63 | J40: =IF(F40="","",AVERAGE(F40:I40)) -> 63 | K40: 103 | Q40: =IF(K40="","",AVERAGE(K40:P40)) -> 103 | R40: 101.6 | T40: =IF(Q40="",R40,Q40) -> 103 | V40: 172 | X40: 142 | Z40: weerhouden (indien EN 12697-31).
B41: A4 | D41: =D$38 -> 3.55 | F41: 62 | J41: =IF(F41="","",AVERAGE(F41:I41)) -> 62 | K41: 104 | Q41: =IF(K41="","",AVERAGE(K41:P41)) -> 104 | R41: 101.6 | T41: =IF(Q41="",R41,Q41) -> 104 | V41: 173 | X41: 143
B42: A5 | D42: =D$38 -> 3.55 | F42: 61 | J42: =IF(F42="","",AVERAGE(F42:I42)) -> 61 | K42: 105 | Q42: =IF(K42="","",AVERAGE(K42:P42)) -> 105 | R42: 101.6 | T42: =IF(Q42="",R42,Q42) -> 105 | V42: 174 | X42: 144 | Z42: Afmetingen van proefstukken na
B43: A1v | D43: =D$38 -> 3.55 | F43: 60 | J43: =IF(F43="","",AVERAGE(F43:I43)) -> 60 | K43: 106 | Q43: =IF(K43="","",AVERAGE(K43:P43)) -> 106 | R43: 101.6 | T43: =IF(Q43="",R43,Q43) -> 106 | V43: 175 | X43: 145 | Z43: conditionering voor ITSR dienen als
B44: A2v | D44: =D$38 -> 3.55 | F44: 59 | J44: =IF(F44="","",AVERAGE(F44:I44)) -> 59 | K44: 107 | Q44: =IF(K44="","",AVERAGE(K44:P44)) -> 107 | R44: 101.6 | T44: =IF(Q44="",R44,Q44) -> 107 | V44: 176 | X44: 146 | Z44: afzonderlijke proefstukken te worden
B45: A3v | D45: =D$38 -> 3.55 | F45: 65 | J45: =IF(F45="","",AVERAGE(F45:I45)) -> 65 | Q45: =IF(K45="","",AVERAGE(K45:P45)) | R45: 101.6 | T45: =IF(Q45="",R45,Q45) -> 101.6 | V45: 170 | X45: 140 | Z45: ingegeven.
B46: A4v | D46: =D$38 -> 3.55 | F46: 64 | J46: =IF(F46="","",AVERAGE(F46:I46)) -> 64 | K46: 102 | Q46: =IF(K46="","",AVERAGE(K46:P46)) -> 102 | R46: 101.6 | T46: =IF(Q46="",R46,Q46) -> 102 | V46: 171 | X46: 141
B47: A5v | D47: =D$38 -> 3.55 | F47: 63 | J47: =IF(F47="","",AVERAGE(F47:I47)) -> 63 | K47: 103 | Q47: =IF(K47="","",AVERAGE(K47:P47)) -> 103 | R47: 101.6 | T47: =IF(Q47="",R47,Q47) -> 103 | V47: 172 | X47: 142 | Z47: De gegevens per bindmiddelreeks
B48: A1n | D48: =D$38 -> 3.55 | F48: 62 | J48: =IF(F48="","",AVERAGE(F48:I48)) -> 62 | K48: 104 | Q48: =IF(K48="","",AVERAGE(K48:P48)) -> 104 | R48: 101.6 | T48: =IF(Q48="",R48,Q48) -> 104 | V48: 173 | X48: 143 | Z48: afzonderlijk verwerken.
B49: A2n | D49: =D$38 -> 3.55 | F49: 61 | J49: =IF(F49="","",AVERAGE(F49:I49)) -> 61 | K49: 105 | Q49: =IF(K49="","",AVERAGE(K49:P49)) -> 105 | R49: 101.6 | T49: =IF(Q49="",R49,Q49) -> 105 | V49: 174 | X49: 144
B50: A3n | D50: =D$38 -> 3.55 | F50: 60 | J50: =IF(F50="","",AVERAGE(F50:I50)) -> 60 | K50: 106 | Q50: =IF(K50="","",AVERAGE(K50:P50)) -> 106 | R50: 101.6 | T50: =IF(Q50="",R50,Q50) -> 106 | V50: 175 | X50: 145 | Z50: Indien maar één bindmiddelgehalte
B51: A4n | D51: =D$38 -> 3.55 | F51: 59 | J51: =IF(F51="","",AVERAGE(F51:I51)) -> 59 | K51: 107 | Q51: =IF(K51="","",AVERAGE(K51:P51)) -> 107 | R51: 101.6 | T51: =IF(Q51="",R51,Q51) -> 107 | V51: 176 | X51: 146 | Z51: beproefd: middenste reeks invullen.
B52: A5n | D52: =D$38 -> 3.55 | F52: 65 | J52: =IF(F52="","",AVERAGE(F52:I52)) -> 65 | Q52: =IF(K52="","",AVERAGE(K52:P52)) | R52: 101.6 | T52: =IF(Q52="",R52,Q52) -> 101.6 | V52: 170 | X52: 140
B53: A1nw | D53: =D$38 -> 3.55 | F53: 64 | J53: =IF(F53="","",AVERAGE(F53:I53)) -> 64 | K53: 102 | Q53: =IF(K53="","",AVERAGE(K53:P53)) -> 102 | R53: 101.6 | T53: =IF(Q53="",R53,Q53) -> 102 | V53: 171 | X53: 141
B54: A2nw | D54: =D$38 -> 3.55 | F54: 63 | J54: =IF(F54="","",AVERAGE(F54:I54)) -> 63 | K54: 103 | Q54: =IF(K54="","",AVERAGE(K54:P54)) -> 103 | R54: 101.6 | T54: =IF(Q54="",R54,Q54) -> 103 | V54: 172 | X54: 142
B55: A3nw | D55: =D$38 -> 3.55 | F55: 62 | J55: =IF(F55="","",AVERAGE(F55:I55)) -> 62 | K55: 104 | Q55: =IF(K55="","",AVERAGE(K55:P55)) -> 104 | R55: 101.6 | T55: =IF(Q55="",R55,Q55) -> 104 | V55: 173 | X55: 143
B56: A4nw | D56: =D$38 -> 3.55 | F56: 65 | J56: =IF(F56="","",AVERAGE(F56:I56)) -> 65 | Q56: =IF(K56="","",AVERAGE(K56:P56)) | R56: 101.6 | T56: =IF(Q56="",R56,Q56) -> 101.6 | V56: 170 | X56: 140
B57: A5nw | D57: =D$38 -> 3.55 | F57: 64 | J57: =IF(F57="","",AVERAGE(F57:I57)) -> 64 | K57: 102 | Q57: =IF(K57="","",AVERAGE(K57:P57)) -> 102 | R57: 101.6 | T57: =IF(Q57="",R57,Q57) -> 102 | V57: 171 | X57: 141
B58: A21 | D58: =D$38 -> 3.55 | F58: 63 | J58: =IF(F58="","",AVERAGE(F58:I58)) -> 63 | K58: 103 | Q58: =IF(K58="","",AVERAGE(K58:P58)) -> 103 | R58: 101.6 | T58: =IF(Q58="",R58,Q58) -> 103 | V58: 172 | X58: 142
B59: A22 | D59: =D$38 -> 3.55 | F59: 65 | J59: =IF(F59="","",AVERAGE(F59:I59)) -> 65 | Q59: =IF(K59="","",AVERAGE(K59:P59)) | R59: 101.6 | T59: =IF(Q59="",R59,Q59) -> 101.6 | V59: 170 | X59: 140
B60: A23 | D60: =D$38 -> 3.55 | F60: 64 | J60: =IF(F60="","",AVERAGE(F60:I60)) -> 64 | K60: 102 | Q60: =IF(K60="","",AVERAGE(K60:P60)) -> 102 | R60: 101.6 | T60: =IF(Q60="",R60,Q60) -> 102 | V60: 171 | X60: 141
B61: A24 | D61: =D$38 -> 3.55 | F61: 63 | J61: =IF(F61="","",AVERAGE(F61:I61)) -> 63 | K61: 103 | Q61: =IF(K61="","",AVERAGE(K61:P61)) -> 103 | R61: 101.6 | T61: =IF(Q61="",R61,Q61) -> 103 | V61: 172 | X61: 142
B62: A25 | D62: =D$38 -> 3.55 | F62: 62 | J62: =IF(F62="","",AVERAGE(F62:I62)) -> 62 | K62: 104 | Q62: =IF(K62="","",AVERAGE(K62:P62)) -> 104 | R62: 101.6 | T62: =IF(Q62="",R62,Q62) -> 104 | V62: 173 | X62: 143
B63: A26 | D63: =D$38 -> 3.55 | F63: 65 | J63: =IF(F63="","",AVERAGE(F63:I63)) -> 65 | Q63: =IF(K63="","",AVERAGE(K63:P63)) | R63: 101.6 | T63: =IF(Q63="",R63,Q63) -> 101.6 | V63: 170 | X63: 140
B64: A27 | D64: =D$38 -> 3.55 | F64: 64 | J64: =IF(F64="","",AVERAGE(F64:I64)) -> 64 | K64: 102 | Q64: =IF(K64="","",AVERAGE(K64:P64)) -> 102 | R64: 101.6 | T64: =IF(Q64="",R64,Q64) -> 102 | V64: 171 | X64: 141
B65: A28 | D65: =D$38 -> 3.55 | F65: 63 | J65: =IF(F65="","",AVERAGE(F65:I65)) -> 63 | K65: 103 | Q65: =IF(K65="","",AVERAGE(K65:P65)) -> 103 | R65: 101.6 | T65: =IF(Q65="",R65,Q65) -> 103 | V65: 172 | X65: 142
B66: A29 | D66: =D$38 -> 3.55 | F66: 63 | J66: =IF(F66="","",AVERAGE(F66:I66)) -> 63 | K66: 103 | Q66: =IF(K66="","",AVERAGE(K66:P66)) -> 103 | R66: 101.6 | T66: =IF(Q66="",R66,Q66) -> 103 | V66: 172 | X66: 142
B67: A30 | D67: =D$38 -> 3.55 | F67: 62 | J67: =IF(F67="","",AVERAGE(F67:I67)) -> 62 | K67: 104 | Q67: =IF(K67="","",AVERAGE(K67:P67)) -> 104 | R67: 101.6 | T67: =IF(Q67="",R67,Q67) -> 104 | V67: 173 | X67: 143
B68: B1 | D68: =samenstelling!C158 -> 3.85 | F68: 75 | J68: =IF(F68="","",AVERAGE(F68:I68)) -> 75 | K68: 101.1 | Q68: =IF(K68="","",AVERAGE(K68:P68)) -> 101.1 | R68: 101.6 | T68: =IF(Q68="",R68,Q68) -> 101.1 | V68: 180 | X68: 150
B69: B2 | D69: =D$68 -> 3.85 | F69: 74 | J69: =IF(F69="","",AVERAGE(F69:I69)) -> 74 | K69: 101.2 | Q69: =IF(K69="","",AVERAGE(K69:P69)) -> 101.2 | R69: 101.6 | T69: =IF(Q69="",R69,Q69) -> 101.2 | V69: 181 | X69: 151
B70: B3 | D70: =D$68 -> 3.85 | F70: 73 | J70: =IF(F70="","",AVERAGE(F70:I70)) -> 73 | K70: 101.3 | Q70: =IF(K70="","",AVERAGE(K70:P70)) -> 101.3 | R70: 101.6 | T70: =IF(Q70="",R70,Q70) -> 101.3 | V70: 182 | X70: 152
B71: B4 | D71: =D$68 -> 3.85 | F71: 72 | J71: =IF(F71="","",AVERAGE(F71:I71)) -> 72 | K71: 101.4 | Q71: =IF(K71="","",AVERAGE(K71:P71)) -> 101.4 | R71: 101.6 | T71: =IF(Q71="",R71,Q71) -> 101.4 | V71: 183 | X71: 153
B72: B5 | D72: =D$68 -> 3.85 | F72: 71 | J72: =IF(F72="","",AVERAGE(F72:I72)) -> 71 | K72: 101.5 | Q72: =IF(K72="","",AVERAGE(K72:P72)) -> 101.5 | R72: 101.6 | T72: =IF(Q72="",R72,Q72) -> 101.5 | V72: 184 | X72: 154
B73: B1' | D73: =D$68 -> 3.85 | F73: 70 | J73: =IF(F73="","",AVERAGE(F73:I73)) -> 70 | K73: 101.6 | Q73: =IF(K73="","",AVERAGE(K73:P73)) -> 101.6 | R73: 101.6 | T73: =IF(Q73="",R73,Q73) -> 101.6 | V73: 185 | X73: 155
B74: B2' | D74: =D$68 -> 3.85 | F74: 69 | J74: =IF(F74="","",AVERAGE(F74:I74)) -> 69 | K74: 101.7 | Q74: =IF(K74="","",AVERAGE(K74:P74)) -> 101.7 | R74: 101.6 | T74: =IF(Q74="",R74,Q74) -> 101.7 | V74: 186 | X74: 156
B75: B3' | D75: =D$68 -> 3.85 | F75: 75 | J75: =IF(F75="","",AVERAGE(F75:I75)) -> 75 | K75: 101.1 | Q75: =IF(K75="","",AVERAGE(K75:P75)) -> 101.1 | R75: 101.6 | T75: =IF(Q75="",R75,Q75) -> 101.1 | V75: 180 | X75: 150
B76: B4' | D76: =D$68 -> 3.85 | F76: 74 | J76: =IF(F76="","",AVERAGE(F76:I76)) -> 74 | K76: 101.2 | Q76: =IF(K76="","",AVERAGE(K76:P76)) -> 101.2 | R76: 101.6 | T76: =IF(Q76="",R76,Q76) -> 101.2 | V76: 181 | X76: 151
B77: B5' | D77: =D$68 -> 3.85 | F77: 73 | J77: =IF(F77="","",AVERAGE(F77:I77)) -> 73 | K77: 101.3 | Q77: =IF(K77="","",AVERAGE(K77:P77)) -> 101.3 | R77: 101.6 | T77: =IF(Q77="",R77,Q77) -> 101.3 | V77: 182 | X77: 152
B78: B1'' | D78: =D$68 -> 3.85 | F78: 72 | J78: =IF(F78="","",AVERAGE(F78:I78)) -> 72 | K78: 101.4 | Q78: =IF(K78="","",AVERAGE(K78:P78)) -> 101.4 | R78: 101.6 | T78: =IF(Q78="",R78,Q78) -> 101.4 | V78: 183 | X78: 153
B79: B2'' | D79: =D$68 -> 3.85 | F79: 71 | J79: =IF(F79="","",AVERAGE(F79:I79)) -> 71 | K79: 101.5 | Q79: =IF(K79="","",AVERAGE(K79:P79)) -> 101.5 | R79: 101.6 | T79: =IF(Q79="",R79,Q79) -> 101.5 | V79: 184 | X79: 154
B80: B3'' | D80: =D$68 -> 3.85 | F80: 70 | J80: =IF(F80="","",AVERAGE(F80:I80)) -> 70 | K80: 101.6 | Q80: =IF(K80="","",AVERAGE(K80:P80)) -> 101.6 | R80: 101.6 | T80: =IF(Q80="",R80,Q80) -> 101.6 | V80: 185 | X80: 155
... B97: B30 | D97: =D$68 -> 3.85 | F97: 72 | J97: =IF(F97="","",AVERAGE(F97:I97)) -> 72 | K97: 101.4 | Q97: =IF(K97="","",AVERAGE(K97:P97)) -> 101.4 | R97: 101.6 | T97: =IF(Q97="",R97,Q97) -> 101.4 | V97: 183 | X97: 153
B98: C1 | D98: =IF(I32="","",D68+I32) -> 4.15 | F98: 85 | J98: =IF(F98="","",AVERAGE(F98:I98)) -> 85 | K98: 102.1 | Q98: =IF(K98="","",AVERAGE(K98:P98)) -> 102.1 | R98: 101.6 | T98: =IF(Q98="",R98,Q98) -> 102.1 | V98: 190 | X98: 160
B99: C2 | D99: =D$98 -> 4.15 | F99: 84 | J99: =IF(F99="","",AVERAGE(F99:I99)) -> 84 | K99: 102.2 | Q99: =IF(K99="","",AVERAGE(K99:P99)) -> 102.2 | R99: 101.6 | T99: =IF(Q99="",R99,Q99) -> 102.2 | V99: 191 | X99: 161
B100: C3 | D100: =D$98 -> 4.15 | F100: 83 | J100: =IF(F100="","",AVERAGE(F100:I100)) -> 83 | K100: 102.3 | Q100: =IF(K100="","",AVERAGE(K100:P100)) -> 102.3 | R100: 101.6 | T100: =IF(Q100="",R100,Q100) -> 102.3 | V100: 192 | X100: 162
B101: C4 | D101: =D$98 -> 4.15 | F101: 82 | J101: =IF(F101="","",AVERAGE(F101:I101)) -> 82 | K101: 102.4 | Q101: =IF(K101="","",AVERAGE(K101:P101)) -> 102.4 | R101: 101.6 | T101: =IF(Q101="",R101,Q101) -> 102.4 | V101: 193 | X101: 163
B102: C5 | D102: =D$98 -> 4.15 | F102: 81 | J102: =IF(F102="","",AVERAGE(F102:I102)) -> 81 | K102: 102.5 | Q102: =IF(K102="","",AVERAGE(K102:P102)) -> 102.5 | R102: 101.6 | T102: =IF(Q102="",R102,Q102) -> 102.5 | V102: 194 | X102: 164
B103: C1v | D103: =D$98 -> 4.15 | F103: 80 | J103: =IF(F103="","",AVERAGE(F103:I103)) -> 80 | K103: 102.6 | Q103: =IF(K103="","",AVERAGE(K103:P103)) -> 102.6 | R103: 101.6 | T103: =IF(Q103="",R103,Q103) -> 102.6 | V103: 195 | X103: 165
B104: C2v | D104: =D$98 -> 4.15 | F104: 79 | J104: =IF(F104="","",AVERAGE(F104:I104)) -> 79 | K104: 102.7 | Q104: =IF(K104="","",AVERAGE(K104:P104)) -> 102.7 | R104: 101.6 | T104: =IF(Q104="",R104,Q104) -> 102.7 | V104: 196 | X104: 166
B105: C3v | D105: =D$98 -> 4.15 | F105: 85 | J105: =IF(F105="","",AVERAGE(F105:I105)) -> 85 | K105: 102.1 | Q105: =IF(K105="","",AVERAGE(K105:P105)) -> 102.1 | R105: 101.6 | T105: =IF(Q105="",R105,Q105) -> 102.1 | V105: 190 | X105: 160
B106: C4v | D106: =D$98 -> 4.15 | F106: 84 | J106: =IF(F106="","",AVERAGE(F106:I106)) -> 84 | K106: 102.2 | Q106: =IF(K106="","",AVERAGE(K106:P106)) -> 102.2 | R106: 101.6 | T106: =IF(Q106="",R106,Q106) -> 102.2 | V106: 191 | X106: 161
B107: C5v | D107: =D$98 -> 4.15 | F107: 83 | J107: =IF(F107="","",AVERAGE(F107:I107)) -> 83 | K107: 102.3 | Q107: =IF(K107="","",AVERAGE(K107:P107)) -> 102.3 | R107: 101.6 | T107: =IF(Q107="",R107,Q107) -> 102.3 | V107: 192 | X107: 162
B108: C1n | D108: =D$98 -> 4.15 | F108: 82 | J108: =IF(F108="","",AVERAGE(F108:I108)) -> 82 | K108: 102.4 | Q108: =IF(K108="","",AVERAGE(K108:P108)) -> 102.4 | R108: 101.6 | T108: =IF(Q108="",R108,Q108) -> 102.4 | V108: 193 | X108: 163
B109: C2n | D109: =D$98 -> 4.15 | F109: 81 | J109: =IF(F109="","",AVERAGE(F109:I109)) -> 81 | K109: 102.5 | Q109: =IF(K109="","",AVERAGE(K109:P109)) -> 102.5 | R109: 101.6 | T109: =IF(Q109="",R109,Q109) -> 102.5 | V109: 194 | X109: 164
B110: C3n | D110: =D$98 -> 4.15 | F110: 80 | J110: =IF(F110="","",AVERAGE(F110:I110)) -> 80 | K110: 102.6 | Q110: =IF(K110="","",AVERAGE(K110:P110)) -> 102.6 | R110: 101.6 | T110: =IF(Q110="",R110,Q110) -> 102.6 | V110: 195 | X110: 165
... B127: C30 | D127: =D$98 -> 4.15 | F127: 82 | J127: =IF(F127="","",AVERAGE(F127:I127)) -> 82 | K127: 102.4 | Q127: =IF(K127="","",AVERAGE(K127:P127)) -> 102.4 | R127: 101.6 | T127: =IF(Q127="",R127,Q127) -> 102.4 | V127: 193 | X127: 163
R128: Afmetingen proefstukken voor %HR : enkel de diameter van de vorm (kolom R) in vullen is voldoende.
A130: MENGSELDICHTHEID (MAXIMALE VOLUMEMASSA)
B132: PROEFMETHODE
B133: Toegepaste norm voor de bepaling van de mengseldichtheid: | I133: EN 12697-5
B134: Toegepaste methode voor de bepaling van de mengseldichtheid: | J134: A | K134: A (volumetrisch), B (hydrostatisch) of C (berekend).
B135: Vloeistof in pyknometers: | I135: water | K135: Enkel in te vullen voor MVM methode A.
B136: Samenstelling: | H136: zie verantwoordingsnota
B137: Gemiddelde temperatuur van het waterbad: | I137: (°C) | J137: 24
B138: Volumemassa aggregaten: | I138: (Mg/m³) | J138: =ROUND(berekeningen!J42,3) -> 2.919
B139: Volumemassa bindmiddel: | I139: (Mg/m³) | J139: =ROUND(samenstelling!K158,3) -> 1.028
B140: ="Volumemassa water bij "&J137&" °C:" -> Volumemassa water bij 24 °C: | I140: (Mg/m³) | J140: =IF(J137="","",1.00025205+(7.59*J137-5.32*POWER(J137,2))/1000000) -> 0.99736989
B143: PROEFRESULTATEN | F143: Voor MVM methode A | O143: Voor MVM methode B | Y143: MVM
B144: Bindmiddel | F144: Massa pyknometers (g) | M144: Volume pykno | O144: Massa recipiënt (g) | Y144: r mv (A) | Z144: r mh (B) | AA144: r mc (C) | AB144: MVM
...

Sheet VN1
A1: VERANTWOORDINGSNOTA - VERSLAG VAN TYPEKEURING
A2: =algemeen!E4 -> ASFALT PRODUCTIE BEDRIJF nv | I2: =IF(algemeen!$E$62="N","",berekeningen!D5&"/") -> 801/64/ | J2: =IF(algemeen!$E$62="N","",algemeen!J66) -> 2010/13RE-1234/0 | O2: =IF(algemeen!$E$62="N","","vanuit") -> vanuit | Q2: =IF(algemeen!$E$62="N","",algemeen!E24) -> Gaurain-Ramecroix
A3: =algemeen!E5 -> Dendermondsesteenweg 123 | I3: =IF(algemeen!$F$62="N","",berekeningen!G5&"/") -> 802/64/ | J3: =IF(algemeen!$F$62="N","",algemeen!J66) -> 2010/13RE-1234/0 | O3: =IF(algemeen!$F$62="N","","vanuit") -> vanuit | Q3: =IF(algemeen!$F$62="N","",algemeen!H24) -> Antwerpen
A4: =algemeen!E6 -> 1234 Brussel | I4: =IF(algemeen!$G$62="N","",berekeningen!J5&"/") -> 8031/64/ | J4: =IF(algemeen!$G$62="N","",algemeen!J66) -> 2010/13RE-1234/0 | O4: =IF(algemeen!$G$62="N","","vanuit") -> vanuit | Q4: =IF(algemeen!$G$62="N","",algemeen!K24) -> Hasselt
A5: Type: | D5: =IF(algemeen!$F$40="","",algemeen!F40) -> AB-3A1 | L5: =IF(algemeen!$F$40="","","volgens") -> volgens | N5: =IF(algemeen!$F$40="","",algemeen!D47) -> SB 250 (5.0)
D6: =IF(algemeen!$F$41="","",algemeen!F41) -> AC 20 onderlaag 50/70 | L6: =IF(algemeen!$D$48="","","volgens") -> volgens | N6: =IF(algemeen!$F$41="","",IF(algemeen!D48="","",algemeen!D48)) -> EN 13108-1 (2006) + EN 13108-1/AC (2008)
D7: =IF(algemeen!$F$42="","",algemeen!F42) -> toplaag 0/10
A8: Toepassing: | D8: =IF(algemeen!F44="","",algemeen!F44) -> voor onderlagen van asfaltverhardingen
A10: SAMENSTELLING (in massaprocent) | L10: KENMERKEN
A11: (rekening houdend met volumemassa's) | L11: Gehalte oplosbaar bindmiddel (in) | R11: =samenstelling!G176 -> 3.805679 | T11: %
A12: steenfractie | F12: =ROUND(samenstelling!N167,1) -> 71.2 | L12: Verhouding bindmiddel uit AG | S12: =samenstelling!AC143 -> 38.961039 | T12: %
A13: zandfractie | F13: =ROUND(samenstelling!N168,1) -> 22 | L13: Korrelverdeling: | P13: =IF(berekeningen!D$9=0,"",berekeningen!D$9) -> 40 | Q13: =IF(P13="","","mm") -> mm | S13: =IF(P13="","",samenstelling!K$109) -> 99.999736 | T13: =IF(P13="","","%") -> %
A14: vulstoffractie | F14: =100-F12-F13 -> 6.8 | P14: =IF(berekeningen!E$9=0,"",berekeningen!E$9) -> 31.5 | Q14: =IF(P14="","","mm") -> mm | S14: =IF(P14="","",samenstelling!L$109) -> 99.999736 | T14: =IF(P14="","","%") -> %
F15: 100 | P15: =IF(berekeningen!F$9=0,"",berekeningen!F$9) -> 20 | Q15: =IF(P15="","","mm") -> mm | S15: =IF(P15="","",samenstelling!M$109) -> 99.948736 | T15: =IF(P15="","","%") -> %
A16: bindmiddel in mengsel | F16: =samenstelling!N177 -> 4.1924204 | P16: =IF(berekeningen!G$9=0,"",berekeningen!G$9) -> 16 | Q16: =IF(P16="","","mm") -> mm | S16: =IF(P16="","",samenstelling!N$109) -> 97.500736 | T16: =IF(P16="","","%") -> %
P17: =IF(berekeningen!H$9=0,"",berekeningen!H$9) -> 14 | Q17: =IF(P17="","","mm") -> mm | S17: =IF(P17="","",samenstelling!O$109) -> 95.868736 | T17: =IF(P17="","","%") -> %
A18: GRONDSTOFFEN (massaprocent en type) | P18: =IF(berekeningen!I$9=0,"",berekeningen!I$9) -> 12.5 | Q18: =IF(P18="","","mm") -> mm | S18: =IF(P18="","",samenstelling!P$109) -> 92.553736 | T18: =IF(P18="","","%") -> %
A19: =IF(samenstelling!C8=0,"",samenstelling!C8) -> 5.1 | C19: =IF(samenstelling!C8=0,"",samenstelling!E8) -> Kalksteen | G19: =IF(samenstelling!C8=0,"",samenstelling!H8) -> 14/20 | H19: =IF(samenstelling!C8=0,"",samenstelling!I8) -> Aa1 I f1 | P19: =IF(berekeningen!J$9=0,"",berekeningen!J$9) -> 10 | Q19: =IF(P19="","","mm") -> mm | S19: =IF(P19="","",samenstelling!Q$109) -> 89.666736 | T19: =IF(P19="","","%") -> %
A20: =IF(samenstelling!C9=0,"",samenstelling!C9) -> 10.2 | C20: =IF(samenstelling!C9=0,"",samenstelling!E9) -> Porfier | G20: =IF(samenstelling!C9=0,"",samenstelling!H9) -> 6/14 | H20: =IF(samenstelling!C9=0,"",samenstelling!I9) -> BB2 II f2 | P20: =IF(berekeningen!K$9=0,"",berekeningen!K$9) -> 8 | Q20: =IF(P20="","","mm") -> mm | S20: =IF(P20="","",samenstelling!R$109) -> 68.318617 | T20: =IF(P20="","","%") -> %
A21: =IF(samenstelling!C10=0,"",samenstelling!C10) -> 15.3 | C21: =IF(samenstelling!C10=0,"",samenstelling!E10) -> Rode zandsteen | G21: =IF(samenstelling!C10=0,"",samenstelling!H10) -> 0/2 (0/0,05) | H21: =IF(samenstelling!C10=0,"",samenstelling!I10) -> Af22aPA Ecs30 | P21: =IF(berekeningen!L$9=0,"",berekeningen!L$9) -> 6.3 | Q21: =IF(P21="","","mm") -> mm | S21: =IF(P21="","",samenstelling!S$109) -> 47.600399 | T21: =IF(P21="","","%") -> %
A22: =IF(samenstelling!C11=0,"",samenstelling!C11) | C22: =IF(samenstelling!C11=0,"",samenstelling!E11) | G22: =IF(samenstelling!C11=0,"",samenstelling!H11) | H22: =IF(samenstelling!C11=0,"",samenstelling!I11) | P22: =IF(berekeningen!M$9=0,"",berekeningen!M$9) -> 4 | Q22: =IF(P22="","","mm") -> mm | S22: =IF(P22="","",samenstelling!T$109) -> 38.53118 | T22: =IF(P22="","","%") -> %
A23: =IF(samenstelling!C12=0,"",samenstelling!C12) | C23: =IF(samenstelling!C12=0,"",samenstelling!E12) | G23: =IF(samenstelling!C12=0,"",samenstelling!H12) | H23: =IF(samenstelling!C12=0,"",samenstelling!I12) | P23: =IF(berekeningen!N$9=0,"",berekeningen!N$9) -> 2 | Q23: =IF(P23="","","mm") -> mm | S23: =IF(P23="","",samenstelling!U$109) -> 28.323961 | T23: =IF(P23="","","%") -> %
A24: =IF(samenstelling!C13=0,"",samenstelling!C13) -> 35.3 | C24: =IF(samenstelling!C13=0,"",samenstelling!E13) -> Slakken | G24: =IF(samenstelling!C13=0,"",samenstelling!H13) -> 6/10 | H24: =IF(samenstelling!C13=0,"",samenstelling!I13) -> Dd4 IV f4 | P24: =IF(berekeningen!O$9=0,"",berekeningen!O$9) -> 1 | Q24: =IF(P24="","","mm") -> mm | S24: =IF(P24="","",samenstelling!V$109) -> 23.058243 | T24: =IF(P24="","","%") -> %
A25: =IF(samenstelling!C14=0,"",samenstelling!C14) | C25: =IF(samenstelling!C14=0,"",samenstelling!E14) | G25: =IF(samenstelling!C14=0,"",samenstelling!H14) | H25: =IF(samenstelling!C14=0,"",samenstelling!I14) | P25: =IF(berekeningen!P$9=0,"",berekeningen!P$9) -> 0.5 | Q25: =IF(P25="","","mm") -> mm | S25: =IF(P25="","",samenstelling!W$109) -> 18.557524 | T25: =IF(P25="","","%") -> %
A26: =IF(samenstelling!C15=0,"",samenstelling!C15) | C26: =IF(samenstelling!C15=0,"",samenstelling!E15) | G26: =IF(samenstelling!C15=0,"",samenstelling!H15) | H26: =IF(samenstelling!C15=0,"",samenstelling!I15) | P26: =IF(berekeningen!Q$9=0,"",berekeningen!Q$9) -> 0.25 | Q26: =IF(P26="","","mm") -> mm | S26: =IF(P26="","",samenstelling!X$109) -> 14.974806 | T26: =IF(P26="","","%") -> %
A27: =IF(samenstelling!C16=0,"",samenstelling!C16) | C27: =IF(samenstelling!C16=0,"",samenstelling!E16) | G27: =IF(samenstelling!C16=0,"",samenstelling!H16) | H27: =IF(samenstelling!C16=0,"",samenstelling!I16) | O27: =IF(berekeningen!R$9=0,"",berekeningen!R$9) -> 0.125 | Q27: =IF(O27="","","mm") -> mm | S27: =IF(O27="","",samenstelling!Y$109) -> 11.40566 | T27: =IF(O27="","","%") -> %
A28: =IF(samenstelling!C17=0,"",samenstelling!C17) | C28: =IF(samenstelling!C17=0,"",samenstelling!E17) | G28: =IF(samenstelling!C17=0,"",samenstelling!H17) | H28: =IF(samenstelling!C17=0,"",samenstelling!I17) | O28: =IF(berekeningen!S$9=0,"",berekeningen!S$9) -> 0.063 | Q28: =IF(O28="","","mm") -> mm | S28: =IF(O28="","",samenstelling!Z$109) -> 7.8679136 | T28: =IF(O28="","","%") -> %
A29: =IF(samenstelling!C26=0,"",samenstelling!C26) -> 0.55 | C29: =IF(samenstelling!C26=0,"",samenstelling!E26) -> Aanvoervulstof | G29: =IF(samenstelling!C26=0,"",samenstelling!H26) -> IIa | L29: Conventionele verhouding aanvoer-
A30: =IF(samenstelling!C27=0,"",samenstelling!C27) | C30: =IF(samenstelling!C27=0,"",samenstelling!E27) | G30: =IF(samenstelling!C27=0,"",samenstelling!H27) | L30: vulstof: | Q30: min | S30: =samenstelling!AA128 -> 63.8 | T30: =IF(S30="","","%") -> %
A31: =IF(samenstelling!C29=0,"",samenstelling!C29) -> 1 | C31: =IF(samenstelling!C29="","",samenstelling!E29) -> Extra teruggew. stof | Q31: max | S31: =samenstelling!AA129 -> 100 | T31: =IF(S31="","","%") -> %
A32: =IF(samenstelling!C43=0,"",samenstelling!C43) -> 2.21605 | C32: =IF(samenstelling!C43=0,"",samenstelling!E43) -> synthetisch pigmenteerbaar bindmiddel | G32: =IF(samenstelling!C43=0,"",samenstelling!H43) -> Mexphalte CLT50/70 | L32: =IF(S32="","","Watergevoeligheid") -> Watergevoeligheid | S32: =studie!I317 -> 62.7 | T32: =IF(S32="","","%") -> %
A33: =IF(samenstelling!C44=0,"",samenstelling!C44) | C33: =IF(samenstelling!C44=0,"",samenstelling!E44) | G33: =IF(samenstelling!C44=0,"",samenstelling!H44) | L33: =IF(R33="","","Holle ruimte") -> Holle ruimte | R33: =IF(studie!H258="","",studie!H258) -> 15.5 | T33: =IF(R33="","","%") -> %
A34: =IF(samenstelling!C45=0,"",samenstelling!C45) | C34: =IF(samenstelling!C45=0,"",samenstelling!E45) | G34: =IF(samenstelling!C45=0,"",samenstelling!H45) | L34: =IF(R34="","","Schijnbare volumemassa") -> Schijnbare volumemassa | R34: =studie!H257 -> 2.6841106 | T34: =IF(R34="","","Mg/m³") -> Mg/m³
A35: =IF(samenstelling!C56=0,"",samenstelling!C56) -> 30 | C35: =IF(samenstelling!C56=0,"","Stapel "&samenstelling!K56) -> Stapel onderlaag 14/2 | G35: =IF(samenstelling!C56=0,"",samenstelling!H56) -> 40 RA 0/14mm HE | L35: =IF(R35="","","Maximale volumemassa") -> Maximale volumemassa | R35: =studie!H154 -> 3.0154391 | T35: =IF(R35="","","Mg/m³") -> Mg/m³
A36: =IF(samenstelling!C57=0,"",samenstelling!C57) | C36: =IF(samenstelling!C57=0,"","Stapel "&samenstelling!K57) | G36: =IF(samenstelling!C57=0,"",samenstelling!H57) | L36: =IF(AND(R36="",R37=""),"","Stijfheid:") -> Stijfheid: | Q36: =IF(R36="","","15 °C, 10 Hz") -> 15 °C, 10 Hz | R36: =IF(studie!E514="J",studie!K526,"") -> 12000 | T36: =IF(R36="","","MPa") -> MPa
A37: =IF(samenstelling!C58=0,"",samenstelling!C58) | C37: =IF(samenstelling!C58=0,"","Stapel "&samenstelling!K58) | G37: =IF(samenstelling!C58=0,"",samenstelling!H58) | Q37: =IF(R37="","","30 °C, 10 Hz") | R37: =IF(studie!E514="J",IF(studie!K527="","",studie!K527),"") | T37: =IF(R37="","","MPa")
A38: =IF(samenstelling!C68=0,"",samenstelling!C68) -> 0.33 | C38: =IF(samenstelling!C68=0,"",samenstelling!E68) -> Afdruipremmer | L38: =IF(R38="","","Vermoeiingsweerstand") -> Vermoeiingsweerstand | R38: =IF(studie!E537="J",studie!K549,"") -> 150 | T38: =IF(R38="","","µS") -> µS
A39: =IF(samenstelling!C69=0,"",samenstelling!C69) | C39: =IF(samenstelling!C69=0,"",samenstelling!E69) | L39: =IF(S39="","","Spoorvorming") -> Spoorvorming | S39: =IF(studie!E325="J",studie!D341,"") -> 7.2 | T39: =IF(S39="","","%") -> %
A40: =IF(samenstelling!C70=0,"",samenstelling!C70) -> 2.82 | C40: =IF(samenstelling!C70=0,"",samenstelling!E70) -> Rode kleurstof | L40: =IF(AND(S40="",S41=""),"","Afdruip:") | N40: =IF(S40="","","bij") | O40: =IF(S40="","",studie!E358) | Q40: =IF(S40="","","% vezels") | S40: =studie!J412 | T40: =IF(S40="","","%")
A41: =IF(samenstelling!C71=0,"",samenstelling!C71) | C41: =IF(samenstelling!C71=0,"",samenstelling!E71) | N41: =IF(S41="","","bij") | O41: =IF(S41="","",studie!E387) | Q41: =IF(S41="","","% vezels") | S41: =studie!J413 | T41: =IF(S41="","","%")
A42: =IF(samenstelling!C72=0,"",samenstelling!C72) | C42: =IF(samenstelling!C72=0,"",samenstelling!E72) | L42: =IF(S42="","","Deeltjesverlies (Cantabro)") -> Deeltjesverlies (Cantabro) | S42: =studie!I459 -> 38 | T42: =IF(S42="","","%") -> %
A43: =IF(samenstelling!C73=0,IF(samenstelling!D73=0,"",samenstelling!C153),samenstelling!C73) -> 0.10395 | C43: =IF(AND(samenstelling!C73=0,samenstelling!D73=0),"",samenstelling!E73) -> Trinidad | L43: =IF(S43="","","Indrukking:") -> Indrukking: | P43: =IF(S43="","",studie!I479) -> 30 | Q43: =IF(S43="","","min") -> min | S43: =IF(studie!E467="J",studie!E503,"") -> 18 | T43: =IF(S43="","","mm") -> mm
A44: =IF(samenstelling!C74=0,IF(samenstelling!D74=0,"",samenstelling!C154),samenstelling!C74) | C44: =IF(AND(samenstelling!C74=0,samenstelling!D74=0),"",samenstelling!E74) | O44: =IF(S44="","","toename (na") -> toename (na | P44: =IF(S44="","",studie!I480) -> 60 | Q44: =IF(S44="","","min)") -> min) | S44: =IF(studie!E467="J",studie!E504,"") -> 20 | T44: =IF(S44="","","mm") -> mm
A45: =IF(samenstelling!C75=0,IF(samenstelling!D75=0,"",samenstelling!C155),samenstelling!C75) -> 0.03 | C45: =IF(AND(samenstelling!C75=0,samenstelling!D75=0),"",samenstelling!E75) -> Uintah | L45: =IF(S45="","","Verhinderde krimp") -> Verhinderde krimp | S45: =IF(studie!E614="J",studie!I622,"") -> -35 | T45: =IF(S45="","","°C") -> °C
A46: =IF(samenstelling!C76=0,IF(samenstelling!D76=0,"",samenstelling!C156),samenstelling!C76) | C46: =IF(AND(samenstelling!C76=0,samenstelling!D76=0),"",samenstelling!E76) | L46: =IF(studie!E589="J","Dynamische indeuking na 2500 cycli",IF(studie!E714="","",studie!B714)) -> Dynamische indeuking na 2500 cycli | R46: =IF(studie!E589="J",studie!K606,IF(studie!E714="","",studie!E714)) -> 2.51 | T46: =IF(studie!E589="J","mm",IF(studie!E714="","",studie!F714)) -> mm
A47: =IF(samenstelling!C77=0,IF(samenstelling!D77=0,"",samenstelling!C157),samenstelling!C77) | C47: =IF(AND(samenstelling!C77=0,samenstelling!D77=0),"",samenstelling!E77) | L47: =IF(studie!E589="J"," na "&studie!I599&" cycli",IF(studie!E715="","",studie!B715)) -> na 5000 cycli | R47: =IF(studie!E589="J",studie!K607,IF(studie!E715="","",studie!E715)) -> 2.34 | T47: =IF(studie!E589="J","mm",IF(studie!E715="","",studie!F715)) -> mm
A48: Dit mengsel wordt geleverd onder de technische fiche(s): | L48: =IF(studie!E716="","",studie!B716) -> proef 3 | R48: =IF(studie!E716="","",studie!E716) -> 3,00 | T48: =IF(studie!E716="","",studie!F716) -> hPa
A49: =IF(algemeen!E62="J",berekeningen!E7,"") -> 0801/1234 | D49: =IF(algemeen!F62="J",berekeningen!H7,"") -> 0802/1234 | G49: =IF(algemeen!G62="J",berekeningen!K7,"") -> 8031/1234 | L49: =IF(studie!E717="","",studie!B717) -> proef 4 | R49: =IF(studie!E717="","",studie!E717) -> 4 | T49: =IF(studie!E717="","",studie!F717) -> N
A51: Contactpersoon bij de producent: | G51: =algemeen!E7 -> Elfver Vandenbraembussche | L51: =algemeen!E8 -> 02 345 67 89 | O51: =algemeen!E9 -> tom.christianen@apb.be
A53: =IF(I$2="",IF(I$3="",I$4,I$3),I$2) -> 801/64/ | C53: =algemeen!J$66 -> 2010/13RE-1234/0 | I53: blz. 1 / | J53: =berekeningen!O$2 -> 19 | M53: Enkel geldig met stempel van COPRO:

Sheet VN2
A1: ='VN1'!A53 -> 801/64/ | C1: AGGREGATEN (Steenslag en zand) | Z1: GRONDSTOFFEN
C2: Nr. | D2: % | E2: Aard | G2: Kaliber | I2: PTV | K2: Leverancier | N2: Herkomst | Q2: Keuring | R2: Volumemassa | T2: FI | U2: C | V2: Ecs | W2: LA | X2: MD | Y2: PSV
I3: klasse | S3: (Mg/m³)
A4: =algemeen!J66 -> 2010/13RE-1234/0 | C4: =IF(samenstelling!$B8="","",samenstelling!B8) -> 1 | D4: =IF(samenstelling!$B8="","",samenstelling!C8) -> 5.1 | E4: =IF(samenstelling!$B8="","",samenstelling!E8) -> Kalksteen | G4: =IF(samenstelling!$B8="","",samenstelling!H8) -> 14/20 | I4: =IF(samenstelling!$B8="","",samenstelling!I8) -> Aa1 I f1 | K4: =IF(samenstelling!$B8="","",samenstelling!K8) -> Gralex | N4: =IF(samenstelling!$B8="","",samenstelling!N8) -> Beez | Q4: =IF(samenstelling!$B8="","",samenstelling!Q8) -> BENOR | S4: =IF(samenstelling!$B8="","",samenstelling!S8) -> 2.789 | T4: =IF(samenstelling!$B8="","",samenstelling!AM8) -> 15 | U4: =IF(samenstelling!$B8="","",samenstelling!AN8) -> 100/0 | V4: =IF(samenstelling!$B8="","",samenstelling!AO8) -> 25 | W4: =IF(samenstelling!$B8="","",samenstelling!AP8) -> 10 | X4: =IF(samenstelling!$B8="","",samenstelling!AQ8) -> 35 | Y4: =IF(samenstelling!$B8="","",samenstelling!AR8) -> 50
C5: =IF(samenstelling!$B9="","",samenstelling!B9) -> 2 | D5: =IF(samenstelling!$B9="","",samenstelling!C9) -> 10.2 | E5: =IF(samenstelling!$B9="","",samenstelling!E9) -> Porfier | G5: =IF(samenstelling!$B9="","",samenstelling!H9) -> 6/14 | I5: =IF(samenstelling!$B9="","",samenstelling!I9) -> BB2 II f2 | K5: =IF(samenstelling!$B9="","",samenstelling!K9) -> Holcim | N5: =IF(samenstelling!$B9="","",samenstelling!N9) -> Soignies | Q5: =IF(samenstelling!$B9="","",samenstelling!Q9) -> BENOR | S5: =IF(samenstelling!$B9="","",samenstelling!S9) -> 2.788 | T5: =IF(samenstelling!$B9="","",samenstelling!AM9) -> 20 | U5: =IF(samenstelling!$B9="","",samenstelling!AN9) -> 100/0 | V5: =IF(samenstelling!$B9="","",samenstelling!AO9) -> 30 | W5: =IF(samenstelling!$B9="","",samenstelling!AP9) -> 15 | X5: =IF(samenstelling!$B9="","",samenstelling!AQ9) -> 40 | Y5: =IF(samenstelling!$B9="","",samenstelling!AR9) -> 52
C6: =IF(samenstelling!$B10="","",samenstelling!B10) -> 3 | D6: =IF(samenstelling!$B10="","",samenstelling!C10) -> 15.3 | E6: =IF(samenstelling!$B10="","",samenstelling!E10) -> Rode zandsteen | G6: =IF(samenstelling!$B10="","",samenstelling!H10) -> 0/2 (0/0,05) | I6: =IF(samenstelling!$B10="","",samenstelling!I10) -> Af22aPA Ecs30 | K6: =IF(samenstelling!$B10="","",samenstelling!K10) -> Porfibel | N6: =IF(samenstelling!$B10="","",samenstelling!N10) -> Neufvilles | Q6: =IF(samenstelling!$B10="","",samenstelling!Q10) -> BENOR | S6: =IF(samenstelling!$B10="","",samenstelling!S10) -> 2.786 | T6: =IF(samenstelling!$B10="","",samenstelling!AM10) -> 25 | U6: =IF(samenstelling!$B10="","",samenstelling!AN10) -> 95/3 | V6: =IF(samenstelling!$B10="","",samenstelling!AO10) -> 35 | W6: =IF(samenstelling!$B10="","",samenstelling!AP10) -> 20 | X6: =IF(samenstelling!$B10="","",samenstelling!AQ10) -> 45 | Y6: =IF(samenstelling!$B10="","",samenstelling!AR10) -> 54
C7: =IF(samenstelling!$B11="","",samenstelling!B11) | D7: =IF(samenstelling!$B11="","",samenstelling!C11) | E7: =IF(samenstelling!$B11="","",samenstelling!E11) | G7: =IF(samenstelling!$B11="","",samenstelling!H11) | I7: =IF(samenstelling!$B11="","",samenstelling!I11) | K7: =IF(samenstelling!$B11="","",samenstelling!K11) | N7: =IF(samenstelling!$B11="","",samenstelling!N11) | Q7: =IF(samenstelling!$B11="","",samenstelling!Q11) | S7: =IF(samenstelling!$B11="","",samenstelling!S11) | T7: =IF(samenstelling!$B11="","",samenstelling!AM11) | U7: =IF(samenstelling!$B11="","",samenstelling!AN11) | V7: =IF(samenstelling!$B11="","",samenstelling!AO11) | W7: =IF(samenstelling!$B11="","",samenstelling!AP11) | X7: =IF(samenstelling!$B11="","",samenstelling!AQ11) | Y7: =IF(samenstelling!$B11="","",samenstelling!AR11)
C8: =IF(samenstelling!$B12="","",samenstelling!B12) | D8: =IF(samenstelling!$B12="","",samenstelling!C12) | E8: =IF(samenstelling!$B12="","",samenstelling!E12) | G8: =IF(samenstelling!$B12="","",samenstelling!H12) | I8: =IF(samenstelling!$B12="","",samenstelling!I12) | K8: =IF(samenstelling!$B12="","",samenstelling!K12) | N8: =IF(samenstelling!$B12="","",samenstelling!N12) | Q8: =IF(samenstelling!$B12="","",samenstelling!Q12) | S8: =IF(samenstelling!$B12="","",samenstelling!S12) | T8: =IF(samenstelling!$B12="","",samenstelling!AM12) | U8: =IF(samenstelling!$B12="","",samenstelling!AN12) | V8: =IF(samenstelling!$B12="","",samenstelling!AO12) | W8: =IF(samenstelling!$B12="","",samenstelling!AP12) | X8: =IF(samenstelling!$B12="","",samenstelling!AQ12) | Y8: =IF(samenstelling!$B12="","",samenstelling!AR12)
C9: =IF(samenstelling!$B13="","",samenstelling!B13) -> 6 | D9: =IF(samenstelling!$B13="","",samenstelling!C13) -> 35.3 | E9: =IF(samenstelling!$B13="","",samenstelling!E13) -> Slakken | G9: =IF(samenstelling!$B13="","",samenstelling!H13) -> 6/10 | I9: =IF(samenstelling!$B13="","",samenstelling!I13) -> Dd4 IV f4 | K9: =IF(samenstelling!$B13="","",samenstelling!K13) -> SDF | N9: =IF(samenstelling!$B13="","",samenstelling!N13) -> Genk | Q9: =IF(samenstelling!$B13="","",samenstelling!Q13) -> intern | S9: =IF(samenstelling!$B13="","",samenstelling!S13) -> 3.21 | T9: =IF(samenstelling!$B13="","",samenstelling!AM13) -> 30 | U9: =IF(samenstelling!$B13="","",samenstelling!AN13) -> 100/0 | V9: =IF(samenstelling!$B13="","",samenstelling!AO13) -> 38 | W9: =IF(samenstelling!$B13="","",samenstelling!AP13) -> 25 | X9: =IF(samenstelling!$B13="","",samenstelling!AQ13) -> 50 | Y9: =IF(samenstelling!$B13="","",samenstelling!AR13) -> 56
C10: =IF(samenstelling!$B14="","",samenstelling!B14) -> 11 | D10: =IF(samenstelling!$B14="","",samenstelling!C14) -> 0 | E10: =IF(samenstelling!$B14="","",samenstelling!E14) -> Kalksteen | G10: =IF(samenstelling!$B14="","",samenstelling!H14) -> 14/20 | I10: =IF(samenstelling!$B14="","",samenstelling!I14) -> Aa1 I f1 | K10: =IF(samenstelling!$B14="","",samenstelling!K14) -> Gralex | N10: =IF(samenstelling!$B14="","",samenstelling!N14) -> Beez | Q10: =IF(samenstelling!$B14="","",samenstelling!Q14) -> BENOR | S10: =IF(samenstelling!$B14="","",samenstelling!S14) -> 2.779 | T10: =IF(samenstelling!$B14="","",samenstelling!AM14) -> 15 | U10: =IF(samenstelling!$B14="","",samenstelling!AN14) -> 100/0 | V10: =IF(samenstelling!$B14="","",samenstelling!AO14) -> 25 | W10: =IF(samenstelling!$B14="","",samenstelling!AP14) -> 10 | X10: =IF(samenstelling!$B14="","",samenstelling!AQ14) -> 35 | Y10: =IF(samenstelling!$B14="","",samenstelling!AR14) -> 58
C11: =IF(samenstelling!$B15="","",samenstelling!B15) -> 12 | D11: =IF(samenstelling!$B15="","",samenstelling!C15) -> 0 | E11: =IF(samenstelling!$B15="","",samenstelling!E15) -> Porfier | G11: =IF(samenstelling!$B15="","",samenstelling!H15) -> 6/14 | I11: =IF(samenstelling!$B15="","",samenstelling!I15) -> BB2 II f2 | K11: =IF(samenstelling!$B15="","",samenstelling!K15) -> Holcim | N11: =IF(samenstelling!$B15="","",samenstelling!N15) -> Soignies | Q11: =IF(samenstelling!$B15="","",samenstelling!Q15) -> BENOR | S11: =IF(samenstelling!$B15="","",samenstelling!S15) -> 2.778 | T11: =IF(samenstelling!$B15="","",samenstelling!AM15) -> 20 | U11: =IF(samenstelling!$B15="","",samenstelling!AN15) -> 100/0 | V11: =IF(samenstelling!$B15="","",samenstelling!AO15) -> 30 | W11: =IF(samenstelling!$B15="","",samenstelling!AP15) -> 15 | X11: =IF(samenstelling!$B15="","",samenstelling!AQ15) -> 40 | Y11: =IF(samenstelling!$B15="","",samenstelling!AR15) -> 60
C12: =IF(samenstelling!$B16="","",samenstelling!B16) -> 16 | D12: =IF(samenstelling!$B16="","",samenstelling!C16) -> 0 | E12: =IF(samenstelling!$B16="","",samenstelling!E16) -> Slakken | G12: =IF(samenstelling!$B16="","",samenstelling!H16) -> 6/10 | I12: =IF(samenstelling!$B16="","",samenstelling!I16) -> Dd4 IV f4 | K12: =IF(samenstelling!$B16="","",samenstelling!K16) -> SDF | N12: =IF(samenstelling!$B16="","",samenstelling!N16) -> Genk | Q12: =IF(samenstelling!$B16="","",samenstelling!Q16) -> intern | S12: =IF(samenstelling!$B16="","",samenstelling!S16) -> 3.2 | T12: =IF(samenstelling!$B16="","",samenstelling!AM16) -> 30 | U12: =IF(samenstelling!$B16="","",samenstelling!AN16) -> 100/0 | V12: =IF(samenstelling!$B16="","",samenstelling!AO16) -> 38 | W12: =IF(samenstelling!$B16="","",samenstelling!AP16) -> 25 | X12: =IF(samenstelling!$B16="","",samenstelling!AQ16) -> 50 | Y12: =IF(samenstelling!$B16="","",samenstelling!AR16) -> 64
C13: =IF(samenstelling!$B17="","",samenstelling!B17) | D13: =IF(samenstelling!$B17="","",samenstelling!C17) | E13: =IF(samenstelling!$B17="","",samenstelling!E17) | G13: =IF(samenstelling!$B17="","",samenstelling!H17) | I13: =IF(samenstelling!$B17="","",samenstelling!I17) | K13: =IF(samenstelling!$B17="","",samenstelling!K17) | N13: =IF(samenstelling!$B17="","",samenstelling!N17) | Q13: =IF(samenstelling!$B17="","",samenstelling!Q17) | S13: =IF(samenstelling!$B17="","",samenstelling!S17) | T13: =IF(samenstelling!$B17="","",samenstelling!AM17) | U13: =IF(samenstelling!$B17="","",samenstelling!AN17) | V13: =IF(samenstelling!$B17="","",samenstelling!AO17) | W13: =IF(samenstelling!$B17="","",samenstelling!AP17) | X13: =IF(samenstelling!$B17="","",samenstelling!AQ17) | Y13: =IF(samenstelling!$B17="","",samenstelling!AR17)
C14: VULSTOFFEN
C15: Nr. | D15: % | E15: Soort | H15: Type | K15: Benaming | N15: Leverancier | Q15: Keuring | S15: Volumemassa | U15: Holle ruimte | W15: Gehalte Ca(OH)2
A16: blz. 2 / | N16: en herkomst | S16: (Mg/m³) | U16: (%) | W16: (%)
C17: =IF(samenstelling!$B26="","",samenstelling!B26) -> 41 | D17: =IF(samenstelling!$B26="","",samenstelling!C26) -> 0.55 | E17: =IF(samenstelling!$B26="","",samenstelling!E26) -> Aanvoervulstof | H17: =IF(samenstelling!$B26="","",samenstelling!H26) -> IIa | K17: =IF(samenstelling!$B26="","",samenstelling!K26) -> Duras filler 2 | N17: =IF(samenstelling!$B26="","",samenstelling!N26) -> Ankersmit Maastricht | Q17: =IF(samenstelling!$B26="","",samenstelling!Q26) -> BENOR | S17: =IF(samenstelling!$B26="","",samenstelling!S26) -> 2.7 | U17: =IF(samenstelling!$B26="","",samenstelling!U26) -> 45 | W17: =IF(samenstelling!$B26="","",samenstelling!AM26) -> 17,5
A18: =berekeningen!O2 -> 19 | C18: =IF(samenstelling!$B27="","",samenstelling!B27) | D18: =IF(samenstelling!$B27="","",samenstelling!C27) | E18: =IF(samenstelling!$B27="","",samenstelling!E27) | H18: =IF(samenstelling!$B27="","",samenstelling!H27) | K18: =IF(samenstelling!$B27="","",samenstelling!K27) | N18: =IF(samenstelling!$B27="","",samenstelling!N27) | Q18: =IF(samenstelling!$B27="","",samenstelling!Q27) | S18: =IF(samenstelling!$B27="","",samenstelling!S27) | U18: =IF(samenstelling!$B27="","",samenstelling!U27) | W18: =IF(samenstelling!$B27="","",samenstelling!AM27)
D19: =IF(samenstelling!C128=0,"",samenstelling!C128) -> 0.5366 | E19: =IF(samenstelling!C128=0,"",samenstelling!E28) -> Teruggewonnen stof | N19: =IF(samenstelling!C128=0,"",samenstelling!N28) -> Productieproces | Q19: =IF(OR(samenstelling!C128=0,samenstelling!Q28=""),"",samenstelling!Q28) | S19: =IF(samenstelling!C128=0,"",samenstelling!S28) -> 3.0512285 | U19: =IF(OR(samenstelling!C128=0,samenstelling!U28=""),"",samenstelling!U28) -> 38
C20: =IF(samenstelling!$B29="","",samenstelling!B29) | D20: =IF(samenstelling!$C29="","",samenstelling!C29) -> 1 | E20: =IF(samenstelling!$C29="","",samenstelling!E29) -> Extra teruggew. stof | N20: =IF(samenstelling!$C29="","",samenstelling!N29) -> Productieproces | Q20: =IF(OR(samenstelling!C29="",samenstelling!Q29=""),"",samenstelling!Q29) | S20: =IF(samenstelling!$C29="","",samenstelling!S29) -> 3.0512285 | U20: =IF(OR(samenstelling!C29="",samenstelling!U29=""),"",samenstelling!U29)
A21: Enkel geldig met stempel van COPRO: | C21: BINDMIDDELEN
C22: % | D22: Benaming | G22: Leverancier | K22: Keuring | M22: Volumemassa | O22: Indringing | Q22: Verweking | S22: Oplosbaar | U22: Compl. mod. G* (MPa) | X22: Kritische t.
G23: en herkomst | M23: (Mg/m³) | O23: (mm/10) | Q23: tR&K (°C) | S23: (%) | U23: 15 °C | V23: 30 °C | W23: 52 °C | X23: BBR (°C)
U24: 10 Hz | V24: 10 Hz | W24: 1,6 Hz
C25: =IF(samenstelling!$B43="","",samenstelling!C43) -> 2.21605 | D25: =IF(samenstelling!$B43="","",samenstelling!E43&" "&samenstelling!H43) -> synthetisch pigmenteerbaar bindmiddel Mexphalte CLT50/70 | G25: =IF(samenstelling!$B43="","",samenstelling!K43&" "&samenstelling!N43) -> Shell Koudekerk-aan-de-Rijn | K25: =IF(samenstelling!$B43="","",samenstelling!Q43) -> COPRO | M25: =IF(samenstelling!$B43="","",samenstelling!S43) -> 1.025 | O25: =IF(samenstelling!$B43="","",samenstelling!U43) -> 60 | Q25: =IF(samenstelling!$B43="","",samenstelling!W43) -> 48 | S25: =IF(samenstelling!$B43="","",samenstelling!Y43) -> 98 | U25: =IF(samenstelling!$B43="","",samenstelling!AB43) -> 55 | V25: =IF(samenstelling!$B43="","",samenstelling!AD43) -> 7.36 | W25: =IF(samenstelling!$B43="","",samenstelling!AF43) -> 0.07 | X25: =IF(samenstelling!$B43="","",samenstelling!AH43) -> d
C26: =IF(samenstelling!$B44="","",samenstelling!C44) | D26: =IF(samenstelling!$B44="","",samenstelling!E44&" "&samenstelling!H44) | G26: =IF(samenstelling!$B44="","",samenstelling!K44&" "&samenstelling!N44) | K26: =IF(samenstelling!$B44="","",samenstelling!Q44) | M26: =IF(samenstelling!$B44="","",samenstelling!S44) | O26: =IF(samenstelling!$B44="","",samenstelling!U44) | Q26: =IF(samenstelling!$B44="","",samenstelling!W44) | S26: =IF(samenstelling!$B44="","",samenstelling!Y44) | U26: =IF(samenstelling!$B44="","",samenstelling!AB44) | V26: =IF(samenstelling!$B44="","",samenstelling!AD44) | W26: =IF(samenstelling!$B44="","",samenstelling!AF44) | X26: =IF(samenstelling!$B44="","",samenstelling!AH44)
C27: =IF(samenstelling!$B45="","",samenstelling!C45) | D27: =IF(samenstelling!$B45="","",samenstelling!E45&" "&samenstelling!H45) | G27: =IF(samenstelling!$B45="","",samenstelling!K45&" "&samenstelling!N45) | K27: =IF(samenstelling!$B45="","",samenstelling!Q45) | M27: =IF(samenstelling!$B45="","",samenstelling!S45) | O27: =IF(samenstelling!$B45="","",samenstelling!U45) | Q27: =IF(samenstelling!$B45="","",samenstelling!W45) | S27: =IF(samenstelling!$B45="","",samenstelling!Y45) | U27: =IF(samenstelling!$B45="","",samenstelling!AB45) | V27: =IF(samenstelling!$B45="","",samenstelling!AD45) | W27: =IF(samenstelling!$B45="","",samenstelling!AF45) | X27: =IF(samenstelling!$B45="","",samenstelling!AH45)
C28: ASFALTGRANULATEN
C29: Nr. | D29: % | E29: Officiële benaming | H29: Volumemassa | J29: Volumemassa | L29: Volumemassa | N29: Bindmiddel | P29: Indringing | R29: HR | S29: Aard aggregaten | X29: Bindmiddel
E30: stapel | H30: AG | J30: aggregaat | L30: bindmiddel | N30: gehalte | P30: bindmiddel | R30: vulstof
H31: (Mg/m³) | J31: (Mg/m³) | L31: (Mg/m³) | N31: (% in) | P31: (mm/10) | R31: (%)
C32: =IF(samenstelling!$B56="","",samenstelling!B56) -> 71 | D32: =IF(samenstelling!$B56="","",samenstelling!C56) -> 30 | E32: =IF(samenstelling!$B56="","",samenstelling!H56) -> 40 RA 0/14mm HE | H32: =IF(samenstelling!$B56="","",samenstelling!W56) -> 2.45 | J32: =IF(samenstelling!$B56="","",samenstelling!Y56) -> 2.6416804 | L32: =IF(samenstelling!$B56="","",samenstelling!AA56) -> 1.03 | N32: =IF(samenstelling!$B56="","",samenstelling!AC56) -> 5 | P32: =IF(samenstelling!$B56="","",samenstelling!AE56) -> 25 | R32: =IF(samenstelling!$B56="","",samenstelling!AI56) -> 29 | S32: =IF(samenstelling!$B56="","",samenstelling!BA56) -> kalksteen en zandsteen | X32: =IF(samenstelling!$B56="","",samenstelling!BE56) -> wegenbitumen
C33: =IF(samenstelling!$B57="","",samenstelling!B57) | D33: =IF(samenstelling!$B57="","",samenstelling!C57) | E33: =IF(samenstelling!$B57="","",samenstelling!H57) | H33: =IF(samenstelling!$B57="","",samenstelling!W57) | J33: =IF(samenstelling!$B57="","",samenstelling!Y57) | L33: =IF(samenstelling!$B57="","",samenstelling!AA57) | N33: =IF(samenstelling!$B57="","",samenstelling!AC57) | P33: =IF(samenstelling!$B57="","",samenstelling!AE57) | R33: =IF(samenstelling!$B57="","",samenstelling!AI57) | S33: =IF(samenstelling!$B57="","",samenstelling!BA57) | X33: =IF(samenstelling!$B57="","",samenstelling!BE57)
C34: =IF(samenstelling!$B58="","",samenstelling!B58) | D34: =IF(samenstelling!$B58="","",samenstelling!C58) | E34: =IF(samenstelling!$B58="","",samenstelling!H58) | H34: =IF(samenstelling!$B58="","",samenstelling!W58) | J34: =IF(samenstelling!$B58="","",samenstelling!Y58) | L34: =IF(samenstelling!$B58="","",samenstelling!AA58) | N34: =IF(samenstelling!$B58="","",samenstelling!AC58) | P34: =IF(samenstelling!$B58="","",samenstelling!AE58) | R34: =IF(samenstelling!$B58="","",samenstelling!AI58) | S34: =IF(samenstelling!$B58="","",samenstelling!BA58) | X34: =IF(samenstelling!$B58="","",samenstelling!BE58)
A35: ='VN1'!A53 -> 801/64/ | C35: TOEVOEGSELS | Z35: GRONDSTOFFEN (vervolg)
C36: Nr. | D36: % | E36: Soort | H36: Type en benaming | K36: Leverancier en herkomst | O36: Keuring | Q36: Volumemassa | S36: Oplosbare fractie | Y36: HR
Q37: aggregaat | S37: Volumemassa | U37: Gehalte | W37: Indringing | Y37: vulstof
A38: =algemeen!J66 -> 2010/13RE-1234/0 | Q38: (Mg/m³) | S38: (Mg/m³) | U38: (%) | W38: (mm/10) | Y38: (%)
C39: =IF(samenstelling!$B68="","",samenstelling!B68) -> 81 | D39: =IF(samenstelling!$B68="","",samenstelling!C68) -> 0.33 | E39: =IF(samenstelling!$B68="","",samenstelling!E68) -> Afdruipremmer | H39: =IF(samenstelling!$B68="","",samenstelling!H68) -> Cellulose Viatop Premium | K39: =IF(samenstelling!$B68="","",samenstelling!K68&" "&samenstelling!N68) -> JRS Rosenberg, D. | O39: =IF(samenstelling!$B68="","",samenstelling!Q68) -> COPRO | Q39: =IF(samenstelling!$B68="","",IF(samenstelling!S68="","",samenstelling!S68)) | S39: =IF(samenstelling!$B68="","",IF(samenstelling!U68="","",samenstelling!U68)) | U39: =IF(samenstelling!$B68="","",IF(samenstelling!AM68="","",samenstelling!AM68)) | W39: =IF(samenstelling!$B68="","",IF(samenstelling!AO68="","",samenstelling!AO68)) | Y39: =IF(samenstelling!$B68="","",IF(samenstelling!AS68="","",samenstelling!AS68))
C40: =IF(samenstelling!$B69="","",samenstelling!B69) | D40: =IF(samenstelling!$B69="","",samenstelling!C69) | E40: =IF(samenstelling!$B69="","",samenstelling!E69) | H40: =IF(samenstelling!$B69="","",samenstelling!H69) | K40: =IF(samenstelling!$B69="","",samenstelling!K69&" "&samenstelling!N69) | O40: =IF(samenstelling!$B69="","",samenstelling!Q69) | Q40: =IF(samenstelling!$B69="","",IF(samenstelling!S69="","",samenstelling!S69)) | S40: =IF(samenstelling!$B69="","",IF(samenstelling!U69="","",samenstelling!U69)) | U40: =IF(samenstelling!$B69="","",IF(samenstelling!AM69="","",samenstelling!AM69)) | W40: =IF(samenstelling!$B69="","",IF(samenstelling!AO69="","",samenstelling!AO69)) | Y40: =IF(samenstelling!$B69="","",IF(samenstelling!AS69="","",samenstelling!AS69))
C41: =IF(samenstelling!$B70="","",samenstelling!B70) -> 83 | D41: =IF(samenstelling!$B70="","",samenstelling!C70) -> 2.82 | E41: =IF(samenstelling!$B70="","",samenstelling!E70) -> Rode kleurstof | H41: =IF(samenstelling!$B70="","",samenstelling!H70) -> Bayferrox 130 | K41: =IF(samenstelling!$B70="","",samenstelling!K70&" "&samenstelling!N70) -> Catay China | O41: =IF(samenstelling!$B70="","",samenstelling!Q70) -> bouwheer | Q41: =IF(samenstelling!$B70="","",IF(samenstelling!S70="","",samenstelling!S70)) -> 5 | S41: =IF(samenstelling!$B70="","",IF(samenstelling!U70="","",samenstelling!U70)) | U41: =IF(samenstelling!$B70="","",IF(samenstelling!AM70="","",samenstelling!AM70)) | W41: =IF(samenstelling!$B70="","",IF(samenstelling!AO70="","",samenstelling!AO70)) | Y41: =IF(samenstelling!$B70="","",IF(samenstelling!AS70="","",samenstelling!AS70)) -> 40
C42: =IF(samenstelling!$B71="","",samenstelling!B71) | D42: =IF(samenstelling!$B71="","",samenstelling!C71) | E42: =IF(samenstelling!$B71="","",samenstelling!E71) | H42: =IF(samenstelling!$B71="","",samenstelling!H71) | K42: =IF(samenstelling!$B71="","",samenstelling!K71&" "&samenstelling!N71) | O42: =IF(samenstelling!$B71="","",samenstelling!Q71) | Q42: =IF(samenstelling!$B71="","",IF(samenstelling!S71="","",samenstelling!S71)) | S42: =IF(samenstelling!$B71="","",IF(samenstelling!U71="","",samenstelling!U71)) | U42: =IF(samenstelling!$B71="","",IF(samenstelling!AM71="","",samenstelling!AM71)) | W42: =IF(samenstelling!$B71="","",IF(samenstelling!AO71="","",samenstelling!AO71)) | Y42: =IF(samenstelling!$B71="","",IF(samenstelling!AS71="","",samenstelling!AS71))
C43: =IF(samenstelling!$B72="","",samenstelling!B72) | D43: =IF(samenstelling!$B72="","",samenstelling!C72) | E43: =IF(samenstelling!$B72="","",samenstelling!E72) | H43: =IF(samenstelling!$B72="","",samenstelling!H72) | K43: =IF(samenstelling!$B72="","",samenstelling!K72&" "&samenstelling!N72) | O43: =IF(samenstelling!$B72="","",samenstelling!Q72) | Q43: =IF(samenstelling!$B72="","",IF(samenstelling!S72="","",samenstelling!S72)) | S43: =IF(samenstelling!$B72="","",IF(samenstelling!U72="","",samenstelling!U72)) | U43: =IF(samenstelling!$B72="","",IF(samenstelling!AM72="","",samenstelling!AM72)) | W43: =IF(samenstelling!$B72="","",IF(samenstelling!AO72="","",samenstelling!AO72)) | Y43: =IF(samenstelling!$B72="","",IF(samenstelling!AS72="","",samenstelling!AS72))
C44: =IF(samenstelling!$B73="","",samenstelling!B73) -> 96 | D44: =IF(samenstelling!$B73="","",berekeningen!E54) -> 0.1925 | E44: =IF(samenstelling!$B73="","",samenstelling!E73) -> Trinidad | H44: =IF(samenstelling!$B73="","",samenstelling!H73) -> Epurée Z0/8 | K44: =IF(samenstelling!$B73="","",samenstelling!K73&" "&samenstelling!N73) -> Lumat Trinidad Lake | O44: =IF(samenstelling!$B73="","",samenstelling!Q73) -> partijkeuring | Q44: =IF(samenstelling!$B73="","",IF(samenstelling!S73="","",samenstelling!S73)) -> 1.809 | S44: =IF(samenstelling!$B73="","",IF(samenstelling!U73="","",samenstelling!U73)) -> 1.07 | U44: =IF(samenstelling!$B73="","",IF(samenstelling!AM73="","",samenstelling!AM73)) -> 54 | W44: =IF(samenstelling!$B73="","",IF(samenstelling!AO73="","",samenstelling!AO73)) -> 7.5 | Y44: =IF(samenstelling!$B73="","",IF(samenstelling!AS73="","",samenstelling!AS73)) -> onb.
C45: =IF(samenstelling!$B74="","",samenstelling!B74) | D45: =IF(samenstelling!$B74="","",berekeningen!E55) | E45: =IF(samenstelling!$B74="","",samenstelling!E74) | H45: =IF(samenstelling!$B74="","",samenstelling!H74) | K45: =IF(samenstelling!$B74="","",samenstelling!K74&" "&samenstelling!N74) | O45: =IF(samenstelling!$B74="","",samenstelling!Q74) | Q45: =IF(samenstelling!$B74="","",IF(samenstelling!S74="","",samenstelling!S74)) | S45: =IF(samenstelling!$B74="","",IF(samenstelling!U74="","",samenstelling!U74)) | U45: =IF(samenstelling!$B74="","",IF(samenstelling!AM74="","",samenstelling!AM74)) | W45: =IF(samenstelling!$B74="","",IF(samenstelling!AO74="","",samenstelling!AO74)) | Y45: =IF(samenstelling!$B74="","",IF(samenstelling!AS74="","",samenstelling!AS74))
C46: =IF(samenstelling!$B75="","",samenstelling!B75) -> 98 | D46: =IF(samenstelling!$B75="","",berekeningen!E56) -> 0.03 | E46: =IF(samenstelling!$B75="","",samenstelling!E75) -> Uintah | H46: =IF(samenstelling!$B75="","",samenstelling!H75) -> Gilsonite | K46: =IF(samenstelling!$B75="","",samenstelling!K75&" "&samenstelling!N75) -> MCA Uintah | O46: =IF(samenstelling!$B75="","",samenstelling!Q75) -> COPRO | Q46: =IF(samenstelling!$B75="","",IF(samenstelling!S75="","",samenstelling!S75)) | S46: =IF(samenstelling!$B75="","",IF(samenstelling!U75="","",samenstelling!U75)) -> 1.07 | U46: =IF(samenstelling!$B75="","",IF(samenstelling!AM75="","",samenstelling!AM75)) -> 100 | W46: =IF(samenstelling!$B75="","",IF(samenstelling!AO75="","",samenstelling!AO75)) | Y46: =IF(samenstelling!$B75="","",IF(samenstelling!AS75="","",samenstelling!AS75))
C47: =IF(samenstelling!$B76="","",samenstelling!B76) | D47: =IF(samenstelling!$B76="","",berekeningen!E57) | E47: =IF(samenstelling!$B76="","",samenstelling!E76) | H47: =IF(samenstelling!$B76="","",samenstelling!H76) | K47: =IF(samenstelling!$B76="","",samenstelling!K76&" "&samenstelling!N76) | O47: =IF(samenstelling!$B76="","",samenstelling!Q76) | Q47: =IF(samenstelling!$B76="","",IF(samenstelling!S76="","",samenstelling!S76)) | S47: =IF(samenstelling!$B76="","",IF(samenstelling!U76="","",samenstelling!U76)) | U47: =IF(samenstelling!$B76="","",IF(samenstelling!AM76="","",samenstelling!AM76)) | W47: =IF(samenstelling!$B76="","",IF(samenstelling!AO76="","",samenstelling!AO76)) | Y47: =IF(samenstelling!$B76="","",IF(samenstelling!AS76="","",samenstelling!AS76))
C48: =IF(samenstelling!$B77="","",samenstelling!B77) | D48: =IF(samenstelling!$B77="","",berekeningen!E58) | E48: =IF(samenstelling!$B77="","",samenstelling!E77) | H48: =IF(samenstelling!$B77="","",samenstelling!H77) | K48: =IF(samenstelling!$B77="","",samenstelling!K77&" "&samenstelling!N77) | O48: =IF(samenstelling!$B77="","",samenstelling!Q77) | Q48: =IF(samenstelling!$B77="","",IF(samenstelling!S77="","",samenstelling!S77)) | S48: =IF(samenstelling!$B77="","",IF(samenstelling!U77="","",samenstelling!U77)) | U48: =IF(samenstelling!$B77="","",IF(samenstelling!AM77="","",samenstelling!AM77)) | W48: =IF(samenstelling!$B77="","",IF(samenstelling!AO77="","",samenstelling!AO77)) | Y48: =IF(samenstelling!$B77="","",IF(samenstelling!AS77="","",samenstelling!AS77))
A50: blz. 3 / | C50: ZANDMENGSEL | J50: VULSTOFMENGSEL | R50: BINDMIDDELMENGSEL
C51: Doorval door de zeef van … mm | J51: Nr. | K51: % | L51: Soort | O51: VM | P51: HR | R51: Nr. | S51: % | T51: Soort | W51: VM | X51: Pen | Y51: Opl.
A52: =berekeningen!O2 -> 19 | C52: =samenstelling!B117 -> 1 | D52: mm: | G52: =samenstelling!E117 -> 74.272761 | H52: % | J52: =IF(samenstelling!$C126=0,"",samenstelling!B126) -> 41 | K52: =IF(samenstelling!$C126=0,"",samenstelling!C126) -> 0.4675 | L52: =IF(samenstelling!$C126=0,"",samenstelling!J126) -> IIa | O52: =IF(samenstelling!$C126=0,"",samenstelling!M126) -> 2.7 | P52: =IF(samenstelling!$C126=0,"",samenstelling!O126) -> 45 | R52: =IF(samenstelling!$C145=0,"",samenstelling!B145) -> 51 | S52: =IF(samenstelling!$C145=0,"",samenstelling!C145) -> 2.21605 | T52: =IF(samenstelling!$C145=0,"",samenstelling!H145) -> Mexphalte CLT50/70 | W52: =IF(samenstelling!$C145=0,"",samenstelling!K145) -> 1.025 | X52: =IF(samenstelling!$C145=0,"",samenstelling!M145) -> 60 | Y52: =IF(samenstelling!$C145=0,"",samenstelling!Q145) -> 98
C53: =samenstelling!B118 -> 0.5 | D53: mm: | G53: =samenstelling!E118 -> 52.266602 | H53: % | J53: =IF(samenstelling!$C127=0,"",samenstelling!B127) | K53: =IF(samenstelling!$C127=0,"",samenstelling!C127) | L53: =IF(samenstelling!$C127=0,"",samenstelling!J127) | O53: =IF(samenstelling!$C127=0,"",samenstelling!M127) | P53: =IF(samenstelling!$C127=0,"",samenstelling!O127) | R53: =IF(samenstelling!$C146=0,"",samenstelling!B146) | S53: =IF(samenstelling!$C146=0,"",samenstelling!C146) | T53: =IF(samenstelling!$C146=0,"",samenstelling!H146) | W53: =IF(samenstelling!$C146=0,"",samenstelling!K146) | X53: =IF(samenstelling!$C146=0,"",samenstelling!M146) | Y53: =IF(samenstelling!$C146=0,"",samenstelling!Q146)
C54: =samenstelling!B119 -> 0.25 | D54: mm: | G54: =samenstelling!E119 -> 34.748983 | H54: % | K54: =IF(samenstelling!$C128=0,"",samenstelling!C128) -> 0.5366 | L54: =IF(samenstelling!$C128=0,"",samenstelling!G128) -> Teruggewonnen stof | O54: =IF(samenstelling!$C128=0,"",samenstelling!M128) -> 3.0512285 | P54: =IF(OR(samenstelling!$C128="",samenstelling!O128="",samenstelling!O128=0),"",samenstelling!O128) -> 38 | R54: =IF(samenstelling!$C147=0,"",samenstelling!B147) | S54: =IF(samenstelling!$C147=0,"",samenstelling!C147) | T54: =IF(samenstelling!$C147=0,"",samenstelling!H147) | W54: =IF(samenstelling!$C147=0,"",samenstelling!K147) | X54: =IF(samenstelling!$C147=0,"",samenstelling!M147) | Y54: =IF(samenstelling!$C147=0,"",samenstelling!Q147)
A55: Enkel geldig met stempel van COPRO: | C55: =samenstelling!B120 -> 0.125 | D55: mm: | G55: =samenstelling!E120 -> 17.297727 | H55: % | K55: =IF(samenstelling!$C129=0,"",samenstelling!C129) -> 1 | L55: =IF(samenstelling!$C129=0,"",samenstelling!G129) -> Extra teruggew. stof | O55: =IF(samenstelling!$C129=0,"",samenstelling!M129) -> 3.0512285 | P55: =IF(OR(samenstelling!$C129=0,samenstelling!O129="",samenstelling!O129=0),"",samenstelling!O129) | R55: =IF(samenstelling!$C148=0,"",samenstelling!B148) -> 71 | S55: =IF(samenstelling!$C148=0,"",samenstelling!C148) -> 1.5 | T55: =IF(samenstelling!$C148=0,"",samenstelling!E148) -> Asfaltgranulaat | W55: =IF(samenstelling!$C148=0,"",samenstelling!K148) -> 1.03 | X55: =IF(samenstelling!$C148=0,"",samenstelling!M148) -> 25 | Y55: =IF(samenstelling!$C148=0,"",samenstelling!Q148) -> 100
C56: Verhouding | J56: =IF(samenstelling!$C130=0,"",samenstelling!B130) -> 71 | K56: =IF(samenstelling!$C130=0,"",samenstelling!C130) -> 2.9641186 | L56: =IF(samenstelling!$C130=0,"",samenstelling!G130) -> Asfaltgranulaat | O56: =IF(samenstelling!$C130=0,"",samenstelling!M130) -> 2.6416804 | P56: =IF(OR(samenstelling!$C130=0,samenstelling!O130="",samenstelling!O130=0),"",samenstelling!O130) -> 29 | R56: =IF(samenstelling!$C149=0,"",samenstelling!B149) | S56: =IF(samenstelling!$C149=0,"",samenstelling!C149) | T56: =IF(samenstelling!$C149=0,"",samenstelling!E149) | W56: =IF(samenstelling!$C149=0,"",samenstelling!K149) | X56: =IF(samenstelling!$C149=0,"",samenstelling!M149) | Y56: =IF(samenstelling!$C149=0,"",samenstelling!Q149)
F57: rond zand / natuurzand: | G57: =samenstelling!M117 -> 40.37141 | H57: % | J57: =IF(samenstelling!$C131=0,"",samenstelling!B131) | K57: =IF(samenstelling!$C131=0,"",samenstelling!C131) | L57: =IF(samenstelling!$C131=0,"",samenstelling!G131) | O57: =IF(samenstelling!$C131=0,"",samenstelling!M131) | P57: =IF(samenstelling!$C131=0,"",samenstelling!O131) | R57: =IF(samenstelling!$C150=0,"",samenstelling!B150) | S57: =IF(samenstelling!$C150=0,"",samenstelling!C150) | T57: =IF(samenstelling!$C150=0,"",samenstelling!E150) | W57: =IF(samenstelling!$C150=0,"",samenstelling!K150) | X57: =IF(samenstelling!$C150=0,"",samenstelling!M150) | Y57: =IF(samenstelling!$C150=0,"",samenstelling!Q150)
F58: breekzand: | G58: =samenstelling!M118 -> 59.62859 | H58: % | J58: =IF(samenstelling!$C132=0,"",samenstelling!B132) | K58: =IF(samenstelling!$C132=0,"",samenstelling!C132) | L58: =IF(samenstelling!$C132=0,"",samenstelling!G132) | O58: =IF(samenstelling!$C132=0,"",samenstelling!M132) | P58: =IF(samenstelling!$C132=0,"",samenstelling!O132) | S58: =samenstelling!C151 -> 3.71605 | V58: berekend: | W58: =samenstelling!K151 -> 1.0270124 | X58: =samenstelling!M151 -> 42 | Y58: =samenstelling!Q151 -> 98.807309
J59: =IF(samenstelling!$C133=0,"",samenstelling!B133) -> 83 | K59: =IF(samenstelling!$C133=0,"",samenstelling!C133) -> 2.82 | L59: =IF(samenstelling!$C133=0,"",samenstelling!G133) -> Rode kleurstof | O59: =IF(samenstelling!$C133=0,"",samenstelling!M133) -> 5 | P59: =IF(samenstelling!$C133=0,"",samenstelling!O133) -> 40 | R59: Mengregel: | V59: beproefd: | W59: =IF(samenstelling!K152="","",samenstelling!K152) | X59: =IF(samenstelling!M152="","",samenstelling!M152) | Y59: -
C60: VM: | D60: volumemassa in Mg/m³ | J60: =IF(samenstelling!$C134=0,"",samenstelling!B134) | K60: =IF(samenstelling!$C134=0,"",samenstelling!C134) | L60: =IF(samenstelling!$C134=0,"",samenstelling!G134) | O60: =IF(samenstelling!$C134=0,"",samenstelling!M134) | P60: =IF(samenstelling!$C134=0,"",samenstelling!O134) | R60: =IF(samenstelling!$C153=0,"",samenstelling!B153) -> 96 | S60: =IF(samenstelling!$C153=0,"",samenstelling!C153) -> 0.10395 | T60: =IF(samenstelling!$C153=0,"",samenstelling!E153) -> Trinidad | W60: =IF(samenstelling!$C153=0,"",samenstelling!K153) -> 1.07 | X60: =IF(samenstelling!$C153=0,"",samenstelling!M153) -> 7.5 | Y60: =IF(samenstelling!$C153=0,"",samenstelling!Q153) -> 100
